/* 由 tools/make_cal_font.py 生成，勿手改。 */
#include <stddef.h>

#include "cal_font.h"

// ---- b：0123456789 @ 80x120 ----
const uint8_t cal_font_b_digits[10][1200] = {
  {
    0x00,0x00,0x00,0x00,0x00,0x00,0x00,0x00,0x00,0x00,
    0x00,0x00,0x00,0x00,0x00,0x00,0x00,0x00,0x00,0x00,
    0x00,0x00,0x00,0x00,0x00,0x00,0x00,0x00,0x00,0x00,
    0x00,0x00,0x00,0x00,0x00,0x00,0x00,0x00,0x00,0x00,
    0x00,0x00,0x00,0x00,0x00,0x00,0x00,0x00,0x00,0x00,
    0x00,0x00,0x00,0x00,0x00,0x00,0x00,0x00,0x00,0x00,
    0x00,0x00,0x00,0x00,0x00,0x00,0x00,0x00,0x00,0x00,
    0x00,0x00,0x00,0x00,0x00,0x00,0x00,0x00,0x00,0x00,
    0x00,0x00,0x00,0x00,0x00,0x00,0x00,0x00,0x00,0x00,
    0x00,0x00,0x00,0x00,0x00,0x00,0x00,0x00,0x00,0x00,
    0x00,0x00,0x00,0x00,0x3F,0xFE,0x00,0x00,0x00,0x00,
    0x00,0x00,0x00,0x07,0xFF,0xFF,0xE0,0x00,0x00,0x00,
    0x00,0x00,0x00,0x3F,0xFF,0xFF,0xFC,0x00,0x00,0x00,
    0x00,0x00,0x00,0xFF,0xFF,0xFF,0xFF,0x00,0x00,0x00,
    0x00,0x00,0x01,0xFF,0xFF,0xFF,0xFF,0xC0,0x00,0x00,
    0x00,0x00,0x07,0xFF,0xFF,0xFF,0xFF,0xF0,0x00,0x00,
    0x00,0x00,0x0F,0xFF,0xFF,0xFF,0xFF,0xF8,0x00,0x00,
    0x00,0x00,0x3F,0xFF,0xFF,0xFF,0xFF,0xFC,0x00,0x00,
    0x00,0x00,0x7F,0xFF,0xFF,0xFF,0xFF,0xFE,0x00,0x00,
    0x00,0x00,0xFF,0xFF,0xFF,0xFF,0xFF,0xFF,0x00,0x00,
    0x00,0x00,0xFF,0xFF,0xFF,0xFF,0xFF,0xFF,0x80,0x00,
    0x00,0x01,0xFF,0xFF,0xFF,0xFF,0xFF,0xFF,0xC0,0x00,
    0x00,0x03,0xFF,0xFF,0xFF,0xFF,0xFF,0xFF,0xE0,0x00,
    0x00,0x07,0xFF,0xFF,0xFF,0xFF,0xFF,0xFF,0xE0,0x00,
    0x00,0x07,0xFF,0xFF,0xFF,0xFF,0xFF,0xFF,0xF0,0x00,
    0x00,0x0F,0xFF,0xFF,0xFF,0xFF,0xFF,0xFF,0xF8,0x00,
    0x00,0x0F,0xFF,0xFF,0xF8,0x0F,0xFF,0xFF,0xF8,0x00,
    0x00,0x1F,0xFF,0xFF,0xC0,0x03,0xFF,0xFF,0xFC,0x00,
    0x00,0x1F,0xFF,0xFF,0x80,0x00,0xFF,0xFF,0xFC,0x00,
    0x00,0x3F,0xFF,0xFF,0x00,0x00,0x7F,0xFF,0xFE,0x00,
    0x00,0x3F,0xFF,0xFE,0x00,0x00,0x3F,0xFF,0xFE,0x00,
    0x00,0x7F,0xFF,0xFC,0x00,0x00,0x1F,0xFF,0xFF,0x00,
    0x00,0x7F,0xFF,0xF8,0x00,0x00,0x1F,0xFF,0xFF,0x00,
    0x00,0x7F,0xFF,0xF8,0x00,0x00,0x0F,0xFF,0xFF,0x00,
    0x00,0xFF,0xFF,0xF0,0x00,0x00,0x07,0xFF,0xFF,0x80,
    0x00,0xFF,0xFF,0xF0,0x00,0x00,0x07,0xFF,0xFF,0x80,
    0x00,0xFF,0xFF,0xE0,0x00,0x00,0x07,0xFF,0xFF,0x80,
    0x01,0xFF,0xFF,0xE0,0x00,0x00,0x03,0xFF,0xFF,0x80,
    0x01,0xFF,0xFF,0xE0,0x00,0x00,0x03,0xFF,0xFF,0xC0,
    0x01,0xFF,0xFF,0xC0,0x00,0x00,0x03,0xFF,0xFF,0xC0,
    0x01,0xFF,0xFF,0xC0,0x00,0x00,0x03,0xFF,0xFF,0xC0,
    0x03,0xFF,0xFF,0xC0,0x00,0x00,0x01,0xFF,0xFF,0xC0,
    0x03,0xFF,0xFF,0xC0,0x00,0x00,0x01,0xFF,0xFF,0xE0,
    0x03,0xFF,0xFF,0xC0,0x00,0x00,0x01,0xFF,0xFF,0xE0,
    0x03,0xFF,0xFF,0x80,0x00,0x00,0x01,0xFF,0xFF,0xE0,
    0x03,0xFF,0xFF,0x80,0x00,0x00,0x01,0xFF,0xFF,0xE0,
    0x03,0xFF,0xFF,0x80,0x00,0x00,0x00,0xFF,0xFF,0xE0,
    0x07,0xFF,0xFF,0x80,0x00,0x00,0x00,0xFF,0xFF,0xE0,
    0x07,0xFF,0xFF,0x80,0x00,0x00,0x00,0xFF,0xFF,0xE0,
    0x07,0xFF,0xFF,0x80,0x00,0x00,0x00,0xFF,0xFF,0xE0,
    0x07,0xFF,0xFF,0x80,0x00,0x00,0x00,0xFF,0xFF,0xF0,
    0x07,0xFF,0xFF,0x80,0x00,0x00,0x00,0xFF,0xFF,0xF0,
    0x07,0xFF,0xFF,0x80,0x00,0x00,0x00,0xFF,0xFF,0xF0,
    0x07,0xFF,0xFF,0x80,0x00,0x00,0x00,0xFF,0xFF,0xF0,
    0x07,0xFF,0xFF,0x80,0x00,0x00,0x00,0xFF,0xFF,0xF0,
    0x07,0xFF,0xFF,0x80,0x00,0x00,0x00,0xFF,0xFF,0xF0,
    0x07,0xFF,0xFF,0x80,0x00,0x00,0x00,0xFF,0xFF,0xF0,
    0x07,0xFF,0xFF,0x80,0x00,0x00,0x00,0xFF,0xFF,0xF0,
    0x07,0xFF,0xFF,0x80,0x00,0x00,0x00,0xFF,0xFF,0xF0,
    0x07,0xFF,0xFF,0x80,0x00,0x00,0x00,0xFF,0xFF,0xF0,
    0x07,0xFF,0xFF,0x80,0x00,0x00,0x00,0xFF,0xFF,0xF0,
    0x07,0xFF,0xFF,0x80,0x00,0x00,0x00,0xFF,0xFF,0xF0,
    0x07,0xFF,0xFF,0x80,0x00,0x00,0x00,0xFF,0xFF,0xF0,
    0x07,0xFF,0xFF,0x80,0x00,0x00,0x00,0xFF,0xFF,0xF0,
    0x07,0xFF,0xFF,0x80,0x00,0x00,0x00,0xFF,0xFF,0xF0,
    0x07,0xFF,0xFF,0x80,0x00,0x00,0x00,0xFF,0xFF,0xF0,
    0x07,0xFF,0xFF,0x80,0x00,0x00,0x00,0xFF,0xFF,0xF0,
    0x07,0xFF,0xFF,0x80,0x00,0x00,0x00,0xFF,0xFF,0xF0,
    0x07,0xFF,0xFF,0x80,0x00,0x00,0x00,0xFF,0xFF,0xF0,
    0x07,0xFF,0xFF,0x80,0x00,0x00,0x00,0xFF,0xFF,0xF0,
    0x07,0xFF,0xFF,0x80,0x00,0x00,0x00,0xFF,0xFF,0xE0,
    0x07,0xFF,0xFF,0x80,0x00,0x00,0x00,0xFF,0xFF,0xE0,
    0x07,0xFF,0xFF,0x80,0x00,0x00,0x00,0xFF,0xFF,0xE0,
    0x03,0xFF,0xFF,0x80,0x00,0x00,0x00,0xFF,0xFF,0xE0,
    0x03,0xFF,0xFF,0x80,0x00,0x00,0x01,0xFF,0xFF,0xE0,
    0x03,0xFF,0xFF,0x80,0x00,0x00,0x01,0xFF,0xFF,0xE0,
    0x03,0xFF,0xFF,0xC0,0x00,0x00,0x01,0xFF,0xFF,0xE0,
    0x03,0xFF,0xFF,0xC0,0x00,0x00,0x01,0xFF,0xFF,0xE0,
    0x03,0xFF,0xFF,0xC0,0x00,0x00,0x01,0xFF,0xFF,0xC0,
    0x01,0xFF,0xFF,0xC0,0x00,0x00,0x03,0xFF,0xFF,0xC0,
    0x01,0xFF,0xFF,0xC0,0x00,0x00,0x03,0xFF,0xFF,0xC0,
    0x01,0xFF,0xFF,0xE0,0x00,0x00,0x03,0xFF,0xFF,0xC0,
    0x01,0xFF,0xFF,0xE0,0x00,0x00,0x03,0xFF,0xFF,0x80,
    0x00,0xFF,0xFF,0xE0,0x00,0x00,0x07,0xFF,0xFF,0x80,
    0x00,0xFF,0xFF,0xF0,0x00,0x00,0x07,0xFF,0xFF,0x80,
    0x00,0xFF,0xFF,0xF0,0x00,0x00,0x0F,0xFF,0xFF,0x00,
    0x00,0x7F,0xFF,0xF8,0x00,0x00,0x0F,0xFF,0xFF,0x00,
    0x00,0x7F,0xFF,0xF8,0x00,0x00,0x1F,0xFF,0xFF,0x00,
    0x00,0x7F,0xFF,0xFC,0x00,0x00,0x1F,0xFF,0xFE,0x00,
    0x00,0x3F,0xFF,0xFE,0x00,0x00,0x3F,0xFF,0xFE,0x00,
    0x00,0x3F,0xFF,0xFF,0x00,0x00,0x7F,0xFF,0xFE,0x00,
    0x00,0x1F,0xFF,0xFF,0x80,0x00,0xFF,0xFF,0xFC,0x00,
    0x00,0x1F,0xFF,0xFF,0xC0,0x03,0xFF,0xFF,0xFC,0x00,
    0x00,0x0F,0xFF,0xFF,0xF8,0x0F,0xFF,0xFF,0xF8,0x00,
    0x00,0x0F,0xFF,0xFF,0xFF,0xFF,0xFF,0xFF,0xF8,0x00,
    0x00,0x07,0xFF,0xFF,0xFF,0xFF,0xFF,0xFF,0xF0,0x00,
    0x00,0x07,0xFF,0xFF,0xFF,0xFF,0xFF,0xFF,0xE0,0x00,
    0x00,0x03,0xFF,0xFF,0xFF,0xFF,0xFF,0xFF,0xE0,0x00,
    0x00,0x01,0xFF,0xFF,0xFF,0xFF,0xFF,0xFF,0xC0,0x00,
    0x00,0x00,0xFF,0xFF,0xFF,0xFF,0xFF,0xFF,0x80,0x00,
    0x00,0x00,0xFF,0xFF,0xFF,0xFF,0xFF,0xFF,0x00,0x00,
    0x00,0x00,0x7F,0xFF,0xFF,0xFF,0xFF,0xFE,0x00,0x00,
    0x00,0x00,0x3F,0xFF,0xFF,0xFF,0xFF,0xFC,0x00,0x00,
    0x00,0x00,0x0F,0xFF,0xFF,0xFF,0xFF,0xF8,0x00,0x00,
    0x00,0x00,0x07,0xFF,0xFF,0xFF,0xFF,0xF0,0x00,0x00,
    0x00,0x00,0x03,0xFF,0xFF,0xFF,0xFF,0xC0,0x00,0x00,
    0x00,0x00,0x00,0xFF,0xFF,0xFF,0xFF,0x00,0x00,0x00,
    0x00,0x00,0x00,0x3F,0xFF,0xFF,0xFC,0x00,0x00,0x00,
    0x00,0x00,0x00,0x07,0xFF,0xFF,0xE0,0x00,0x00,0x00,
    0x00,0x00,0x00,0x00,0x3F,0xFE,0x00,0x00,0x00,0x00,
    0x00,0x00,0x00,0x00,0x00,0x00,0x00,0x00,0x00,0x00,
    0x00,0x00,0x00,0x00,0x00,0x00,0x00,0x00,0x00,0x00,
    0x00,0x00,0x00,0x00,0x00,0x00,0x00,0x00,0x00,0x00,
    0x00,0x00,0x00,0x00,0x00,0x00,0x00,0x00,0x00,0x00,
    0x00,0x00,0x00,0x00,0x00,0x00,0x00,0x00,0x00,0x00,
    0x00,0x00,0x00,0x00,0x00,0x00,0x00,0x00,0x00,0x00,
    0x00,0x00,0x00,0x00,0x00,0x00,0x00,0x00,0x00,0x00,
    0x00,0x00,0x00,0x00,0x00,0x00,0x00,0x00,0x00,0x00,
    0x00,0x00,0x00,0x00,0x00,0x00,0x00,0x00,0x00,0x00,
    0x00,0x00,0x00,0x00,0x00,0x00,0x00,0x00,0x00,0x00,
  },
{
    0x00,0x00,0x00,0x00,0x00,0x00,0x00,0x00,0x00,0x00,
    0x00,0x00,0x00,0x00,0x00,0x00,0x00,0x00,0x00,0x00,
    0x00,0x00,0x00,0x00,0x00,0x00,0x00,0x00,0x00,0x00,
    0x00,0x00,0x00,0x00,0x00,0x00,0x00,0x00,0x00,0x00,
    0x00,0x00,0x00,0x00,0x00,0x00,0x00,0x00,0x00,0x00,
    0x00,0x00,0x00,0x00,0x00,0x00,0x00,0x00,0x00,0x00,
    0x00,0x00,0x00,0x00,0x00,0x00,0x00,0x00,0x00,0x00,
    0x00,0x00,0x00,0x00,0x00,0x00,0x00,0x00,0x00,0x00,
    0x00,0x00,0x00,0x00,0x00,0x00,0x00,0x00,0x00,0x00,
    0x00,0x00,0x00,0x00,0x00,0x00,0x00,0x00,0x00,0x00,
    0x00,0x00,0x00,0x00,0x00,0x03,0xFF,0xFC,0x00,0x00,
    0x00,0x00,0x00,0x00,0x00,0x03,0xFF,0xFC,0x00,0x00,
    0x00,0x00,0x00,0x00,0x00,0x07,0xFF,0xFC,0x00,0x00,
    0x00,0x00,0x00,0x00,0x00,0x07,0xFF,0xFC,0x00,0x00,
    0x00,0x00,0x00,0x00,0x00,0x07,0xFF,0xFC,0x00,0x00,
    0x00,0x00,0x00,0x00,0x00,0x0F,0xFF,0xFC,0x00,0x00,
    0x00,0x00,0x00,0x00,0x00,0x0F,0xFF,0xFC,0x00,0x00,
    0x00,0x00,0x00,0x00,0x00,0x0F,0xFF,0xFC,0x00,0x00,
    0x00,0x00,0x00,0x00,0x00,0x1F,0xFF,0xFC,0x00,0x00,
    0x00,0x00,0x00,0x00,0x00,0x3F,0xFF,0xFC,0x00,0x00,
    0x00,0x00,0x00,0x00,0x00,0x3F,0xFF,0xFC,0x00,0x00,
    0x00,0x00,0x00,0x00,0x00,0x7F,0xFF,0xFC,0x00,0x00,
    0x00,0x00,0x00,0x00,0x00,0xFF,0xFF,0xFC,0x00,0x00,
    0x00,0x00,0x00,0x00,0x01,0xFF,0xFF,0xFC,0x00,0x00,
    0x00,0x00,0x00,0x00,0x03,0xFF,0xFF,0xFC,0x00,0x00,
    0x00,0x00,0x00,0x00,0x0F,0xFF,0xFF,0xFC,0x00,0x00,
    0x00,0x00,0x00,0x00,0x3F,0xFF,0xFF,0xFC,0x00,0x00,
    0x00,0x00,0x00,0x00,0xFF,0xFF,0xFF,0xFC,0x00,0x00,
    0x00,0x00,0x00,0x07,0xFF,0xFF,0xFF,0xFC,0x00,0x00,
    0x00,0x00,0x00,0x7F,0xFF,0xFF,0xFF,0xFC,0x00,0x00,
    0x00,0x00,0x7F,0xFF,0xFF,0xFF,0xFF,0xFC,0x00,0x00,
    0x00,0x00,0x7F,0xFF,0xFF,0xFF,0xFF,0xFC,0x00,0x00,
    0x00,0x00,0x7F,0xFF,0xFF,0xFF,0xFF,0xFC,0x00,0x00,
    0x00,0x00,0x7F,0xFF,0xFF,0xFF,0xFF,0xFC,0x00,0x00,
    0x00,0x00,0x7F,0xFF,0xFF,0xFF,0xFF,0xFC,0x00,0x00,
    0x00,0x00,0x7F,0xFF,0xFF,0xFF,0xFF,0xFC,0x00,0x00,
    0x00,0x00,0x7F,0xFF,0xFF,0xFF,0xFF,0xFC,0x00,0x00,
    0x00,0x00,0x7F,0xFF,0xFF,0xFF,0xFF,0xFC,0x00,0x00,
    0x00,0x00,0x7F,0xFF,0xFF,0xFF,0xFF,0xFC,0x00,0x00,
    0x00,0x00,0x7F,0xFF,0xFF,0xFF,0xFF,0xFC,0x00,0x00,
    0x00,0x00,0x7F,0xFF,0xFF,0xFF,0xFF,0xFC,0x00,0x00,
    0x00,0x00,0x7F,0xFF,0xFF,0xFF,0xFF,0xFC,0x00,0x00,
    0x00,0x00,0x7F,0xFF,0xFF,0xFF,0xFF,0xFC,0x00,0x00,
    0x00,0x00,0x7F,0xFF,0xFF,0xFF,0xFF,0xFC,0x00,0x00,
    0x00,0x00,0x7F,0xFF,0xFF,0xFF,0xFF,0xFC,0x00,0x00,
    0x00,0x00,0x00,0x00,0x00,0x3F,0xFF,0xFC,0x00,0x00,
    0x00,0x00,0x00,0x00,0x00,0x3F,0xFF,0xFC,0x00,0x00,
    0x00,0x00,0x00,0x00,0x00,0x3F,0xFF,0xFC,0x00,0x00,
    0x00,0x00,0x00,0x00,0x00,0x3F,0xFF,0xFC,0x00,0x00,
    0x00,0x00,0x00,0x00,0x00,0x3F,0xFF,0xFC,0x00,0x00,
    0x00,0x00,0x00,0x00,0x00,0x3F,0xFF,0xFC,0x00,0x00,
    0x00,0x00,0x00,0x00,0x00,0x3F,0xFF,0xFC,0x00,0x00,
    0x00,0x00,0x00,0x00,0x00,0x3F,0xFF,0xFC,0x00,0x00,
    0x00,0x00,0x00,0x00,0x00,0x3F,0xFF,0xFC,0x00,0x00,
    0x00,0x00,0x00,0x00,0x00,0x3F,0xFF,0xFC,0x00,0x00,
    0x00,0x00,0x00,0x00,0x00,0x3F,0xFF,0xFC,0x00,0x00,
    0x00,0x00,0x00,0x00,0x00,0x3F,0xFF,0xFC,0x00,0x00,
    0x00,0x00,0x00,0x00,0x00,0x3F,0xFF,0xFC,0x00,0x00,
    0x00,0x00,0x00,0x00,0x00,0x3F,0xFF,0xFC,0x00,0x00,
    0x00,0x00,0x00,0x00,0x00,0x3F,0xFF,0xFC,0x00,0x00,
    0x00,0x00,0x00,0x00,0x00,0x3F,0xFF,0xFC,0x00,0x00,
    0x00,0x00,0x00,0x00,0x00,0x3F,0xFF,0xFC,0x00,0x00,
    0x00,0x00,0x00,0x00,0x00,0x3F,0xFF,0xFC,0x00,0x00,
    0x00,0x00,0x00,0x00,0x00,0x3F,0xFF,0xFC,0x00,0x00,
    0x00,0x00,0x00,0x00,0x00,0x3F,0xFF,0xFC,0x00,0x00,
    0x00,0x00,0x00,0x00,0x00,0x3F,0xFF,0xFC,0x00,0x00,
    0x00,0x00,0x00,0x00,0x00,0x3F,0xFF,0xFC,0x00,0x00,
    0x00,0x00,0x00,0x00,0x00,0x3F,0xFF,0xFC,0x00,0x00,
    0x00,0x00,0x00,0x00,0x00,0x3F,0xFF,0xFC,0x00,0x00,
    0x00,0x00,0x00,0x00,0x00,0x3F,0xFF,0xFC,0x00,0x00,
    0x00,0x00,0x00,0x00,0x00,0x3F,0xFF,0xFC,0x00,0x00,
    0x00,0x00,0x00,0x00,0x00,0x3F,0xFF,0xFC,0x00,0x00,
    0x00,0x00,0x00,0x00,0x00,0x3F,0xFF,0xFC,0x00,0x00,
    0x00,0x00,0x00,0x00,0x00,0x3F,0xFF,0xFC,0x00,0x00,
    0x00,0x00,0x00,0x00,0x00,0x3F,0xFF,0xFC,0x00,0x00,
    0x00,0x00,0x00,0x00,0x00,0x3F,0xFF,0xFC,0x00,0x00,
    0x00,0x00,0x00,0x00,0x00,0x3F,0xFF,0xFC,0x00,0x00,
    0x00,0x00,0x00,0x00,0x00,0x3F,0xFF,0xFC,0x00,0x00,
    0x00,0x00,0x00,0x00,0x00,0x3F,0xFF,0xFC,0x00,0x00,
    0x00,0x00,0x00,0x00,0x00,0x3F,0xFF,0xFC,0x00,0x00,
    0x00,0x00,0x00,0x00,0x00,0x3F,0xFF,0xFC,0x00,0x00,
    0x00,0x00,0x00,0x00,0x00,0x3F,0xFF,0xFC,0x00,0x00,
    0x00,0x00,0x00,0x00,0x00,0x3F,0xFF,0xFC,0x00,0x00,
    0x00,0x00,0x00,0x00,0x00,0x3F,0xFF,0xFC,0x00,0x00,
    0x00,0x00,0x00,0x00,0x00,0x3F,0xFF,0xFC,0x00,0x00,
    0x00,0x00,0x00,0x00,0x00,0x3F,0xFF,0xFC,0x00,0x00,
    0x00,0x00,0x00,0x00,0x00,0x3F,0xFF,0xFC,0x00,0x00,
    0x00,0x00,0x00,0x00,0x00,0x3F,0xFF,0xFC,0x00,0x00,
    0x00,0x00,0x00,0x00,0x00,0x3F,0xFF,0xFC,0x00,0x00,
    0x00,0x00,0x00,0x00,0x00,0x3F,0xFF,0xFC,0x00,0x00,
    0x00,0x00,0x00,0x00,0x00,0x3F,0xFF,0xFC,0x00,0x00,
    0x00,0x00,0x00,0x00,0x00,0x3F,0xFF,0xFC,0x00,0x00,
    0x00,0x00,0x00,0x00,0x00,0x3F,0xFF,0xFC,0x00,0x00,
    0x00,0x00,0x00,0x00,0x00,0x3F,0xFF,0xFC,0x00,0x00,
    0x00,0x00,0x00,0x00,0x00,0x3F,0xFF,0xFC,0x00,0x00,
    0x00,0x00,0x00,0x00,0x00,0x3F,0xFF,0xFC,0x00,0x00,
    0x00,0x00,0x00,0x00,0x00,0x3F,0xFF,0xFC,0x00,0x00,
    0x00,0x00,0x00,0x00,0x00,0x3F,0xFF,0xFC,0x00,0x00,
    0x00,0x00,0x00,0x00,0x00,0x3F,0xFF,0xFC,0x00,0x00,
    0x00,0x00,0x00,0x00,0x00,0x3F,0xFF,0xFC,0x00,0x00,
    0x00,0x00,0x00,0x00,0x00,0x3F,0xFF,0xFC,0x00,0x00,
    0x00,0x00,0x00,0x00,0x00,0x3F,0xFF,0xFC,0x00,0x00,
    0x00,0x00,0x00,0x00,0x00,0x3F,0xFF,0xFC,0x00,0x00,
    0x00,0x00,0x00,0x00,0x00,0x3F,0xFF,0xFC,0x00,0x00,
    0x00,0x00,0x00,0x00,0x00,0x3F,0xFF,0xFC,0x00,0x00,
    0x00,0x00,0x00,0x00,0x00,0x3F,0xFF,0xFC,0x00,0x00,
    0x00,0x00,0x00,0x00,0x00,0x3F,0xFF,0xFC,0x00,0x00,
    0x00,0x00,0x00,0x00,0x00,0x3F,0xFF,0xFC,0x00,0x00,
    0x00,0x00,0x00,0x00,0x00,0x3F,0xFF,0xFC,0x00,0x00,
    0x00,0x00,0x00,0x00,0x00,0x3F,0xFF,0xFC,0x00,0x00,
    0x00,0x00,0x00,0x00,0x00,0x00,0x00,0x00,0x00,0x00,
    0x00,0x00,0x00,0x00,0x00,0x00,0x00,0x00,0x00,0x00,
    0x00,0x00,0x00,0x00,0x00,0x00,0x00,0x00,0x00,0x00,
    0x00,0x00,0x00,0x00,0x00,0x00,0x00,0x00,0x00,0x00,
    0x00,0x00,0x00,0x00,0x00,0x00,0x00,0x00,0x00,0x00,
    0x00,0x00,0x00,0x00,0x00,0x00,0x00,0x00,0x00,0x00,
    0x00,0x00,0x00,0x00,0x00,0x00,0x00,0x00,0x00,0x00,
    0x00,0x00,0x00,0x00,0x00,0x00,0x00,0x00,0x00,0x00,
    0x00,0x00,0x00,0x00,0x00,0x00,0x00,0x00,0x00,0x00,
    0x00,0x00,0x00,0x00,0x00,0x00,0x00,0x00,0x00,0x00,
  },
{
    0x00,0x00,0x00,0x00,0x00,0x00,0x00,0x00,0x00,0x00,
    0x00,0x00,0x00,0x00,0x00,0x00,0x00,0x00,0x00,0x00,
    0x00,0x00,0x00,0x00,0x00,0x00,0x00,0x00,0x00,0x00,
    0x00,0x00,0x00,0x00,0x00,0x00,0x00,0x00,0x00,0x00,
    0x00,0x00,0x00,0x00,0x00,0x00,0x00,0x00,0x00,0x00,
    0x00,0x00,0x00,0x00,0x00,0x00,0x00,0x00,0x00,0x00,
    0x00,0x00,0x00,0x00,0x00,0x00,0x00,0x00,0x00,0x00,
    0x00,0x00,0x00,0x00,0x00,0x00,0x00,0x00,0x00,0x00,
    0x00,0x00,0x00,0x00,0x00,0x00,0x00,0x00,0x00,0x00,
    0x00,0x00,0x00,0x00,0x00,0x00,0x00,0x00,0x00,0x00,
    0x00,0x00,0x00,0x00,0x1F,0xFF,0x00,0x00,0x00,0x00,
    0x00,0x00,0x00,0x03,0xFF,0xFF,0xF8,0x00,0x00,0x00,
    0x00,0x00,0x00,0x1F,0xFF,0xFF,0xFF,0x00,0x00,0x00,
    0x00,0x00,0x00,0x7F,0xFF,0xFF,0xFF,0xC0,0x00,0x00,
    0x00,0x00,0x01,0xFF,0xFF,0xFF,0xFF,0xF0,0x00,0x00,
    0x00,0x00,0x07,0xFF,0xFF,0xFF,0xFF,0xFC,0x00,0x00,
    0x00,0x00,0x0F,0xFF,0xFF,0xFF,0xFF,0xFE,0x00,0x00,
    0x00,0x00,0x1F,0xFF,0xFF,0xFF,0xFF,0xFF,0x80,0x00,
    0x00,0x00,0x3F,0xFF,0xFF,0xFF,0xFF,0xFF,0xC0,0x00,
    0x00,0x00,0x7F,0xFF,0xFF,0xFF,0xFF,0xFF,0xE0,0x00,
    0x00,0x00,0xFF,0xFF,0xFF,0xFF,0xFF,0xFF,0xF0,0x00,
    0x00,0x01,0xFF,0xFF,0xFF,0xFF,0xFF,0xFF,0xF8,0x00,
    0x00,0x03,0xFF,0xFF,0xFF,0xFF,0xFF,0xFF,0xF8,0x00,
    0x00,0x07,0xFF,0xFF,0xFF,0xFF,0xFF,0xFF,0xFC,0x00,
    0x00,0x0F,0xFF,0xFF,0xFF,0xFF,0xFF,0xFF,0xFE,0x00,
    0x00,0x0F,0xFF,0xFF,0xFF,0xFF,0xFF,0xFF,0xFE,0x00,
    0x00,0x1F,0xFF,0xFF,0xFF,0xFF,0xFF,0xFF,0xFF,0x00,
    0x00,0x1F,0xFF,0xFF,0xF8,0x0F,0xFF,0xFF,0xFF,0x80,
    0x00,0x3F,0xFF,0xFF,0xC0,0x01,0xFF,0xFF,0xFF,0x80,
    0x00,0x3F,0xFF,0xFF,0x80,0x00,0x7F,0xFF,0xFF,0x80,
    0x00,0x7F,0xFF,0xFF,0x00,0x00,0x1F,0xFF,0xFF,0xC0,
    0x00,0x7F,0xFF,0xFE,0x00,0x00,0x0F,0xFF,0xFF,0xC0,
    0x00,0x7F,0xFF,0xFC,0x00,0x00,0x07,0xFF,0xFF,0xC0,
    0x00,0xFF,0xFF,0xF8,0x00,0x00,0x07,0xFF,0xFF,0xE0,
    0x00,0xFF,0xFF,0xF8,0x00,0x00,0x03,0xFF,0xFF,0xE0,
    0x00,0xFF,0xFF,0xF0,0x00,0x00,0x03,0xFF,0xFF,0xE0,
    0x01,0xFF,0xFF,0xF0,0x00,0x00,0x01,0xFF,0xFF,0xE0,
    0x01,0xFF,0xFF,0xE0,0x00,0x00,0x01,0xFF,0xFF,0xE0,
    0x01,0xFF,0xFF,0xE0,0x00,0x00,0x01,0xFF,0xFF,0xE0,
    0x01,0xFF,0xFF,0xE0,0x00,0x00,0x01,0xFF,0xFF,0xE0,
    0x01,0xFF,0xFF,0xC0,0x00,0x00,0x01,0xFF,0xFF,0xE0,
    0x03,0xFF,0xFF,0xC0,0x00,0x00,0x01,0xFF,0xFF,0xE0,
    0x03,0xFF,0xFF,0xC0,0x00,0x00,0x01,0xFF,0xFF,0xE0,
    0x03,0xFF,0xFF,0xC0,0x00,0x00,0x01,0xFF,0xFF,0xE0,
    0x03,0xFF,0xFF,0xC0,0x00,0x00,0x01,0xFF,0xFF,0xE0,
    0x03,0xFF,0xFF,0xC0,0x00,0x00,0x01,0xFF,0xFF,0xE0,
    0x03,0xFF,0xFF,0x80,0x00,0x00,0x01,0xFF,0xFF,0xE0,
    0x03,0xFF,0xFF,0x80,0x00,0x00,0x01,0xFF,0xFF,0xE0,
    0x03,0xFF,0xFF,0x80,0x00,0x00,0x03,0xFF,0xFF,0xE0,
    0x03,0xFF,0xFF,0x80,0x00,0x00,0x03,0xFF,0xFF,0xC0,
    0x00,0x00,0x00,0x00,0x00,0x00,0x07,0xFF,0xFF,0xC0,
    0x00,0x00,0x00,0x00,0x00,0x00,0x0F,0xFF,0xFF,0xC0,
    0x00,0x00,0x00,0x00,0x00,0x00,0x0F,0xFF,0xFF,0x80,
    0x00,0x00,0x00,0x00,0x00,0x00,0x1F,0xFF,0xFF,0x80,
    0x00,0x00,0x00,0x00,0x00,0x00,0x3F,0xFF,0xFF,0x80,
    0x00,0x00,0x00,0x00,0x00,0x00,0x7F,0xFF,0xFF,0x00,
    0x00,0x00,0x00,0x00,0x00,0x00,0xFF,0xFF,0xFE,0x00,
    0x00,0x00,0x00,0x00,0x00,0x01,0xFF,0xFF,0xFE,0x00,
    0x00,0x00,0x00,0x00,0x00,0x03,0xFF,0xFF,0xFC,0x00,
    0x00,0x00,0x00,0x00,0x00,0x07,0xFF,0xFF,0xFC,0x00,
    0x00,0x00,0x00,0x00,0x00,0x1F,0xFF,0xFF,0xF8,0x00,
    0x00,0x00,0x00,0x00,0x00,0x3F,0xFF,0xFF,0xF0,0x00,
    0x00,0x00,0x00,0x00,0x00,0xFF,0xFF,0xFF,0xE0,0x00,
    0x00,0x00,0x00,0x00,0x01,0xFF,0xFF,0xFF,0xC0,0x00,
    0x00,0x00,0x00,0x00,0x07,0xFF,0xFF,0xFF,0x80,0x00,
    0x00,0x00,0x00,0x00,0x0F,0xFF,0xFF,0xFF,0x00,0x00,
    0x00,0x00,0x00,0x00,0x3F,0xFF,0xFF,0xFE,0x00,0x00,
    0x00,0x00,0x00,0x00,0x7F,0xFF,0xFF,0xFC,0x00,0x00,
    0x00,0x00,0x00,0x01,0xFF,0xFF,0xFF,0xF8,0x00,0x00,
    0x00,0x00,0x00,0x03,0xFF,0xFF,0xFF,0xE0,0x00,0x00,
    0x00,0x00,0x00,0x07,0xFF,0xFF,0xFF,0xC0,0x00,0x00,
    0x00,0x00,0x00,0x1F,0xFF,0xFF,0xFF,0x00,0x00,0x00,
    0x00,0x00,0x00,0x3F,0xFF,0xFF,0xFE,0x00,0x00,0x00,
    0x00,0x00,0x00,0xFF,0xFF,0xFF,0xF8,0x00,0x00,0x00,
    0x00,0x00,0x01,0xFF,0xFF,0xFF,0xF0,0x00,0x00,0x00,
    0x00,0x00,0x03,0xFF,0xFF,0xFF,0xC0,0x00,0x00,0x00,
    0x00,0x00,0x0F,0xFF,0xFF,0xFF,0x80,0x00,0x00,0x00,
    0x00,0x00,0x1F,0xFF,0xFF,0xFE,0x00,0x00,0x00,0x00,
    0x00,0x00,0x3F,0xFF,0xFF,0xFC,0x00,0x00,0x00,0x00,
    0x00,0x00,0x7F,0xFF,0xFF,0xF0,0x00,0x00,0x00,0x00,
    0x00,0x00,0xFF,0xFF,0xFF,0xE0,0x00,0x00,0x00,0x00,
    0x00,0x01,0xFF,0xFF,0xFF,0xC0,0x00,0x00,0x00,0x00,
    0x00,0x03,0xFF,0xFF,0xFF,0x00,0x00,0x00,0x00,0x00,
    0x00,0x07,0xFF,0xFF,0xFE,0x00,0x00,0x00,0x00,0x00,
    0x00,0x0F,0xFF,0xFF,0xFC,0x00,0x00,0x00,0x00,0x00,
    0x00,0x0F,0xFF,0xFF,0xF0,0x00,0x00,0x00,0x00,0x00,
    0x00,0x1F,0xFF,0xFF,0xE0,0x00,0x00,0x00,0x00,0x00,
    0x00,0x3F,0xFF,0xFF,0xC0,0x00,0x00,0x00,0x00,0x00,
    0x00,0x3F,0xFF,0xFF,0x80,0x00,0x00,0x00,0x00,0x00,
    0x00,0x7F,0xFF,0xFF,0x00,0x00,0x00,0x00,0x00,0x00,
    0x00,0xFF,0xFF,0xFF,0x00,0x00,0x00,0x00,0x00,0x00,
    0x00,0xFF,0xFF,0xFE,0x00,0x00,0x00,0x00,0x00,0x00,
    0x01,0xFF,0xFF,0xFC,0x00,0x00,0x00,0x00,0x00,0x00,
    0x01,0xFF,0xFF,0xFF,0xFF,0xFF,0xFF,0xFF,0xFF,0xF0,
    0x01,0xFF,0xFF,0xFF,0xFF,0xFF,0xFF,0xFF,0xFF,0xF0,
    0x03,0xFF,0xFF,0xFF,0xFF,0xFF,0xFF,0xFF,0xFF,0xF0,
    0x03,0xFF,0xFF,0xFF,0xFF,0xFF,0xFF,0xFF,0xFF,0xF0,
    0x03,0xFF,0xFF,0xFF,0xFF,0xFF,0xFF,0xFF,0xFF,0xF0,
    0x07,0xFF,0xFF,0xFF,0xFF,0xFF,0xFF,0xFF,0xFF,0xF0,
    0x07,0xFF,0xFF,0xFF,0xFF,0xFF,0xFF,0xFF,0xFF,0xF0,
    0x07,0xFF,0xFF,0xFF,0xFF,0xFF,0xFF,0xFF,0xFF,0xF0,
    0x07,0xFF,0xFF,0xFF,0xFF,0xFF,0xFF,0xFF,0xFF,0xF0,
    0x0F,0xFF,0xFF,0xFF,0xFF,0xFF,0xFF,0xFF,0xFF,0xF0,
    0x0F,0xFF,0xFF,0xFF,0xFF,0xFF,0xFF,0xFF,0xFF,0xF0,
    0x0F,0xFF,0xFF,0xFF,0xFF,0xFF,0xFF,0xFF,0xFF,0xF0,
    0x0F,0xFF,0xFF,0xFF,0xFF,0xFF,0xFF,0xFF,0xFF,0xF0,
    0x0F,0xFF,0xFF,0xFF,0xFF,0xFF,0xFF,0xFF,0xFF,0xF0,
    0x0F,0xFF,0xFF,0xFF,0xFF,0xFF,0xFF,0xFF,0xFF,0xF0,
    0x0F,0xFF,0xFF,0xFF,0xFF,0xFF,0xFF,0xFF,0xFF,0xF0,
    0x0F,0xFF,0xFF,0xFF,0xFF,0xFF,0xFF,0xFF,0xFF,0xF0,
    0x00,0x00,0x00,0x00,0x00,0x00,0x00,0x00,0x00,0x00,
    0x00,0x00,0x00,0x00,0x00,0x00,0x00,0x00,0x00,0x00,
    0x00,0x00,0x00,0x00,0x00,0x00,0x00,0x00,0x00,0x00,
    0x00,0x00,0x00,0x00,0x00,0x00,0x00,0x00,0x00,0x00,
    0x00,0x00,0x00,0x00,0x00,0x00,0x00,0x00,0x00,0x00,
    0x00,0x00,0x00,0x00,0x00,0x00,0x00,0x00,0x00,0x00,
    0x00,0x00,0x00,0x00,0x00,0x00,0x00,0x00,0x00,0x00,
    0x00,0x00,0x00,0x00,0x00,0x00,0x00,0x00,0x00,0x00,
    0x00,0x00,0x00,0x00,0x00,0x00,0x00,0x00,0x00,0x00,
    0x00,0x00,0x00,0x00,0x00,0x00,0x00,0x00,0x00,0x00,
  },
{
    0x00,0x00,0x00,0x00,0x00,0x00,0x00,0x00,0x00,0x00,
    0x00,0x00,0x00,0x00,0x00,0x00,0x00,0x00,0x00,0x00,
    0x00,0x00,0x00,0x00,0x00,0x00,0x00,0x00,0x00,0x00,
    0x00,0x00,0x00,0x00,0x00,0x00,0x00,0x00,0x00,0x00,
    0x00,0x00,0x00,0x00,0x00,0x00,0x00,0x00,0x00,0x00,
    0x00,0x00,0x00,0x00,0x00,0x00,0x00,0x00,0x00,0x00,
    0x00,0x00,0x00,0x00,0x00,0x00,0x00,0x00,0x00,0x00,
    0x00,0x00,0x00,0x00,0x00,0x00,0x00,0x00,0x00,0x00,
    0x00,0x00,0x00,0x00,0x00,0x00,0x00,0x00,0x00,0x00,
    0x00,0x00,0x00,0x00,0x00,0x00,0x00,0x00,0x00,0x00,
    0x00,0x00,0x00,0x00,0xFF,0xFC,0x00,0x00,0x00,0x00,
    0x00,0x00,0x00,0x0F,0xFF,0xFF,0xC0,0x00,0x00,0x00,
    0x00,0x00,0x00,0x7F,0xFF,0xFF,0xF8,0x00,0x00,0x00,
    0x00,0x00,0x01,0xFF,0xFF,0xFF,0xFF,0x00,0x00,0x00,
    0x00,0x00,0x07,0xFF,0xFF,0xFF,0xFF,0xC0,0x00,0x00,
    0x00,0x00,0x0F,0xFF,0xFF,0xFF,0xFF,0xE0,0x00,0x00,
    0x00,0x00,0x3F,0xFF,0xFF,0xFF,0xFF,0xF8,0x00,0x00,
    0x00,0x00,0x7F,0xFF,0xFF,0xFF,0xFF,0xFC,0x00,0x00,
    0x00,0x00,0xFF,0xFF,0xFF,0xFF,0xFF,0xFE,0x00,0x00,
    0x00,0x01,0xFF,0xFF,0xFF,0xFF,0xFF,0xFF,0x00,0x00,
    0x00,0x03,0xFF,0xFF,0xFF,0xFF,0xFF,0xFF,0x80,0x00,
    0x00,0x07,0xFF,0xFF,0xFF,0xFF,0xFF,0xFF,0xC0,0x00,
    0x00,0x0F,0xFF,0xFF,0xFF,0xFF,0xFF,0xFF,0xE0,0x00,
    0x00,0x0F,0xFF,0xFF,0xFF,0xFF,0xFF,0xFF,0xF0,0x00,
    0x00,0x1F,0xFF,0xFF,0xFF,0xFF,0xFF,0xFF,0xF0,0x00,
    0x00,0x3F,0xFF,0xFF,0xFF,0xFF,0xFF,0xFF,0xF8,0x00,
    0x00,0x3F,0xFF,0xFF,0xE0,0x1F,0xFF,0xFF,0xFC,0x00,
    0x00,0x7F,0xFF,0xFF,0x00,0x03,0xFF,0xFF,0xFC,0x00,
    0x00,0x7F,0xFF,0xFE,0x00,0x00,0xFF,0xFF,0xFC,0x00,
    0x00,0x7F,0xFF,0xF8,0x00,0x00,0x7F,0xFF,0xFE,0x00,
    0x00,0xFF,0xFF,0xF8,0x00,0x00,0x3F,0xFF,0xFE,0x00,
    0x00,0xFF,0xFF,0xF0,0x00,0x00,0x1F,0xFF,0xFE,0x00,
    0x01,0xFF,0xFF,0xE0,0x00,0x00,0x0F,0xFF,0xFE,0x00,
    0x01,0xFF,0xFF,0xE0,0x00,0x00,0x0F,0xFF,0xFF,0x00,
    0x01,0xFF,0xFF,0xC0,0x00,0x00,0x0F,0xFF,0xFF,0x00,
    0x01,0xFF,0xFF,0xC0,0x00,0x00,0x07,0xFF,0xFF,0x00,
    0x01,0xFF,0xFF,0x80,0x00,0x00,0x07,0xFF,0xFF,0x00,
    0x03,0xFF,0xFF,0x80,0x00,0x00,0x07,0xFF,0xFF,0x00,
    0x03,0xFF,0xFF,0x80,0x00,0x00,0x07,0xFF,0xFF,0x00,
    0x03,0xFF,0xFF,0x80,0x00,0x00,0x07,0xFF,0xFF,0x00,
    0x03,0xFF,0xFF,0x80,0x00,0x00,0x07,0xFF,0xFE,0x00,
    0x03,0xFF,0xFF,0x80,0x00,0x00,0x07,0xFF,0xFE,0x00,
    0x03,0xFF,0xFF,0x80,0x00,0x00,0x0F,0xFF,0xFE,0x00,
    0x00,0x00,0x00,0x00,0x00,0x00,0x0F,0xFF,0xFE,0x00,
    0x00,0x00,0x00,0x00,0x00,0x00,0x1F,0xFF,0xFC,0x00,
    0x00,0x00,0x00,0x00,0x00,0x00,0x3F,0xFF,0xFC,0x00,
    0x00,0x00,0x00,0x00,0x00,0x00,0x7F,0xFF,0xF8,0x00,
    0x00,0x00,0x00,0x00,0x00,0x00,0xFF,0xFF,0xF8,0x00,
    0x00,0x00,0x00,0x00,0x00,0x03,0xFF,0xFF,0xF0,0x00,
    0x00,0x00,0x00,0x00,0x00,0x3F,0xFF,0xFF,0xE0,0x00,
    0x00,0x00,0x00,0x00,0xFF,0xFF,0xFF,0xFF,0xE0,0x00,
    0x00,0x00,0x00,0x00,0xFF,0xFF,0xFF,0xFF,0xC0,0x00,
    0x00,0x00,0x00,0x00,0xFF,0xFF,0xFF,0xFF,0x80,0x00,
    0x00,0x00,0x00,0x00,0xFF,0xFF,0xFF,0xFE,0x00,0x00,
    0x00,0x00,0x00,0x00,0xFF,0xFF,0xFF,0xF8,0x00,0x00,
    0x00,0x00,0x00,0x00,0xFF,0xFF,0xFF,0xE0,0x00,0x00,
    0x00,0x00,0x00,0x00,0xFF,0xFF,0xFF,0xF8,0x00,0x00,
    0x00,0x00,0x00,0x00,0xFF,0xFF,0xFF,0xFE,0x00,0x00,
    0x00,0x00,0x00,0x00,0xFF,0xFF,0xFF,0xFF,0x80,0x00,
    0x00,0x00,0x00,0x00,0xFF,0xFF,0xFF,0xFF,0xC0,0x00,
    0x00,0x00,0x00,0x00,0xFF,0xFF,0xFF,0xFF,0xF0,0x00,
    0x00,0x00,0x00,0x00,0xFF,0xFF,0xFF,0xFF,0xF8,0x00,
    0x00,0x00,0x00,0x00,0xFF,0xFF,0xFF,0xFF,0xFC,0x00,
    0x00,0x00,0x00,0x00,0xFF,0xFF,0xFF,0xFF,0xFE,0x00,
    0x00,0x00,0x00,0x00,0x00,0x3F,0xFF,0xFF,0xFE,0x00,
    0x00,0x00,0x00,0x00,0x00,0x03,0xFF,0xFF,0xFF,0x00,
    0x00,0x00,0x00,0x00,0x00,0x00,0x7F,0xFF,0xFF,0x80,
    0x00,0x00,0x00,0x00,0x00,0x00,0x3F,0xFF,0xFF,0x80,
    0x00,0x00,0x00,0x00,0x00,0x00,0x1F,0xFF,0xFF,0xC0,
    0x00,0x00,0x00,0x00,0x00,0x00,0x0F,0xFF,0xFF,0xC0,
    0x00,0x00,0x00,0x00,0x00,0x00,0x07,0xFF,0xFF,0xC0,
    0x00,0x00,0x00,0x00,0x00,0x00,0x07,0xFF,0xFF,0xE0,
    0x00,0x00,0x00,0x00,0x00,0x00,0x03,0xFF,0xFF,0xE0,
    0x00,0x00,0x00,0x00,0x00,0x00,0x03,0xFF,0xFF,0xE0,
    0x00,0x00,0x00,0x00,0x00,0x00,0x03,0xFF,0xFF,0xE0,
    0x1F,0xFF,0xFC,0x00,0x00,0x00,0x01,0xFF,0xFF,0xE0,
    0x1F,0xFF,0xFC,0x00,0x00,0x00,0x01,0xFF,0xFF,0xE0,
    0x1F,0xFF,0xFC,0x00,0x00,0x00,0x01,0xFF,0xFF,0xE0,
    0x1F,0xFF,0xFE,0x00,0x00,0x00,0x01,0xFF,0xFF,0xE0,
    0x0F,0xFF,0xFE,0x00,0x00,0x00,0x01,0xFF,0xFF,0xE0,
    0x0F,0xFF,0xFE,0x00,0x00,0x00,0x01,0xFF,0xFF,0xE0,
    0x0F,0xFF,0xFE,0x00,0x00,0x00,0x01,0xFF,0xFF,0xE0,
    0x0F,0xFF,0xFE,0x00,0x00,0x00,0x03,0xFF,0xFF,0xE0,
    0x0F,0xFF,0xFF,0x00,0x00,0x00,0x03,0xFF,0xFF,0xE0,
    0x0F,0xFF,0xFF,0x00,0x00,0x00,0x03,0xFF,0xFF,0xE0,
    0x07,0xFF,0xFF,0x80,0x00,0x00,0x07,0xFF,0xFF,0xE0,
    0x07,0xFF,0xFF,0x80,0x00,0x00,0x07,0xFF,0xFF,0xC0,
    0x07,0xFF,0xFF,0xC0,0x00,0x00,0x0F,0xFF,0xFF,0xC0,
    0x07,0xFF,0xFF,0xE0,0x00,0x00,0x1F,0xFF,0xFF,0xC0,
    0x03,0xFF,0xFF,0xF0,0x00,0x00,0x1F,0xFF,0xFF,0x80,
    0x03,0xFF,0xFF,0xF8,0x00,0x00,0x7F,0xFF,0xFF,0x80,
    0x01,0xFF,0xFF,0xFC,0x00,0x00,0xFF,0xFF,0xFF,0x00,
    0x01,0xFF,0xFF,0xFF,0x00,0x03,0xFF,0xFF,0xFF,0x00,
    0x00,0xFF,0xFF,0xFF,0xE0,0x1F,0xFF,0xFF,0xFE,0x00,
    0x00,0xFF,0xFF,0xFF,0xFF,0xFF,0xFF,0xFF,0xFE,0x00,
    0x00,0x7F,0xFF,0xFF,0xFF,0xFF,0xFF,0xFF,0xFC,0x00,
    0x00,0x7F,0xFF,0xFF,0xFF,0xFF,0xFF,0xFF,0xF8,0x00,
    0x00,0x3F,0xFF,0xFF,0xFF,0xFF,0xFF,0xFF,0xF8,0x00,
    0x00,0x1F,0xFF,0xFF,0xFF,0xFF,0xFF,0xFF,0xF0,0x00,
    0x00,0x0F,0xFF,0xFF,0xFF,0xFF,0xFF,0xFF,0xE0,0x00,
    0x00,0x07,0xFF,0xFF,0xFF,0xFF,0xFF,0xFF,0xC0,0x00,
    0x00,0x03,0xFF,0xFF,0xFF,0xFF,0xFF,0xFF,0x80,0x00,
    0x00,0x01,0xFF,0xFF,0xFF,0xFF,0xFF,0xFE,0x00,0x00,
    0x00,0x00,0xFF,0xFF,0xFF,0xFF,0xFF,0xFC,0x00,0x00,
    0x00,0x00,0x3F,0xFF,0xFF,0xFF,0xFF,0xF0,0x00,0x00,
    0x00,0x00,0x0F,0xFF,0xFF,0xFF,0xFF,0xE0,0x00,0x00,
    0x00,0x00,0x03,0xFF,0xFF,0xFF,0xFF,0x80,0x00,0x00,
    0x00,0x00,0x00,0xFF,0xFF,0xFF,0xFC,0x00,0x00,0x00,
    0x00,0x00,0x00,0x1F,0xFF,0xFF,0xE0,0x00,0x00,0x00,
    0x00,0x00,0x00,0x00,0xFF,0xFC,0x00,0x00,0x00,0x00,
    0x00,0x00,0x00,0x00,0x00,0x00,0x00,0x00,0x00,0x00,
    0x00,0x00,0x00,0x00,0x00,0x00,0x00,0x00,0x00,0x00,
    0x00,0x00,0x00,0x00,0x00,0x00,0x00,0x00,0x00,0x00,
    0x00,0x00,0x00,0x00,0x00,0x00,0x00,0x00,0x00,0x00,
    0x00,0x00,0x00,0x00,0x00,0x00,0x00,0x00,0x00,0x00,
    0x00,0x00,0x00,0x00,0x00,0x00,0x00,0x00,0x00,0x00,
    0x00,0x00,0x00,0x00,0x00,0x00,0x00,0x00,0x00,0x00,
    0x00,0x00,0x00,0x00,0x00,0x00,0x00,0x00,0x00,0x00,
    0x00,0x00,0x00,0x00,0x00,0x00,0x00,0x00,0x00,0x00,
    0x00,0x00,0x00,0x00,0x00,0x00,0x00,0x00,0x00,0x00,
  },
{
    0x00,0x00,0x00,0x00,0x00,0x00,0x00,0x00,0x00,0x00,
    0x00,0x00,0x00,0x00,0x00,0x00,0x00,0x00,0x00,0x00,
    0x00,0x00,0x00,0x00,0x00,0x00,0x00,0x00,0x00,0x00,
    0x00,0x00,0x00,0x00,0x00,0x00,0x00,0x00,0x00,0x00,
    0x00,0x00,0x00,0x00,0x00,0x00,0x00,0x00,0x00,0x00,
    0x00,0x00,0x00,0x00,0x00,0x00,0x00,0x00,0x00,0x00,
    0x00,0x00,0x00,0x00,0x00,0x00,0x00,0x00,0x00,0x00,
    0x00,0x00,0x00,0x00,0x00,0x00,0x00,0x00,0x00,0x00,
    0x00,0x00,0x00,0x00,0x00,0x00,0x00,0x00,0x00,0x00,
    0x00,0x00,0x00,0x00,0x00,0x00,0x00,0x00,0x00,0x00,
    0x00,0x00,0x00,0x00,0x00,0x07,0xFF,0xFF,0x00,0x00,
    0x00,0x00,0x00,0x00,0x00,0x07,0xFF,0xFF,0x00,0x00,
    0x00,0x00,0x00,0x00,0x00,0x0F,0xFF,0xFF,0x00,0x00,
    0x00,0x00,0x00,0x00,0x00,0x1F,0xFF,0xFF,0x00,0x00,
    0x00,0x00,0x00,0x00,0x00,0x3F,0xFF,0xFF,0x00,0x00,
    0x00,0x00,0x00,0x00,0x00,0x3F,0xFF,0xFF,0x00,0x00,
    0x00,0x00,0x00,0x00,0x00,0x7F,0xFF,0xFF,0x00,0x00,
    0x00,0x00,0x00,0x00,0x00,0xFF,0xFF,0xFF,0x00,0x00,
    0x00,0x00,0x00,0x00,0x01,0xFF,0xFF,0xFF,0x00,0x00,
    0x00,0x00,0x00,0x00,0x01,0xFF,0xFF,0xFF,0x00,0x00,
    0x00,0x00,0x00,0x00,0x03,0xFF,0xFF,0xFF,0x00,0x00,
    0x00,0x00,0x00,0x00,0x07,0xFF,0xFF,0xFF,0x00,0x00,
    0x00,0x00,0x00,0x00,0x0F,0xFF,0xFF,0xFF,0x00,0x00,
    0x00,0x00,0x00,0x00,0x0F,0xFF,0xFF,0xFF,0x00,0x00,
    0x00,0x00,0x00,0x00,0x1F,0xFF,0xFF,0xFF,0x00,0x00,
    0x00,0x00,0x00,0x00,0x3F,0xFF,0xFF,0xFF,0x00,0x00,
    0x00,0x00,0x00,0x00,0x7F,0xFF,0xFF,0xFF,0x00,0x00,
    0x00,0x00,0x00,0x00,0x7F,0xFF,0xFF,0xFF,0x00,0x00,
    0x00,0x00,0x00,0x00,0xFF,0xFF,0xFF,0xFF,0x00,0x00,
    0x00,0x00,0x00,0x01,0xFF,0xFF,0xFF,0xFF,0x00,0x00,
    0x00,0x00,0x00,0x03,0xFF,0xFF,0xFF,0xFF,0x00,0x00,
    0x00,0x00,0x00,0x03,0xFF,0xFF,0xFF,0xFF,0x00,0x00,
    0x00,0x00,0x00,0x07,0xFF,0xFF,0xFF,0xFF,0x00,0x00,
    0x00,0x00,0x00,0x0F,0xFF,0xFF,0xFF,0xFF,0x00,0x00,
    0x00,0x00,0x00,0x1F,0xFF,0xFF,0xFF,0xFF,0x00,0x00,
    0x00,0x00,0x00,0x1F,0xFF,0xFF,0xFF,0xFF,0x00,0x00,
    0x00,0x00,0x00,0x3F,0xFF,0xE7,0xFF,0xFF,0x00,0x00,
    0x00,0x00,0x00,0x7F,0xFF,0xE7,0xFF,0xFF,0x00,0x00,
    0x00,0x00,0x00,0xFF,0xFF,0xC7,0xFF,0xFF,0x00,0x00,
    0x00,0x00,0x00,0xFF,0xFF,0x87,0xFF,0xFF,0x00,0x00,
    0x00,0x00,0x01,0xFF,0xFF,0x07,0xFF,0xFF,0x00,0x00,
    0x00,0x00,0x03,0xFF,0xFF,0x07,0xFF,0xFF,0x00,0x00,
    0x00,0x00,0x07,0xFF,0xFE,0x07,0xFF,0xFF,0x00,0x00,
    0x00,0x00,0x07,0xFF,0xFC,0x07,0xFF,0xFF,0x00,0x00,
    0x00,0x00,0x0F,0xFF,0xF8,0x07,0xFF,0xFF,0x00,0x00,
    0x00,0x00,0x1F,0xFF,0xF8,0x07,0xFF,0xFF,0x00,0x00,
    0x00,0x00,0x1F,0xFF,0xF0,0x07,0xFF,0xFF,0x00,0x00,
    0x00,0x00,0x3F,0xFF,0xE0,0x07,0xFF,0xFF,0x00,0x00,
    0x00,0x00,0x7F,0xFF,0xC0,0x07,0xFF,0xFF,0x00,0x00,
    0x00,0x00,0xFF,0xFF,0xC0,0x07,0xFF,0xFF,0x00,0x00,
    0x00,0x00,0xFF,0xFF,0x80,0x07,0xFF,0xFF,0x00,0x00,
    0x00,0x01,0xFF,0xFF,0x00,0x07,0xFF,0xFF,0x00,0x00,
    0x00,0x03,0xFF,0xFE,0x00,0x07,0xFF,0xFF,0x00,0x00,
    0x00,0x07,0xFF,0xFE,0x00,0x07,0xFF,0xFF,0x00,0x00,
    0x00,0x07,0xFF,0xFC,0x00,0x07,0xFF,0xFF,0x00,0x00,
    0x00,0x0F,0xFF,0xF8,0x00,0x07,0xFF,0xFF,0x00,0x00,
    0x00,0x1F,0xFF,0xF0,0x00,0x07,0xFF,0xFF,0x00,0x00,
    0x00,0x3F,0xFF,0xF0,0x00,0x07,0xFF,0xFF,0x00,0x00,
    0x00,0x3F,0xFF,0xE0,0x00,0x07,0xFF,0xFF,0x00,0x00,
    0x00,0x7F,0xFF,0xC0,0x00,0x07,0xFF,0xFF,0x00,0x00,
    0x00,0xFF,0xFF,0x80,0x00,0x07,0xFF,0xFF,0x00,0x00,
    0x01,0xFF,0xFF,0x80,0x00,0x07,0xFF,0xFF,0x00,0x00,
    0x01,0xFF,0xFF,0x00,0x00,0x07,0xFF,0xFF,0x00,0x00,
    0x03,0xFF,0xFE,0x00,0x00,0x07,0xFF,0xFF,0x00,0x00,
    0x07,0xFF,0xFC,0x00,0x00,0x07,0xFF,0xFF,0x00,0x00,
    0x0F,0xFF,0xFC,0x00,0x00,0x07,0xFF,0xFF,0x00,0x00,
    0x0F,0xFF,0xF8,0x00,0x00,0x07,0xFF,0xFF,0x00,0x00,
    0x1F,0xFF,0xF0,0x00,0x00,0x07,0xFF,0xFF,0x00,0x00,
    0x3F,0xFF,0xE0,0x00,0x00,0x07,0xFF,0xFF,0x00,0x00,
    0x3F,0xFF,0xE0,0x00,0x00,0x07,0xFF,0xFF,0x00,0x00,
    0x3F,0xFF,0xFF,0xFF,0xFF,0xFF,0xFF,0xFF,0xFF,0xF8,
    0x3F,0xFF,0xFF,0xFF,0xFF,0xFF,0xFF,0xFF,0xFF,0xF8,
    0x3F,0xFF,0xFF,0xFF,0xFF,0xFF,0xFF,0xFF,0xFF,0xF8,
    0x3F,0xFF,0xFF,0xFF,0xFF,0xFF,0xFF,0xFF,0xFF,0xF8,
    0x3F,0xFF,0xFF,0xFF,0xFF,0xFF,0xFF,0xFF,0xFF,0xF8,
    0x3F,0xFF,0xFF,0xFF,0xFF,0xFF,0xFF,0xFF,0xFF,0xF8,
    0x3F,0xFF,0xFF,0xFF,0xFF,0xFF,0xFF,0xFF,0xFF,0xF8,
    0x3F,0xFF,0xFF,0xFF,0xFF,0xFF,0xFF,0xFF,0xFF,0xF8,
    0x3F,0xFF,0xFF,0xFF,0xFF,0xFF,0xFF,0xFF,0xFF,0xF8,
    0x3F,0xFF,0xFF,0xFF,0xFF,0xFF,0xFF,0xFF,0xFF,0xF8,
    0x3F,0xFF,0xFF,0xFF,0xFF,0xFF,0xFF,0xFF,0xFF,0xF8,
    0x3F,0xFF,0xFF,0xFF,0xFF,0xFF,0xFF,0xFF,0xFF,0xF8,
    0x3F,0xFF,0xFF,0xFF,0xFF,0xFF,0xFF,0xFF,0xFF,0xF8,
    0x3F,0xFF,0xFF,0xFF,0xFF,0xFF,0xFF,0xFF,0xFF,0xF8,
    0x3F,0xFF,0xFF,0xFF,0xFF,0xFF,0xFF,0xFF,0xFF,0xF8,
    0x3F,0xFF,0xFF,0xFF,0xFF,0xFF,0xFF,0xFF,0xFF,0xF8,
    0x3F,0xFF,0xFF,0xFF,0xFF,0xFF,0xFF,0xFF,0xFF,0xF8,
    0x00,0x00,0x00,0x00,0x00,0x07,0xFF,0xFF,0x00,0x00,
    0x00,0x00,0x00,0x00,0x00,0x07,0xFF,0xFF,0x00,0x00,
    0x00,0x00,0x00,0x00,0x00,0x07,0xFF,0xFF,0x00,0x00,
    0x00,0x00,0x00,0x00,0x00,0x07,0xFF,0xFF,0x00,0x00,
    0x00,0x00,0x00,0x00,0x00,0x07,0xFF,0xFF,0x00,0x00,
    0x00,0x00,0x00,0x00,0x00,0x07,0xFF,0xFF,0x00,0x00,
    0x00,0x00,0x00,0x00,0x00,0x07,0xFF,0xFF,0x00,0x00,
    0x00,0x00,0x00,0x00,0x00,0x07,0xFF,0xFF,0x00,0x00,
    0x00,0x00,0x00,0x00,0x00,0x07,0xFF,0xFF,0x00,0x00,
    0x00,0x00,0x00,0x00,0x00,0x07,0xFF,0xFF,0x00,0x00,
    0x00,0x00,0x00,0x00,0x00,0x07,0xFF,0xFF,0x00,0x00,
    0x00,0x00,0x00,0x00,0x00,0x07,0xFF,0xFF,0x00,0x00,
    0x00,0x00,0x00,0x00,0x00,0x07,0xFF,0xFF,0x00,0x00,
    0x00,0x00,0x00,0x00,0x00,0x07,0xFF,0xFF,0x00,0x00,
    0x00,0x00,0x00,0x00,0x00,0x07,0xFF,0xFF,0x00,0x00,
    0x00,0x00,0x00,0x00,0x00,0x07,0xFF,0xFF,0x00,0x00,
    0x00,0x00,0x00,0x00,0x00,0x07,0xFF,0xFF,0x00,0x00,
    0x00,0x00,0x00,0x00,0x00,0x07,0xFF,0xFF,0x00,0x00,
    0x00,0x00,0x00,0x00,0x00,0x07,0xFF,0xFF,0x00,0x00,
    0x00,0x00,0x00,0x00,0x00,0x07,0xFF,0xFF,0x00,0x00,
    0x00,0x00,0x00,0x00,0x00,0x07,0xFF,0xFF,0x00,0x00,
    0x00,0x00,0x00,0x00,0x00,0x07,0xFF,0xFF,0x00,0x00,
    0x00,0x00,0x00,0x00,0x00,0x07,0xFF,0xFF,0x00,0x00,
    0x00,0x00,0x00,0x00,0x00,0x00,0x00,0x00,0x00,0x00,
    0x00,0x00,0x00,0x00,0x00,0x00,0x00,0x00,0x00,0x00,
    0x00,0x00,0x00,0x00,0x00,0x00,0x00,0x00,0x00,0x00,
    0x00,0x00,0x00,0x00,0x00,0x00,0x00,0x00,0x00,0x00,
    0x00,0x00,0x00,0x00,0x00,0x00,0x00,0x00,0x00,0x00,
    0x00,0x00,0x00,0x00,0x00,0x00,0x00,0x00,0x00,0x00,
    0x00,0x00,0x00,0x00,0x00,0x00,0x00,0x00,0x00,0x00,
    0x00,0x00,0x00,0x00,0x00,0x00,0x00,0x00,0x00,0x00,
    0x00,0x00,0x00,0x00,0x00,0x00,0x00,0x00,0x00,0x00,
    0x00,0x00,0x00,0x00,0x00,0x00,0x00,0x00,0x00,0x00,
  },
{
    0x00,0x00,0x00,0x00,0x00,0x00,0x00,0x00,0x00,0x00,
    0x00,0x00,0x00,0x00,0x00,0x00,0x00,0x00,0x00,0x00,
    0x00,0x00,0x00,0x00,0x00,0x00,0x00,0x00,0x00,0x00,
    0x00,0x00,0x00,0x00,0x00,0x00,0x00,0x00,0x00,0x00,
    0x00,0x00,0x00,0x00,0x00,0x00,0x00,0x00,0x00,0x00,
    0x00,0x00,0x00,0x00,0x00,0x00,0x00,0x00,0x00,0x00,
    0x00,0x00,0x00,0x00,0x00,0x00,0x00,0x00,0x00,0x00,
    0x00,0x00,0x00,0x00,0x00,0x00,0x00,0x00,0x00,0x00,
    0x00,0x00,0x00,0x00,0x00,0x00,0x00,0x00,0x00,0x00,
    0x00,0x00,0x00,0x00,0x00,0x00,0x00,0x00,0x00,0x00,
    0x00,0x00,0xFF,0xFF,0xFF,0xFF,0xFF,0xFF,0xFE,0x00,
    0x00,0x00,0xFF,0xFF,0xFF,0xFF,0xFF,0xFF,0xFE,0x00,
    0x00,0x00,0xFF,0xFF,0xFF,0xFF,0xFF,0xFF,0xFE,0x00,
    0x00,0x00,0xFF,0xFF,0xFF,0xFF,0xFF,0xFF,0xFE,0x00,
    0x00,0x01,0xFF,0xFF,0xFF,0xFF,0xFF,0xFF,0xFE,0x00,
    0x00,0x01,0xFF,0xFF,0xFF,0xFF,0xFF,0xFF,0xFE,0x00,
    0x00,0x01,0xFF,0xFF,0xFF,0xFF,0xFF,0xFF,0xFE,0x00,
    0x00,0x01,0xFF,0xFF,0xFF,0xFF,0xFF,0xFF,0xFE,0x00,
    0x00,0x01,0xFF,0xFF,0xFF,0xFF,0xFF,0xFF,0xFE,0x00,
    0x00,0x03,0xFF,0xFF,0xFF,0xFF,0xFF,0xFF,0xFE,0x00,
    0x00,0x03,0xFF,0xFF,0xFF,0xFF,0xFF,0xFF,0xFE,0x00,
    0x00,0x03,0xFF,0xFF,0xFF,0xFF,0xFF,0xFF,0xFE,0x00,
    0x00,0x03,0xFF,0xFF,0xFF,0xFF,0xFF,0xFF,0xFE,0x00,
    0x00,0x03,0xFF,0xFF,0xFF,0xFF,0xFF,0xFF,0xFE,0x00,
    0x00,0x03,0xFF,0xFF,0xFF,0xFF,0xFF,0xFF,0xFE,0x00,
    0x00,0x07,0xFF,0xFF,0xFF,0xFF,0xFF,0xFF,0xFE,0x00,
    0x00,0x07,0xFF,0xFE,0x00,0x00,0x00,0x00,0x00,0x00,
    0x00,0x07,0xFF,0xFC,0x00,0x00,0x00,0x00,0x00,0x00,
    0x00,0x07,0xFF,0xFC,0x00,0x00,0x00,0x00,0x00,0x00,
    0x00,0x07,0xFF,0xFC,0x00,0x00,0x00,0x00,0x00,0x00,
    0x00,0x07,0xFF,0xFC,0x00,0x00,0x00,0x00,0x00,0x00,
    0x00,0x0F,0xFF,0xFC,0x00,0x00,0x00,0x00,0x00,0x00,
    0x00,0x0F,0xFF,0xF8,0x00,0x00,0x00,0x00,0x00,0x00,
    0x00,0x0F,0xFF,0xF8,0x00,0x00,0x00,0x00,0x00,0x00,
    0x00,0x0F,0xFF,0xF8,0x00,0x00,0x00,0x00,0x00,0x00,
    0x00,0x0F,0xFF,0xF8,0x00,0x00,0x00,0x00,0x00,0x00,
    0x00,0x1F,0xFF,0xF8,0x00,0x00,0x00,0x00,0x00,0x00,
    0x00,0x1F,0xFF,0xF8,0x00,0x00,0x00,0x00,0x00,0x00,
    0x00,0x1F,0xFF,0xF0,0x00,0x00,0x00,0x00,0x00,0x00,
    0x00,0x1F,0xFF,0xF0,0x00,0x00,0x00,0x00,0x00,0x00,
    0x00,0x1F,0xFF,0xF0,0x00,0x00,0x00,0x00,0x00,0x00,
    0x00,0x1F,0xFF,0xF0,0x00,0xFF,0xF0,0x00,0x00,0x00,
    0x00,0x3F,0xFF,0xF0,0x0F,0xFF,0xFF,0x00,0x00,0x00,
    0x00,0x3F,0xFF,0xF0,0x3F,0xFF,0xFF,0xE0,0x00,0x00,
    0x00,0x3F,0xFF,0xE0,0xFF,0xFF,0xFF,0xF8,0x00,0x00,
    0x00,0x3F,0xFF,0xE3,0xFF,0xFF,0xFF,0xFC,0x00,0x00,
    0x00,0x3F,0xFF,0xE7,0xFF,0xFF,0xFF,0xFF,0x00,0x00,
    0x00,0x7F,0xFF,0xEF,0xFF,0xFF,0xFF,0xFF,0x80,0x00,
    0x00,0x7F,0xFF,0xFF,0xFF,0xFF,0xFF,0xFF,0xC0,0x00,
    0x00,0x7F,0xFF,0xFF,0xFF,0xFF,0xFF,0xFF,0xE0,0x00,
    0x00,0x7F,0xFF,0xFF,0xFF,0xFF,0xFF,0xFF,0xF0,0x00,
    0x00,0x7F,0xFF,0xFF,0xFF,0xFF,0xFF,0xFF,0xF8,0x00,
    0x00,0x7F,0xFF,0xFF,0xFF,0xFF,0xFF,0xFF,0xFC,0x00,
    0x00,0xFF,0xFF,0xFF,0xFF,0xFF,0xFF,0xFF,0xFC,0x00,
    0x00,0xFF,0xFF,0xFF,0xFF,0xFF,0xFF,0xFF,0xFE,0x00,
    0x00,0xFF,0xFF,0xFF,0xFF,0xFF,0xFF,0xFF,0xFF,0x00,
    0x00,0xFF,0xFF,0xFF,0xE0,0x0F,0xFF,0xFF,0xFF,0x00,
    0x00,0xFF,0xFF,0xFF,0x00,0x01,0xFF,0xFF,0xFF,0x80,
    0x01,0xFF,0xFF,0xFC,0x00,0x00,0xFF,0xFF,0xFF,0x80,
    0x01,0xFF,0xFF,0xF8,0x00,0x00,0x3F,0xFF,0xFF,0xC0,
    0x01,0xFF,0xFF,0xE0,0x00,0x00,0x1F,0xFF,0xFF,0xC0,
    0x01,0xFF,0xFF,0xE0,0x00,0x00,0x0F,0xFF,0xFF,0xC0,
    0x01,0xFF,0xFF,0xC0,0x00,0x00,0x07,0xFF,0xFF,0xE0,
    0x01,0xFF,0xFF,0x80,0x00,0x00,0x07,0xFF,0xFF,0xE0,
    0x00,0x00,0x00,0x00,0x00,0x00,0x03,0xFF,0xFF,0xE0,
    0x00,0x00,0x00,0x00,0x00,0x00,0x03,0xFF,0xFF,0xE0,
    0x00,0x00,0x00,0x00,0x00,0x00,0x01,0xFF,0xFF,0xF0,
    0x00,0x00,0x00,0x00,0x00,0x00,0x01,0xFF,0xFF,0xF0,
    0x00,0x00,0x00,0x00,0x00,0x00,0x00,0xFF,0xFF,0xF0,
    0x00,0x00,0x00,0x00,0x00,0x00,0x00,0xFF,0xFF,0xF0,
    0x00,0x00,0x00,0x00,0x00,0x00,0x00,0xFF,0xFF,0xF0,
    0x00,0x00,0x00,0x00,0x00,0x00,0x00,0xFF,0xFF,0xF0,
    0x00,0x00,0x00,0x00,0x00,0x00,0x00,0xFF,0xFF,0xF0,
    0x00,0x00,0x00,0x00,0x00,0x00,0x00,0xFF,0xFF,0xF0,
    0x00,0x00,0x00,0x00,0x00,0x00,0x00,0xFF,0xFF,0xF0,
    0x00,0x00,0x00,0x00,0x00,0x00,0x00,0xFF,0xFF,0xF0,
    0x00,0x00,0x00,0x00,0x00,0x00,0x00,0xFF,0xFF,0xF0,
    0x00,0x00,0x00,0x00,0x00,0x00,0x00,0xFF,0xFF,0xF0,
    0x00,0x00,0x00,0x00,0x00,0x00,0x00,0xFF,0xFF,0xF0,
    0x0F,0xFF,0xFE,0x00,0x00,0x00,0x00,0xFF,0xFF,0xF0,
    0x0F,0xFF,0xFF,0x00,0x00,0x00,0x00,0xFF,0xFF,0xF0,
    0x0F,0xFF,0xFF,0x00,0x00,0x00,0x01,0xFF,0xFF,0xF0,
    0x0F,0xFF,0xFF,0x00,0x00,0x00,0x01,0xFF,0xFF,0xE0,
    0x0F,0xFF,0xFF,0x00,0x00,0x00,0x03,0xFF,0xFF,0xE0,
    0x0F,0xFF,0xFF,0x80,0x00,0x00,0x03,0xFF,0xFF,0xE0,
    0x0F,0xFF,0xFF,0x80,0x00,0x00,0x03,0xFF,0xFF,0xE0,
    0x0F,0xFF,0xFF,0xC0,0x00,0x00,0x07,0xFF,0xFF,0xC0,
    0x07,0xFF,0xFF,0xC0,0x00,0x00,0x0F,0xFF,0xFF,0xC0,
    0x07,0xFF,0xFF,0xE0,0x00,0x00,0x1F,0xFF,0xFF,0xC0,
    0x07,0xFF,0xFF,0xF0,0x00,0x00,0x3F,0xFF,0xFF,0x80,
    0x03,0xFF,0xFF,0xF8,0x00,0x00,0x7F,0xFF,0xFF,0x80,
    0x03,0xFF,0xFF,0xFE,0x00,0x00,0xFF,0xFF,0xFF,0x00,
    0x03,0xFF,0xFF,0xFF,0x00,0x03,0xFF,0xFF,0xFE,0x00,
    0x01,0xFF,0xFF,0xFF,0xF0,0x1F,0xFF,0xFF,0xFE,0x00,
    0x00,0xFF,0xFF,0xFF,0xFF,0xFF,0xFF,0xFF,0xFC,0x00,
    0x00,0xFF,0xFF,0xFF,0xFF,0xFF,0xFF,0xFF,0xFC,0x00,
    0x00,0x7F,0xFF,0xFF,0xFF,0xFF,0xFF,0xFF,0xF8,0x00,
    0x00,0x3F,0xFF,0xFF,0xFF,0xFF,0xFF,0xFF,0xF0,0x00,
    0x00,0x1F,0xFF,0xFF,0xFF,0xFF,0xFF,0xFF,0xE0,0x00,
    0x00,0x1F,0xFF,0xFF,0xFF,0xFF,0xFF,0xFF,0xC0,0x00,
    0x00,0x0F,0xFF,0xFF,0xFF,0xFF,0xFF,0xFF,0x80,0x00,
    0x00,0x03,0xFF,0xFF,0xFF,0xFF,0xFF,0xFF,0x00,0x00,
    0x00,0x01,0xFF,0xFF,0xFF,0xFF,0xFF,0xFE,0x00,0x00,
    0x00,0x00,0xFF,0xFF,0xFF,0xFF,0xFF,0xF8,0x00,0x00,
    0x00,0x00,0x3F,0xFF,0xFF,0xFF,0xFF,0xF0,0x00,0x00,
    0x00,0x00,0x1F,0xFF,0xFF,0xFF,0xFF,0xC0,0x00,0x00,
    0x00,0x00,0x03,0xFF,0xFF,0xFF,0xFF,0x00,0x00,0x00,
    0x00,0x00,0x00,0xFF,0xFF,0xFF,0xFC,0x00,0x00,0x00,
    0x00,0x00,0x00,0x1F,0xFF,0xFF,0xE0,0x00,0x00,0x00,
    0x00,0x00,0x00,0x00,0xFF,0xFE,0x00,0x00,0x00,0x00,
    0x00,0x00,0x00,0x00,0x00,0x00,0x00,0x00,0x00,0x00,
    0x00,0x00,0x00,0x00,0x00,0x00,0x00,0x00,0x00,0x00,
    0x00,0x00,0x00,0x00,0x00,0x00,0x00,0x00,0x00,0x00,
    0x00,0x00,0x00,0x00,0x00,0x00,0x00,0x00,0x00,0x00,
    0x00,0x00,0x00,0x00,0x00,0x00,0x00,0x00,0x00,0x00,
    0x00,0x00,0x00,0x00,0x00,0x00,0x00,0x00,0x00,0x00,
    0x00,0x00,0x00,0x00,0x00,0x00,0x00,0x00,0x00,0x00,
    0x00,0x00,0x00,0x00,0x00,0x00,0x00,0x00,0x00,0x00,
    0x00,0x00,0x00,0x00,0x00,0x00,0x00,0x00,0x00,0x00,
    0x00,0x00,0x00,0x00,0x00,0x00,0x00,0x00,0x00,0x00,
  },
{
    0x00,0x00,0x00,0x00,0x00,0x00,0x00,0x00,0x00,0x00,
    0x00,0x00,0x00,0x00,0x00,0x00,0x00,0x00,0x00,0x00,
    0x00,0x00,0x00,0x00,0x00,0x00,0x00,0x00,0x00,0x00,
    0x00,0x00,0x00,0x00,0x00,0x00,0x00,0x00,0x00,0x00,
    0x00,0x00,0x00,0x00,0x00,0x00,0x00,0x00,0x00,0x00,
    0x00,0x00,0x00,0x00,0x00,0x00,0x00,0x00,0x00,0x00,
    0x00,0x00,0x00,0x00,0x00,0x00,0x00,0x00,0x00,0x00,
    0x00,0x00,0x00,0x00,0x00,0x00,0x00,0x00,0x00,0x00,
    0x00,0x00,0x00,0x00,0x00,0x00,0x00,0x00,0x00,0x00,
    0x00,0x00,0x00,0x00,0x00,0x00,0x00,0x00,0x00,0x00,
    0x00,0x00,0x00,0x00,0x0F,0xFF,0x80,0x00,0x00,0x00,
    0x00,0x00,0x00,0x00,0xFF,0xFF,0xF8,0x00,0x00,0x00,
    0x00,0x00,0x00,0x07,0xFF,0xFF,0xFF,0x00,0x00,0x00,
    0x00,0x00,0x00,0x1F,0xFF,0xFF,0xFF,0xC0,0x00,0x00,
    0x00,0x00,0x00,0x7F,0xFF,0xFF,0xFF,0xF0,0x00,0x00,
    0x00,0x00,0x00,0xFF,0xFF,0xFF,0xFF,0xFC,0x00,0x00,
    0x00,0x00,0x03,0xFF,0xFF,0xFF,0xFF,0xFE,0x00,0x00,
    0x00,0x00,0x07,0xFF,0xFF,0xFF,0xFF,0xFF,0x00,0x00,
    0x00,0x00,0x0F,0xFF,0xFF,0xFF,0xFF,0xFF,0x80,0x00,
    0x00,0x00,0x1F,0xFF,0xFF,0xFF,0xFF,0xFF,0xC0,0x00,
    0x00,0x00,0x3F,0xFF,0xFF,0xFF,0xFF,0xFF,0xE0,0x00,
    0x00,0x00,0x7F,0xFF,0xFF,0xFF,0xFF,0xFF,0xF0,0x00,
    0x00,0x00,0xFF,0xFF,0xFF,0xFF,0xFF,0xFF,0xF8,0x00,
    0x00,0x01,0xFF,0xFF,0xFF,0xFF,0xFF,0xFF,0xF8,0x00,
    0x00,0x01,0xFF,0xFF,0xFF,0xFF,0xFF,0xFF,0xFC,0x00,
    0x00,0x03,0xFF,0xFF,0xFE,0x07,0xFF,0xFF,0xFC,0x00,
    0x00,0x07,0xFF,0xFF,0xF0,0x00,0xFF,0xFF,0xFE,0x00,
    0x00,0x07,0xFF,0xFF,0xC0,0x00,0x7F,0xFF,0xFE,0x00,
    0x00,0x0F,0xFF,0xFF,0x80,0x00,0x1F,0xFF,0xFF,0x00,
    0x00,0x0F,0xFF,0xFF,0x00,0x00,0x1F,0xFF,0xFF,0x00,
    0x00,0x1F,0xFF,0xFE,0x00,0x00,0x0F,0xFF,0xFF,0x00,
    0x00,0x1F,0xFF,0xFC,0x00,0x00,0x07,0xFF,0xFF,0x80,
    0x00,0x3F,0xFF,0xFC,0x00,0x00,0x07,0xFF,0xFF,0x80,
    0x00,0x3F,0xFF,0xF8,0x00,0x00,0x03,0xFF,0xFF,0x80,
    0x00,0x7F,0xFF,0xF8,0x00,0x00,0x03,0xFF,0xFF,0x80,
    0x00,0x7F,0xFF,0xF0,0x00,0x00,0x01,0xFF,0xFF,0x80,
    0x00,0x7F,0xFF,0xF0,0x00,0x00,0x01,0xFF,0xFF,0xC0,
    0x00,0xFF,0xFF,0xE0,0x00,0x00,0x00,0x00,0x00,0x00,
    0x00,0xFF,0xFF,0xE0,0x00,0x00,0x00,0x00,0x00,0x00,
    0x00,0xFF,0xFF,0xC0,0x00,0x00,0x00,0x00,0x00,0x00,
    0x01,0xFF,0xFF,0xC0,0x00,0x00,0x00,0x00,0x00,0x00,
    0x01,0xFF,0xFF,0xC0,0x00,0x00,0x00,0x00,0x00,0x00,
    0x01,0xFF,0xFF,0xC0,0x00,0x00,0x00,0x00,0x00,0x00,
    0x01,0xFF,0xFF,0x80,0x00,0xFF,0xE0,0x00,0x00,0x00,
    0x03,0xFF,0xFF,0x80,0x0F,0xFF,0xFE,0x00,0x00,0x00,
    0x03,0xFF,0xFF,0x80,0x7F,0xFF,0xFF,0xC0,0x00,0x00,
    0x03,0xFF,0xFF,0x80,0xFF,0xFF,0xFF,0xF0,0x00,0x00,
    0x03,0xFF,0xFF,0x83,0xFF,0xFF,0xFF,0xF8,0x00,0x00,
    0x03,0xFF,0xFF,0x07,0xFF,0xFF,0xFF,0xFE,0x00,0x00,
    0x03,0xFF,0xFF,0x0F,0xFF,0xFF,0xFF,0xFF,0x00,0x00,
    0x07,0xFF,0xFF,0x1F,0xFF,0xFF,0xFF,0xFF,0x80,0x00,
    0x07,0xFF,0xFF,0x3F,0xFF,0xFF,0xFF,0xFF,0xC0,0x00,
    0x07,0xFF,0xFF,0x7F,0xFF,0xFF,0xFF,0xFF,0xE0,0x00,
    0x07,0xFF,0xFF,0xFF,0xFF,0xFF,0xFF,0xFF,0xF0,0x00,
    0x07,0xFF,0xFF,0xFF,0xFF,0xFF,0xFF,0xFF,0xF8,0x00,
    0x07,0xFF,0xFF,0xFF,0xFF,0xFF,0xFF,0xFF,0xFC,0x00,
    0x07,0xFF,0xFF,0xFF,0xFF,0xFF,0xFF,0xFF,0xFE,0x00,
    0x07,0xFF,0xFF,0xFF,0xFF,0xFF,0xFF,0xFF,0xFE,0x00,
    0x07,0xFF,0xFF,0xFF,0xF8,0x07,0xFF,0xFF,0xFF,0x00,
    0x07,0xFF,0xFF,0xFF,0xC0,0x01,0xFF,0xFF,0xFF,0x00,
    0x07,0xFF,0xFF,0xFF,0x80,0x00,0x7F,0xFF,0xFF,0x80,
    0x07,0xFF,0xFF,0xFE,0x00,0x00,0x3F,0xFF,0xFF,0x80,
    0x07,0xFF,0xFF,0xFC,0x00,0x00,0x1F,0xFF,0xFF,0x80,
    0x07,0xFF,0xFF,0xFC,0x00,0x00,0x0F,0xFF,0xFF,0xC0,
    0x07,0xFF,0xFF,0xF8,0x00,0x00,0x07,0xFF,0xFF,0xC0,
    0x07,0xFF,0xFF,0xF0,0x00,0x00,0x07,0xFF,0xFF,0xC0,
    0x07,0xFF,0xFF,0xF0,0x00,0x00,0x03,0xFF,0xFF,0xC0,
    0x07,0xFF,0xFF,0xE0,0x00,0x00,0x03,0xFF,0xFF,0xE0,
    0x07,0xFF,0xFF,0xE0,0x00,0x00,0x03,0xFF,0xFF,0xE0,
    0x07,0xFF,0xFF,0xE0,0x00,0x00,0x01,0xFF,0xFF,0xE0,
    0x07,0xFF,0xFF,0xC0,0x00,0x00,0x01,0xFF,0xFF,0xE0,
    0x07,0xFF,0xFF,0xC0,0x00,0x00,0x01,0xFF,0xFF,0xE0,
    0x03,0xFF,0xFF,0xC0,0x00,0x00,0x01,0xFF,0xFF,0xE0,
    0x03,0xFF,0xFF,0xC0,0x00,0x00,0x00,0xFF,0xFF,0xE0,
    0x03,0xFF,0xFF,0xC0,0x00,0x00,0x00,0xFF,0xFF,0xE0,
    0x03,0xFF,0xFF,0xC0,0x00,0x00,0x00,0xFF,0xFF,0xE0,
    0x03,0xFF,0xFF,0xC0,0x00,0x00,0x00,0xFF,0xFF,0xE0,
    0x03,0xFF,0xFF,0xC0,0x00,0x00,0x00,0xFF,0xFF,0xE0,
    0x03,0xFF,0xFF,0xC0,0x00,0x00,0x00,0xFF,0xFF,0xE0,
    0x01,0xFF,0xFF,0xC0,0x00,0x00,0x00,0xFF,0xFF,0xE0,
    0x01,0xFF,0xFF,0xC0,0x00,0x00,0x01,0xFF,0xFF,0xE0,
    0x01,0xFF,0xFF,0xE0,0x00,0x00,0x01,0xFF,0xFF,0xE0,
    0x01,0xFF,0xFF,0xE0,0x00,0x00,0x01,0xFF,0xFF,0xE0,
    0x00,0xFF,0xFF,0xE0,0x00,0x00,0x01,0xFF,0xFF,0xC0,
    0x00,0xFF,0xFF,0xF0,0x00,0x00,0x03,0xFF,0xFF,0xC0,
    0x00,0xFF,0xFF,0xF0,0x00,0x00,0x03,0xFF,0xFF,0xC0,
    0x00,0x7F,0xFF,0xF8,0x00,0x00,0x07,0xFF,0xFF,0xC0,
    0x00,0x7F,0xFF,0xF8,0x00,0x00,0x07,0xFF,0xFF,0x80,
    0x00,0x7F,0xFF,0xFC,0x00,0x00,0x0F,0xFF,0xFF,0x80,
    0x00,0x3F,0xFF,0xFE,0x00,0x00,0x1F,0xFF,0xFF,0x80,
    0x00,0x3F,0xFF,0xFF,0x00,0x00,0x3F,0xFF,0xFF,0x00,
    0x00,0x1F,0xFF,0xFF,0x80,0x00,0x7F,0xFF,0xFF,0x00,
    0x00,0x1F,0xFF,0xFF,0xE0,0x01,0xFF,0xFF,0xFE,0x00,
    0x00,0x0F,0xFF,0xFF,0xFC,0x07,0xFF,0xFF,0xFE,0x00,
    0x00,0x0F,0xFF,0xFF,0xFF,0xFF,0xFF,0xFF,0xFC,0x00,
    0x00,0x07,0xFF,0xFF,0xFF,0xFF,0xFF,0xFF,0xF8,0x00,
    0x00,0x03,0xFF,0xFF,0xFF,0xFF,0xFF,0xFF,0xF8,0x00,
    0x00,0x01,0xFF,0xFF,0xFF,0xFF,0xFF,0xFF,0xF0,0x00,
    0x00,0x01,0xFF,0xFF,0xFF,0xFF,0xFF,0xFF,0xE0,0x00,
    0x00,0x00,0xFF,0xFF,0xFF,0xFF,0xFF,0xFF,0xC0,0x00,
    0x00,0x00,0x7F,0xFF,0xFF,0xFF,0xFF,0xFF,0x80,0x00,
    0x00,0x00,0x3F,0xFF,0xFF,0xFF,0xFF,0xFF,0x00,0x00,
    0x00,0x00,0x1F,0xFF,0xFF,0xFF,0xFF,0xFE,0x00,0x00,
    0x00,0x00,0x07,0xFF,0xFF,0xFF,0xFF,0xFC,0x00,0x00,
    0x00,0x00,0x03,0xFF,0xFF,0xFF,0xFF,0xF8,0x00,0x00,
    0x00,0x00,0x01,0xFF,0xFF,0xFF,0xFF,0xE0,0x00,0x00,
    0x00,0x00,0x00,0x7F,0xFF,0xFF,0xFF,0x80,0x00,0x00,
    0x00,0x00,0x00,0x1F,0xFF,0xFF,0xFE,0x00,0x00,0x00,
    0x00,0x00,0x00,0x03,0xFF,0xFF,0xF0,0x00,0x00,0x00,
    0x00,0x00,0x00,0x00,0x3F,0xFF,0x00,0x00,0x00,0x00,
    0x00,0x00,0x00,0x00,0x00,0x00,0x00,0x00,0x00,0x00,
    0x00,0x00,0x00,0x00,0x00,0x00,0x00,0x00,0x00,0x00,
    0x00,0x00,0x00,0x00,0x00,0x00,0x00,0x00,0x00,0x00,
    0x00,0x00,0x00,0x00,0x00,0x00,0x00,0x00,0x00,0x00,
    0x00,0x00,0x00,0x00,0x00,0x00,0x00,0x00,0x00,0x00,
    0x00,0x00,0x00,0x00,0x00,0x00,0x00,0x00,0x00,0x00,
    0x00,0x00,0x00,0x00,0x00,0x00,0x00,0x00,0x00,0x00,
    0x00,0x00,0x00,0x00,0x00,0x00,0x00,0x00,0x00,0x00,
    0x00,0x00,0x00,0x00,0x00,0x00,0x00,0x00,0x00,0x00,
    0x00,0x00,0x00,0x00,0x00,0x00,0x00,0x00,0x00,0x00,
  },
{
    0x00,0x00,0x00,0x00,0x00,0x00,0x00,0x00,0x00,0x00,
    0x00,0x00,0x00,0x00,0x00,0x00,0x00,0x00,0x00,0x00,
    0x00,0x00,0x00,0x00,0x00,0x00,0x00,0x00,0x00,0x00,
    0x00,0x00,0x00,0x00,0x00,0x00,0x00,0x00,0x00,0x00,
    0x00,0x00,0x00,0x00,0x00,0x00,0x00,0x00,0x00,0x00,
    0x00,0x00,0x00,0x00,0x00,0x00,0x00,0x00,0x00,0x00,
    0x00,0x00,0x00,0x00,0x00,0x00,0x00,0x00,0x00,0x00,
    0x00,0x00,0x00,0x00,0x00,0x00,0x00,0x00,0x00,0x00,
    0x00,0x00,0x00,0x00,0x00,0x00,0x00,0x00,0x00,0x00,
    0x00,0x00,0x00,0x00,0x00,0x00,0x00,0x00,0x00,0x00,
    0x03,0xFF,0xFF,0xFF,0xFF,0xFF,0xFF,0xFF,0xFF,0xC0,
    0x03,0xFF,0xFF,0xFF,0xFF,0xFF,0xFF,0xFF,0xFF,0xC0,
    0x03,0xFF,0xFF,0xFF,0xFF,0xFF,0xFF,0xFF,0xFF,0xC0,
    0x03,0xFF,0xFF,0xFF,0xFF,0xFF,0xFF,0xFF,0xFF,0xC0,
    0x03,0xFF,0xFF,0xFF,0xFF,0xFF,0xFF,0xFF,0xFF,0xC0,
    0x03,0xFF,0xFF,0xFF,0xFF,0xFF,0xFF,0xFF,0xFF,0xC0,
    0x03,0xFF,0xFF,0xFF,0xFF,0xFF,0xFF,0xFF,0xFF,0xC0,
    0x03,0xFF,0xFF,0xFF,0xFF,0xFF,0xFF,0xFF,0xFF,0xC0,
    0x03,0xFF,0xFF,0xFF,0xFF,0xFF,0xFF,0xFF,0xFF,0xC0,
    0x03,0xFF,0xFF,0xFF,0xFF,0xFF,0xFF,0xFF,0xFF,0xC0,
    0x03,0xFF,0xFF,0xFF,0xFF,0xFF,0xFF,0xFF,0xFF,0xC0,
    0x03,0xFF,0xFF,0xFF,0xFF,0xFF,0xFF,0xFF,0xFF,0xC0,
    0x03,0xFF,0xFF,0xFF,0xFF,0xFF,0xFF,0xFF,0xFF,0xC0,
    0x03,0xFF,0xFF,0xFF,0xFF,0xFF,0xFF,0xFF,0xFF,0xC0,
    0x03,0xFF,0xFF,0xFF,0xFF,0xFF,0xFF,0xFF,0xFF,0xC0,
    0x03,0xFF,0xFF,0xFF,0xFF,0xFF,0xFF,0xFF,0xFF,0xC0,
    0x03,0xFF,0xFF,0xFF,0xFF,0xFF,0xFF,0xFF,0xFF,0xC0,
    0x03,0xFF,0xFF,0xFF,0xFF,0xFF,0xFF,0xFF,0xFF,0xC0,
    0x03,0xFF,0xFF,0xFF,0xFF,0xFF,0xFF,0xFF,0xFF,0x80,
    0x00,0x00,0x00,0x00,0x00,0x00,0x07,0xFF,0xFF,0x00,
    0x00,0x00,0x00,0x00,0x00,0x00,0x0F,0xFF,0xFE,0x00,
    0x00,0x00,0x00,0x00,0x00,0x00,0x1F,0xFF,0xFC,0x00,
    0x00,0x00,0x00,0x00,0x00,0x00,0x3F,0xFF,0xF8,0x00,
    0x00,0x00,0x00,0x00,0x00,0x00,0x7F,0xFF,0xF0,0x00,
    0x00,0x00,0x00,0x00,0x00,0x00,0x7F,0xFF,0xE0,0x00,
    0x00,0x00,0x00,0x00,0x00,0x00,0xFF,0xFF,0xC0,0x00,
    0x00,0x00,0x00,0x00,0x00,0x01,0xFF,0xFF,0x80,0x00,
    0x00,0x00,0x00,0x00,0x00,0x03,0xFF,0xFF,0x80,0x00,
    0x00,0x00,0x00,0x00,0x00,0x03,0xFF,0xFF,0x00,0x00,
    0x00,0x00,0x00,0x00,0x00,0x07,0xFF,0xFE,0x00,0x00,
    0x00,0x00,0x00,0x00,0x00,0x0F,0xFF,0xFE,0x00,0x00,
    0x00,0x00,0x00,0x00,0x00,0x0F,0xFF,0xFC,0x00,0x00,
    0x00,0x00,0x00,0x00,0x00,0x1F,0xFF,0xF8,0x00,0x00,
    0x00,0x00,0x00,0x00,0x00,0x3F,0xFF,0xF8,0x00,0x00,
    0x00,0x00,0x00,0x00,0x00,0x3F,0xFF,0xF0,0x00,0x00,
    0x00,0x00,0x00,0x00,0x00,0x7F,0xFF,0xE0,0x00,0x00,
    0x00,0x00,0x00,0x00,0x00,0xFF,0xFF,0xE0,0x00,0x00,
    0x00,0x00,0x00,0x00,0x00,0xFF,0xFF,0xC0,0x00,0x00,
    0x00,0x00,0x00,0x00,0x01,0xFF,0xFF,0xC0,0x00,0x00,
    0x00,0x00,0x00,0x00,0x01,0xFF,0xFF,0x80,0x00,0x00,
    0x00,0x00,0x00,0x00,0x03,0xFF,0xFF,0x80,0x00,0x00,
    0x00,0x00,0x00,0x00,0x07,0xFF,0xFF,0x00,0x00,0x00,
    0x00,0x00,0x00,0x00,0x07,0xFF,0xFF,0x00,0x00,0x00,
    0x00,0x00,0x00,0x00,0x0F,0xFF,0xFE,0x00,0x00,0x00,
    0x00,0x00,0x00,0x00,0x0F,0xFF,0xFE,0x00,0x00,0x00,
    0x00,0x00,0x00,0x00,0x1F,0xFF,0xFC,0x00,0x00,0x00,
    0x00,0x00,0x00,0x00,0x1F,0xFF,0xFC,0x00,0x00,0x00,
    0x00,0x00,0x00,0x00,0x3F,0xFF,0xF8,0x00,0x00,0x00,
    0x00,0x00,0x00,0x00,0x3F,0xFF,0xF8,0x00,0x00,0x00,
    0x00,0x00,0x00,0x00,0x7F,0xFF,0xF0,0x00,0x00,0x00,
    0x00,0x00,0x00,0x00,0x7F,0xFF,0xF0,0x00,0x00,0x00,
    0x00,0x00,0x00,0x00,0xFF,0xFF,0xE0,0x00,0x00,0x00,
    0x00,0x00,0x00,0x00,0xFF,0xFF,0xE0,0x00,0x00,0x00,
    0x00,0x00,0x00,0x01,0xFF,0xFF,0xE0,0x00,0x00,0x00,
    0x00,0x00,0x00,0x01,0xFF,0xFF,0xC0,0x00,0x00,0x00,
    0x00,0x00,0x00,0x01,0xFF,0xFF,0xC0,0x00,0x00,0x00,
    0x00,0x00,0x00,0x03,0xFF,0xFF,0xC0,0x00,0x00,0x00,
    0x00,0x00,0x00,0x03,0xFF,0xFF,0x80,0x00,0x00,0x00,
    0x00,0x00,0x00,0x07,0xFF,0xFF,0x80,0x00,0x00,0x00,
    0x00,0x00,0x00,0x07,0xFF,0xFF,0x80,0x00,0x00,0x00,
    0x00,0x00,0x00,0x0F,0xFF,0xFF,0x00,0x00,0x00,0x00,
    0x00,0x00,0x00,0x0F,0xFF,0xFF,0x00,0x00,0x00,0x00,
    0x00,0x00,0x00,0x0F,0xFF,0xFF,0x00,0x00,0x00,0x00,
    0x00,0x00,0x00,0x1F,0xFF,0xFE,0x00,0x00,0x00,0x00,
    0x00,0x00,0x00,0x1F,0xFF,0xFE,0x00,0x00,0x00,0x00,
    0x00,0x00,0x00,0x1F,0xFF,0xFE,0x00,0x00,0x00,0x00,
    0x00,0x00,0x00,0x3F,0xFF,0xFC,0x00,0x00,0x00,0x00,
    0x00,0x00,0x00,0x3F,0xFF,0xFC,0x00,0x00,0x00,0x00,
    0x00,0x00,0x00,0x3F,0xFF,0xFC,0x00,0x00,0x00,0x00,
    0x00,0x00,0x00,0x7F,0xFF,0xFC,0x00,0x00,0x00,0x00,
    0x00,0x00,0x00,0x7F,0xFF,0xF8,0x00,0x00,0x00,0x00,
    0x00,0x00,0x00,0x7F,0xFF,0xF8,0x00,0x00,0x00,0x00,
    0x00,0x00,0x00,0xFF,0xFF,0xF8,0x00,0x00,0x00,0x00,
    0x00,0x00,0x00,0xFF,0xFF,0xF8,0x00,0x00,0x00,0x00,
    0x00,0x00,0x00,0xFF,0xFF,0xF0,0x00,0x00,0x00,0x00,
    0x00,0x00,0x00,0xFF,0xFF,0xF0,0x00,0x00,0x00,0x00,
    0x00,0x00,0x01,0xFF,0xFF,0xF0,0x00,0x00,0x00,0x00,
    0x00,0x00,0x01,0xFF,0xFF,0xF0,0x00,0x00,0x00,0x00,
    0x00,0x00,0x01,0xFF,0xFF,0xF0,0x00,0x00,0x00,0x00,
    0x00,0x00,0x01,0xFF,0xFF,0xE0,0x00,0x00,0x00,0x00,
    0x00,0x00,0x03,0xFF,0xFF,0xE0,0x00,0x00,0x00,0x00,
    0x00,0x00,0x03,0xFF,0xFF,0xE0,0x00,0x00,0x00,0x00,
    0x00,0x00,0x03,0xFF,0xFF,0xE0,0x00,0x00,0x00,0x00,
    0x00,0x00,0x03,0xFF,0xFF,0xE0,0x00,0x00,0x00,0x00,
    0x00,0x00,0x07,0xFF,0xFF,0xE0,0x00,0x00,0x00,0x00,
    0x00,0x00,0x07,0xFF,0xFF,0xC0,0x00,0x00,0x00,0x00,
    0x00,0x00,0x07,0xFF,0xFF,0xC0,0x00,0x00,0x00,0x00,
    0x00,0x00,0x07,0xFF,0xFF,0xC0,0x00,0x00,0x00,0x00,
    0x00,0x00,0x07,0xFF,0xFF,0xC0,0x00,0x00,0x00,0x00,
    0x00,0x00,0x07,0xFF,0xFF,0xC0,0x00,0x00,0x00,0x00,
    0x00,0x00,0x0F,0xFF,0xFF,0xC0,0x00,0x00,0x00,0x00,
    0x00,0x00,0x0F,0xFF,0xFF,0xC0,0x00,0x00,0x00,0x00,
    0x00,0x00,0x0F,0xFF,0xFF,0xC0,0x00,0x00,0x00,0x00,
    0x00,0x00,0x0F,0xFF,0xFF,0xC0,0x00,0x00,0x00,0x00,
    0x00,0x00,0x0F,0xFF,0xFF,0x80,0x00,0x00,0x00,0x00,
    0x00,0x00,0x0F,0xFF,0xFF,0x80,0x00,0x00,0x00,0x00,
    0x00,0x00,0x0F,0xFF,0xFF,0x80,0x00,0x00,0x00,0x00,
    0x00,0x00,0x0F,0xFF,0xFF,0x80,0x00,0x00,0x00,0x00,
    0x00,0x00,0x0F,0xFF,0xFF,0x80,0x00,0x00,0x00,0x00,
    0x00,0x00,0x1F,0xFF,0xFF,0x80,0x00,0x00,0x00,0x00,
    0x00,0x00,0x00,0x00,0x00,0x00,0x00,0x00,0x00,0x00,
    0x00,0x00,0x00,0x00,0x00,0x00,0x00,0x00,0x00,0x00,
    0x00,0x00,0x00,0x00,0x00,0x00,0x00,0x00,0x00,0x00,
    0x00,0x00,0x00,0x00,0x00,0x00,0x00,0x00,0x00,0x00,
    0x00,0x00,0x00,0x00,0x00,0x00,0x00,0x00,0x00,0x00,
    0x00,0x00,0x00,0x00,0x00,0x00,0x00,0x00,0x00,0x00,
    0x00,0x00,0x00,0x00,0x00,0x00,0x00,0x00,0x00,0x00,
    0x00,0x00,0x00,0x00,0x00,0x00,0x00,0x00,0x00,0x00,
    0x00,0x00,0x00,0x00,0x00,0x00,0x00,0x00,0x00,0x00,
    0x00,0x00,0x00,0x00,0x00,0x00,0x00,0x00,0x00,0x00,
  },
{
    0x00,0x00,0x00,0x00,0x00,0x00,0x00,0x00,0x00,0x00,
    0x00,0x00,0x00,0x00,0x00,0x00,0x00,0x00,0x00,0x00,
    0x00,0x00,0x00,0x00,0x00,0x00,0x00,0x00,0x00,0x00,
    0x00,0x00,0x00,0x00,0x00,0x00,0x00,0x00,0x00,0x00,
    0x00,0x00,0x00,0x00,0x00,0x00,0x00,0x00,0x00,0x00,
    0x00,0x00,0x00,0x00,0x00,0x00,0x00,0x00,0x00,0x00,
    0x00,0x00,0x00,0x00,0x00,0x00,0x00,0x00,0x00,0x00,
    0x00,0x00,0x00,0x00,0x00,0x00,0x00,0x00,0x00,0x00,
    0x00,0x00,0x00,0x00,0x00,0x00,0x00,0x00,0x00,0x00,
    0x00,0x00,0x00,0x00,0x00,0x00,0x00,0x00,0x00,0x00,
    0x00,0x00,0x00,0x00,0x3F,0xFE,0x00,0x00,0x00,0x00,
    0x00,0x00,0x00,0x07,0xFF,0xFF,0xF0,0x00,0x00,0x00,
    0x00,0x00,0x00,0x3F,0xFF,0xFF,0xFE,0x00,0x00,0x00,
    0x00,0x00,0x01,0xFF,0xFF,0xFF,0xFF,0x80,0x00,0x00,
    0x00,0x00,0x03,0xFF,0xFF,0xFF,0xFF,0xE0,0x00,0x00,
    0x00,0x00,0x0F,0xFF,0xFF,0xFF,0xFF,0xF0,0x00,0x00,
    0x00,0x00,0x3F,0xFF,0xFF,0xFF,0xFF,0xFC,0x00,0x00,
    0x00,0x00,0x7F,0xFF,0xFF,0xFF,0xFF,0xFE,0x00,0x00,
    0x00,0x00,0xFF,0xFF,0xFF,0xFF,0xFF,0xFF,0x00,0x00,
    0x00,0x01,0xFF,0xFF,0xFF,0xFF,0xFF,0xFF,0x80,0x00,
    0x00,0x03,0xFF,0xFF,0xFF,0xFF,0xFF,0xFF,0xC0,0x00,
    0x00,0x07,0xFF,0xFF,0xFF,0xFF,0xFF,0xFF,0xE0,0x00,
    0x00,0x0F,0xFF,0xFF,0xFF,0xFF,0xFF,0xFF,0xF0,0x00,
    0x00,0x0F,0xFF,0xFF,0xFF,0xFF,0xFF,0xFF,0xF0,0x00,
    0x00,0x1F,0xFF,0xFF,0xFF,0xFF,0xFF,0xFF,0xF8,0x00,
    0x00,0x3F,0xFF,0xFF,0xF8,0x07,0xFF,0xFF,0xFC,0x00,
    0x00,0x3F,0xFF,0xFF,0x80,0x00,0xFF,0xFF,0xFC,0x00,
    0x00,0x7F,0xFF,0xFE,0x00,0x00,0x7F,0xFF,0xFE,0x00,
    0x00,0x7F,0xFF,0xFC,0x00,0x00,0x1F,0xFF,0xFE,0x00,
    0x00,0x7F,0xFF,0xF8,0x00,0x00,0x0F,0xFF,0xFE,0x00,
    0x00,0x7F,0xFF,0xF0,0x00,0x00,0x0F,0xFF,0xFF,0x00,
    0x00,0xFF,0xFF,0xE0,0x00,0x00,0x07,0xFF,0xFF,0x00,
    0x00,0xFF,0xFF,0xE0,0x00,0x00,0x07,0xFF,0xFF,0x00,
    0x00,0xFF,0xFF,0xC0,0x00,0x00,0x03,0xFF,0xFF,0x00,
    0x00,0xFF,0xFF,0xC0,0x00,0x00,0x03,0xFF,0xFF,0x00,
    0x00,0xFF,0xFF,0xC0,0x00,0x00,0x03,0xFF,0xFF,0x00,
    0x00,0xFF,0xFF,0xC0,0x00,0x00,0x03,0xFF,0xFF,0x00,
    0x00,0xFF,0xFF,0xC0,0x00,0x00,0x03,0xFF,0xFF,0x00,
    0x00,0xFF,0xFF,0xC0,0x00,0x00,0x01,0xFF,0xFF,0x00,
    0x00,0xFF,0xFF,0xC0,0x00,0x00,0x03,0xFF,0xFF,0x00,
    0x00,0xFF,0xFF,0xC0,0x00,0x00,0x03,0xFF,0xFF,0x00,
    0x00,0xFF,0xFF,0xC0,0x00,0x00,0x03,0xFF,0xFF,0x00,
    0x00,0x7F,0xFF,0xC0,0x00,0x00,0x03,0xFF,0xFF,0x00,
    0x00,0x7F,0xFF,0xE0,0x00,0x00,0x03,0xFF,0xFE,0x00,
    0x00,0x7F,0xFF,0xE0,0x00,0x00,0x07,0xFF,0xFE,0x00,
    0x00,0x3F,0xFF,0xF0,0x00,0x00,0x07,0xFF,0xFC,0x00,
    0x00,0x3F,0xFF,0xF8,0x00,0x00,0x0F,0xFF,0xFC,0x00,
    0x00,0x1F,0xFF,0xFC,0x00,0x00,0x1F,0xFF,0xF8,0x00,
    0x00,0x1F,0xFF,0xFE,0x00,0x00,0x7F,0xFF,0xF8,0x00,
    0x00,0x0F,0xFF,0xFF,0x80,0x01,0xFF,0xFF,0xF0,0x00,
    0x00,0x07,0xFF,0xFF,0xF0,0x0F,0xFF,0xFF,0xE0,0x00,
    0x00,0x07,0xFF,0xFF,0xFF,0xFF,0xFF,0xFF,0xC0,0x00,
    0x00,0x01,0xFF,0xFF,0xFF,0xFF,0xFF,0xFF,0x80,0x00,
    0x00,0x00,0xFF,0xFF,0xFF,0xFF,0xFF,0xFF,0x00,0x00,
    0x00,0x00,0x7F,0xFF,0xFF,0xFF,0xFF,0xFC,0x00,0x00,
    0x00,0x00,0x0F,0xFF,0xFF,0xFF,0xFF,0xF8,0x00,0x00,
    0x00,0x00,0x03,0xFF,0xFF,0xFF,0xFF,0xE0,0x00,0x00,
    0x00,0x00,0x1F,0xFF,0xFF,0xFF,0xFF,0xFC,0x00,0x00,
    0x00,0x00,0xFF,0xFF,0xFF,0xFF,0xFF,0xFF,0x00,0x00,
    0x00,0x01,0xFF,0xFF,0xFF,0xFF,0xFF,0xFF,0xC0,0x00,
    0x00,0x07,0xFF,0xFF,0xFF,0xFF,0xFF,0xFF,0xE0,0x00,
    0x00,0x0F,0xFF,0xFF,0xFF,0xFF,0xFF,0xFF,0xF8,0x00,
    0x00,0x1F,0xFF,0xFF,0xFF,0xFF,0xFF,0xFF,0xFC,0x00,
    0x00,0x3F,0xFF,0xFF,0xFF,0xFF,0xFF,0xFF,0xFE,0x00,
    0x00,0x7F,0xFF,0xFF,0xF0,0x0F,0xFF,0xFF,0xFE,0x00,
    0x00,0xFF,0xFF,0xFF,0x80,0x01,0xFF,0xFF,0xFF,0x00,
    0x01,0xFF,0xFF,0xFC,0x00,0x00,0x7F,0xFF,0xFF,0x80,
    0x01,0xFF,0xFF,0xF8,0x00,0x00,0x1F,0xFF,0xFF,0x80,
    0x03,0xFF,0xFF,0xF0,0x00,0x00,0x0F,0xFF,0xFF,0xC0,
    0x03,0xFF,0xFF,0xE0,0x00,0x00,0x07,0xFF,0xFF,0xC0,
    0x07,0xFF,0xFF,0xC0,0x00,0x00,0x03,0xFF,0xFF,0xE0,
    0x07,0xFF,0xFF,0x80,0x00,0x00,0x01,0xFF,0xFF,0xE0,
    0x07,0xFF,0xFF,0x80,0x00,0x00,0x01,0xFF,0xFF,0xE0,
    0x07,0xFF,0xFF,0x00,0x00,0x00,0x00,0xFF,0xFF,0xF0,
    0x0F,0xFF,0xFF,0x00,0x00,0x00,0x00,0xFF,0xFF,0xF0,
    0x0F,0xFF,0xFF,0x00,0x00,0x00,0x00,0xFF,0xFF,0xF0,
    0x0F,0xFF,0xFF,0x00,0x00,0x00,0x00,0xFF,0xFF,0xF0,
    0x0F,0xFF,0xFF,0x00,0x00,0x00,0x00,0x7F,0xFF,0xF0,
    0x0F,0xFF,0xFE,0x00,0x00,0x00,0x00,0x7F,0xFF,0xF0,
    0x0F,0xFF,0xFE,0x00,0x00,0x00,0x00,0x7F,0xFF,0xF0,
    0x0F,0xFF,0xFF,0x00,0x00,0x00,0x00,0x7F,0xFF,0xF0,
    0x0F,0xFF,0xFF,0x00,0x00,0x00,0x00,0x7F,0xFF,0xF0,
    0x0F,0xFF,0xFF,0x00,0x00,0x00,0x00,0xFF,0xFF,0xF0,
    0x0F,0xFF,0xFF,0x00,0x00,0x00,0x00,0xFF,0xFF,0xF0,
    0x0F,0xFF,0xFF,0x00,0x00,0x00,0x00,0xFF,0xFF,0xF0,
    0x0F,0xFF,0xFF,0x80,0x00,0x00,0x00,0xFF,0xFF,0xF0,
    0x0F,0xFF,0xFF,0x80,0x00,0x00,0x01,0xFF,0xFF,0xF0,
    0x07,0xFF,0xFF,0xC0,0x00,0x00,0x03,0xFF,0xFF,0xE0,
    0x07,0xFF,0xFF,0xE0,0x00,0x00,0x03,0xFF,0xFF,0xE0,
    0x07,0xFF,0xFF,0xE0,0x00,0x00,0x07,0xFF,0xFF,0xE0,
    0x03,0xFF,0xFF,0xF0,0x00,0x00,0x0F,0xFF,0xFF,0xE0,
    0x03,0xFF,0xFF,0xFC,0x00,0x00,0x1F,0xFF,0xFF,0xC0,
    0x03,0xFF,0xFF,0xFE,0x00,0x00,0x7F,0xFF,0xFF,0xC0,
    0x01,0xFF,0xFF,0xFF,0x80,0x01,0xFF,0xFF,0xFF,0x80,
    0x00,0xFF,0xFF,0xFF,0xF0,0x0F,0xFF,0xFF,0xFF,0x00,
    0x00,0xFF,0xFF,0xFF,0xFF,0xFF,0xFF,0xFF,0xFF,0x00,
    0x00,0x7F,0xFF,0xFF,0xFF,0xFF,0xFF,0xFF,0xFE,0x00,
    0x00,0x3F,0xFF,0xFF,0xFF,0xFF,0xFF,0xFF,0xFC,0x00,
    0x00,0x3F,0xFF,0xFF,0xFF,0xFF,0xFF,0xFF,0xFC,0x00,
    0x00,0x1F,0xFF,0xFF,0xFF,0xFF,0xFF,0xFF,0xF8,0x00,
    0x00,0x0F,0xFF,0xFF,0xFF,0xFF,0xFF,0xFF,0xF0,0x00,
    0x00,0x07,0xFF,0xFF,0xFF,0xFF,0xFF,0xFF,0xC0,0x00,
    0x00,0x01,0xFF,0xFF,0xFF,0xFF,0xFF,0xFF,0x80,0x00,
    0x00,0x00,0xFF,0xFF,0xFF,0xFF,0xFF,0xFF,0x00,0x00,
    0x00,0x00,0x3F,0xFF,0xFF,0xFF,0xFF,0xFC,0x00,0x00,
    0x00,0x00,0x1F,0xFF,0xFF,0xFF,0xFF,0xF0,0x00,0x00,
    0x00,0x00,0x03,0xFF,0xFF,0xFF,0xFF,0xC0,0x00,0x00,
    0x00,0x00,0x00,0xFF,0xFF,0xFF,0xFF,0x00,0x00,0x00,
    0x00,0x00,0x00,0x1F,0xFF,0xFF,0xF0,0x00,0x00,0x00,
    0x00,0x00,0x00,0x00,0x7F,0xFF,0x00,0x00,0x00,0x00,
    0x00,0x00,0x00,0x00,0x00,0x00,0x00,0x00,0x00,0x00,
    0x00,0x00,0x00,0x00,0x00,0x00,0x00,0x00,0x00,0x00,
    0x00,0x00,0x00,0x00,0x00,0x00,0x00,0x00,0x00,0x00,
    0x00,0x00,0x00,0x00,0x00,0x00,0x00,0x00,0x00,0x00,
    0x00,0x00,0x00,0x00,0x00,0x00,0x00,0x00,0x00,0x00,
    0x00,0x00,0x00,0x00,0x00,0x00,0x00,0x00,0x00,0x00,
    0x00,0x00,0x00,0x00,0x00,0x00,0x00,0x00,0x00,0x00,
    0x00,0x00,0x00,0x00,0x00,0x00,0x00,0x00,0x00,0x00,
    0x00,0x00,0x00,0x00,0x00,0x00,0x00,0x00,0x00,0x00,
    0x00,0x00,0x00,0x00,0x00,0x00,0x00,0x00,0x00,0x00,
  },
{
    0x00,0x00,0x00,0x00,0x00,0x00,0x00,0x00,0x00,0x00,
    0x00,0x00,0x00,0x00,0x00,0x00,0x00,0x00,0x00,0x00,
    0x00,0x00,0x00,0x00,0x00,0x00,0x00,0x00,0x00,0x00,
    0x00,0x00,0x00,0x00,0x00,0x00,0x00,0x00,0x00,0x00,
    0x00,0x00,0x00,0x00,0x00,0x00,0x00,0x00,0x00,0x00,
    0x00,0x00,0x00,0x00,0x00,0x00,0x00,0x00,0x00,0x00,
    0x00,0x00,0x00,0x00,0x00,0x00,0x00,0x00,0x00,0x00,
    0x00,0x00,0x00,0x00,0x00,0x00,0x00,0x00,0x00,0x00,
    0x00,0x00,0x00,0x00,0x00,0x00,0x00,0x00,0x00,0x00,
    0x00,0x00,0x00,0x00,0x00,0x00,0x00,0x00,0x00,0x00,
    0x00,0x00,0x00,0x00,0xFF,0xFC,0x00,0x00,0x00,0x00,
    0x00,0x00,0x00,0x0F,0xFF,0xFF,0xC0,0x00,0x00,0x00,
    0x00,0x00,0x00,0x7F,0xFF,0xFF,0xF8,0x00,0x00,0x00,
    0x00,0x00,0x01,0xFF,0xFF,0xFF,0xFE,0x00,0x00,0x00,
    0x00,0x00,0x07,0xFF,0xFF,0xFF,0xFF,0x80,0x00,0x00,
    0x00,0x00,0x0F,0xFF,0xFF,0xFF,0xFF,0xE0,0x00,0x00,
    0x00,0x00,0x3F,0xFF,0xFF,0xFF,0xFF,0xF0,0x00,0x00,
    0x00,0x00,0x7F,0xFF,0xFF,0xFF,0xFF,0xF8,0x00,0x00,
    0x00,0x00,0xFF,0xFF,0xFF,0xFF,0xFF,0xFC,0x00,0x00,
    0x00,0x01,0xFF,0xFF,0xFF,0xFF,0xFF,0xFE,0x00,0x00,
    0x00,0x03,0xFF,0xFF,0xFF,0xFF,0xFF,0xFF,0x00,0x00,
    0x00,0x07,0xFF,0xFF,0xFF,0xFF,0xFF,0xFF,0x80,0x00,
    0x00,0x0F,0xFF,0xFF,0xFF,0xFF,0xFF,0xFF,0xC0,0x00,
    0x00,0x1F,0xFF,0xFF,0xFF,0xFF,0xFF,0xFF,0xE0,0x00,
    0x00,0x1F,0xFF,0xFF,0xFF,0xFF,0xFF,0xFF,0xE0,0x00,
    0x00,0x3F,0xFF,0xFF,0xFF,0xFF,0xFF,0xFF,0xF0,0x00,
    0x00,0x7F,0xFF,0xFF,0xF0,0x1F,0xFF,0xFF,0xF8,0x00,
    0x00,0x7F,0xFF,0xFF,0x80,0x03,0xFF,0xFF,0xF8,0x00,
    0x00,0xFF,0xFF,0xFF,0x00,0x01,0xFF,0xFF,0xFC,0x00,
    0x00,0xFF,0xFF,0xFC,0x00,0x00,0x7F,0xFF,0xFC,0x00,
    0x00,0xFF,0xFF,0xF8,0x00,0x00,0x3F,0xFF,0xFE,0x00,
    0x01,0xFF,0xFF,0xF0,0x00,0x00,0x1F,0xFF,0xFE,0x00,
    0x01,0xFF,0xFF,0xF0,0x00,0x00,0x1F,0xFF,0xFF,0x00,
    0x03,0xFF,0xFF,0xE0,0x00,0x00,0x0F,0xFF,0xFF,0x00,
    0x03,0xFF,0xFF,0xE0,0x00,0x00,0x07,0xFF,0xFF,0x00,
    0x03,0xFF,0xFF,0xC0,0x00,0x00,0x07,0xFF,0xFF,0x80,
    0x03,0xFF,0xFF,0xC0,0x00,0x00,0x07,0xFF,0xFF,0x80,
    0x07,0xFF,0xFF,0x80,0x00,0x00,0x03,0xFF,0xFF,0x80,
    0x07,0xFF,0xFF,0x80,0x00,0x00,0x03,0xFF,0xFF,0x80,
    0x07,0xFF,0xFF,0x80,0x00,0x00,0x03,0xFF,0xFF,0xC0,
    0x07,0xFF,0xFF,0x80,0x00,0x00,0x01,0xFF,0xFF,0xC0,
    0x07,0xFF,0xFF,0x80,0x00,0x00,0x01,0xFF,0xFF,0xC0,
    0x07,0xFF,0xFF,0x80,0x00,0x00,0x01,0xFF,0xFF,0xC0,
    0x07,0xFF,0xFF,0x80,0x00,0x00,0x01,0xFF,0xFF,0xE0,
    0x07,0xFF,0xFF,0x80,0x00,0x00,0x01,0xFF,0xFF,0xE0,
    0x07,0xFF,0xFF,0x80,0x00,0x00,0x01,0xFF,0xFF,0xE0,
    0x07,0xFF,0xFF,0x80,0x00,0x00,0x01,0xFF,0xFF,0xE0,
    0x07,0xFF,0xFF,0x80,0x00,0x00,0x03,0xFF,0xFF,0xE0,
    0x07,0xFF,0xFF,0x80,0x00,0x00,0x03,0xFF,0xFF,0xE0,
    0x07,0xFF,0xFF,0x80,0x00,0x00,0x03,0xFF,0xFF,0xE0,
    0x07,0xFF,0xFF,0xC0,0x00,0x00,0x03,0xFF,0xFF,0xE0,
    0x07,0xFF,0xFF,0xC0,0x00,0x00,0x07,0xFF,0xFF,0xF0,
    0x03,0xFF,0xFF,0xC0,0x00,0x00,0x07,0xFF,0xFF,0xF0,
    0x03,0xFF,0xFF,0xE0,0x00,0x00,0x0F,0xFF,0xFF,0xF0,
    0x03,0xFF,0xFF,0xF0,0x00,0x00,0x0F,0xFF,0xFF,0xF0,
    0x03,0xFF,0xFF,0xF0,0x00,0x00,0x1F,0xFF,0xFF,0xF0,
    0x01,0xFF,0xFF,0xF8,0x00,0x00,0x3F,0xFF,0xFF,0xF0,
    0x01,0xFF,0xFF,0xFC,0x00,0x00,0x7F,0xFF,0xFF,0xF0,
    0x01,0xFF,0xFF,0xFE,0x00,0x00,0xFF,0xFF,0xFF,0xF0,
    0x00,0xFF,0xFF,0xFF,0x80,0x03,0xFF,0xFF,0xFF,0xF0,
    0x00,0xFF,0xFF,0xFF,0xF0,0x1F,0xFF,0xFF,0xFF,0xF0,
    0x00,0x7F,0xFF,0xFF,0xFF,0xFF,0xFF,0xFF,0xFF,0xF0,
    0x00,0x3F,0xFF,0xFF,0xFF,0xFF,0xFF,0xFF,0xFF,0xF0,
    0x00,0x3F,0xFF,0xFF,0xFF,0xFF,0xFF,0xFF,0xFF,0xF0,
    0x00,0x1F,0xFF,0xFF,0xFF,0xFF,0xFF,0xFF,0xFF,0xF0,
    0x00,0x0F,0xFF,0xFF,0xFF,0xFF,0xFF,0xFF,0xFF,0xF0,
    0x00,0x07,0xFF,0xFF,0xFF,0xFF,0xFE,0xFF,0xFF,0xF0,
    0x00,0x03,0xFF,0xFF,0xFF,0xFF,0xFE,0xFF,0xFF,0xE0,
    0x00,0x01,0xFF,0xFF,0xFF,0xFF,0xFC,0xFF,0xFF,0xE0,
    0x00,0x00,0xFF,0xFF,0xFF,0xFF,0xF8,0xFF,0xFF,0xE0,
    0x00,0x00,0x7F,0xFF,0xFF,0xFF,0xF0,0xFF,0xFF,0xE0,
    0x00,0x00,0x1F,0xFF,0xFF,0xFF,0xC0,0xFF,0xFF,0xE0,
    0x00,0x00,0x07,0xFF,0xFF,0xFF,0x80,0xFF,0xFF,0xE0,
    0x00,0x00,0x01,0xFF,0xFF,0xFE,0x00,0xFF,0xFF,0xE0,
    0x00,0x00,0x00,0x7F,0xFF,0xF8,0x01,0xFF,0xFF,0xC0,
    0x00,0x00,0x00,0x07,0xFF,0x80,0x01,0xFF,0xFF,0xC0,
    0x00,0x00,0x00,0x00,0x00,0x00,0x01,0xFF,0xFF,0xC0,
    0x00,0x00,0x00,0x00,0x00,0x00,0x01,0xFF,0xFF,0xC0,
    0x00,0x00,0x00,0x00,0x00,0x00,0x03,0xFF,0xFF,0xC0,
    0x00,0x00,0x00,0x00,0x00,0x00,0x03,0xFF,0xFF,0x80,
    0x00,0x00,0x00,0x00,0x00,0x00,0x03,0xFF,0xFF,0x80,
    0x00,0x00,0x00,0x00,0x00,0x00,0x03,0xFF,0xFF,0x80,
    0x00,0x00,0x00,0x00,0x00,0x00,0x07,0xFF,0xFF,0x00,
    0x01,0xFF,0xFF,0x80,0x00,0x00,0x07,0xFF,0xFF,0x00,
    0x01,0xFF,0xFF,0xC0,0x00,0x00,0x0F,0xFF,0xFF,0x00,
    0x01,0xFF,0xFF,0xC0,0x00,0x00,0x0F,0xFF,0xFE,0x00,
    0x01,0xFF,0xFF,0xC0,0x00,0x00,0x1F,0xFF,0xFE,0x00,
    0x01,0xFF,0xFF,0xE0,0x00,0x00,0x1F,0xFF,0xFE,0x00,
    0x00,0xFF,0xFF,0xE0,0x00,0x00,0x3F,0xFF,0xFC,0x00,
    0x00,0xFF,0xFF,0xF0,0x00,0x00,0x7F,0xFF,0xFC,0x00,
    0x00,0xFF,0xFF,0xF8,0x00,0x00,0xFF,0xFF,0xF8,0x00,
    0x00,0x7F,0xFF,0xFC,0x00,0x01,0xFF,0xFF,0xF8,0x00,
    0x00,0x7F,0xFF,0xFE,0x00,0x03,0xFF,0xFF,0xF0,0x00,
    0x00,0x7F,0xFF,0xFF,0x00,0x0F,0xFF,0xFF,0xE0,0x00,
    0x00,0x3F,0xFF,0xFF,0xE0,0x3F,0xFF,0xFF,0xE0,0x00,
    0x00,0x1F,0xFF,0xFF,0xFF,0xFF,0xFF,0xFF,0xC0,0x00,
    0x00,0x1F,0xFF,0xFF,0xFF,0xFF,0xFF,0xFF,0x80,0x00,
    0x00,0x0F,0xFF,0xFF,0xFF,0xFF,0xFF,0xFF,0x80,0x00,
    0x00,0x0F,0xFF,0xFF,0xFF,0xFF,0xFF,0xFF,0x00,0x00,
    0x00,0x07,0xFF,0xFF,0xFF,0xFF,0xFF,0xFE,0x00,0x00,
    0x00,0x03,0xFF,0xFF,0xFF,0xFF,0xFF,0xFC,0x00,0x00,
    0x00,0x01,0xFF,0xFF,0xFF,0xFF,0xFF,0xF8,0x00,0x00,
    0x00,0x00,0xFF,0xFF,0xFF,0xFF,0xFF,0xF0,0x00,0x00,
    0x00,0x00,0x7F,0xFF,0xFF,0xFF,0xFF,0xC0,0x00,0x00,
    0x00,0x00,0x1F,0xFF,0xFF,0xFF,0xFF,0x80,0x00,0x00,
    0x00,0x00,0x0F,0xFF,0xFF,0xFF,0xFF,0x00,0x00,0x00,
    0x00,0x00,0x03,0xFF,0xFF,0xFF,0xFC,0x00,0x00,0x00,
    0x00,0x00,0x00,0xFF,0xFF,0xFF,0xF0,0x00,0x00,0x00,
    0x00,0x00,0x00,0x1F,0xFF,0xFF,0x80,0x00,0x00,0x00,
    0x00,0x00,0x00,0x01,0xFF,0xF8,0x00,0x00,0x00,0x00,
    0x00,0x00,0x00,0x00,0x00,0x00,0x00,0x00,0x00,0x00,
    0x00,0x00,0x00,0x00,0x00,0x00,0x00,0x00,0x00,0x00,
    0x00,0x00,0x00,0x00,0x00,0x00,0x00,0x00,0x00,0x00,
    0x00,0x00,0x00,0x00,0x00,0x00,0x00,0x00,0x00,0x00,
    0x00,0x00,0x00,0x00,0x00,0x00,0x00,0x00,0x00,0x00,
    0x00,0x00,0x00,0x00,0x00,0x00,0x00,0x00,0x00,0x00,
    0x00,0x00,0x00,0x00,0x00,0x00,0x00,0x00,0x00,0x00,
    0x00,0x00,0x00,0x00,0x00,0x00,0x00,0x00,0x00,0x00,
    0x00,0x00,0x00,0x00,0x00,0x00,0x00,0x00,0x00,0x00,
    0x00,0x00,0x00,0x00,0x00,0x00,0x00,0x00,0x00,0x00,
  }
};

// ---- b180：0123456789 @ 124x180 ----
const uint8_t cal_font_b180_digits[10][2880] = {
  {
    0x00,0x00,0x00,0x00,0x00,0x00,0x00,0x00,0x00,0x00,0x00,0x00,0x00,0x00,0x00,0x00,
    0x00,0x00,0x00,0x00,0x00,0x00,0x00,0x00,0x00,0x00,0x00,0x00,0x00,0x00,0x00,0x00,
    0x00,0x00,0x00,0x00,0x00,0x00,0x00,0x00,0x00,0x00,0x00,0x00,0x00,0x00,0x00,0x00,
    0x00,0x00,0x00,0x00,0x00,0x00,0x00,0x00,0x00,0x00,0x00,0x00,0x00,0x00,0x00,0x00,
    0x00,0x00,0x00,0x00,0x00,0x00,0x00,0x00,0x00,0x00,0x00,0x00,0x00,0x00,0x00,0x00,
    0x00,0x00,0x00,0x00,0x00,0x00,0x00,0x00,0x00,0x00,0x00,0x00,0x00,0x00,0x00,0x00,
    0x00,0x00,0x00,0x00,0x00,0x00,0x00,0x00,0x00,0x00,0x00,0x00,0x00,0x00,0x00,0x00,
    0x00,0x00,0x00,0x00,0x00,0x00,0x00,0x00,0x00,0x00,0x00,0x00,0x00,0x00,0x00,0x00,
    0x00,0x00,0x00,0x00,0x00,0x00,0x00,0x00,0x00,0x00,0x00,0x00,0x00,0x00,0x00,0x00,
    0x00,0x00,0x00,0x00,0x00,0x00,0x00,0x00,0x00,0x00,0x00,0x00,0x00,0x00,0x00,0x00,
    0x00,0x00,0x00,0x00,0x00,0x00,0x00,0x00,0x00,0x00,0x00,0x00,0x00,0x00,0x00,0x00,
    0x00,0x00,0x00,0x00,0x00,0x00,0x00,0x00,0x00,0x00,0x00,0x00,0x00,0x00,0x00,0x00,
    0x00,0x00,0x00,0x00,0x00,0x00,0x00,0x00,0x00,0x00,0x00,0x00,0x00,0x00,0x00,0x00,
    0x00,0x00,0x00,0x00,0x00,0x00,0x00,0x00,0x00,0x00,0x00,0x00,0x00,0x00,0x00,0x00,
    0x00,0x00,0x00,0x00,0x00,0x00,0x00,0x00,0x00,0x00,0x00,0x00,0x00,0x00,0x00,0x00,
    0x00,0x00,0x00,0x00,0x00,0x00,0x07,0xFF,0xF8,0x00,0x00,0x00,0x00,0x00,0x00,0x00,
    0x00,0x00,0x00,0x00,0x00,0x00,0xFF,0xFF,0xFF,0xC0,0x00,0x00,0x00,0x00,0x00,0x00,
    0x00,0x00,0x00,0x00,0x00,0x0F,0xFF,0xFF,0xFF,0xFC,0x00,0x00,0x00,0x00,0x00,0x00,
    0x00,0x00,0x00,0x00,0x00,0x7F,0xFF,0xFF,0xFF,0xFF,0x80,0x00,0x00,0x00,0x00,0x00,
    0x00,0x00,0x00,0x00,0x01,0xFF,0xFF,0xFF,0xFF,0xFF,0xF0,0x00,0x00,0x00,0x00,0x00,
    0x00,0x00,0x00,0x00,0x07,0xFF,0xFF,0xFF,0xFF,0xFF,0xFC,0x00,0x00,0x00,0x00,0x00,
    0x00,0x00,0x00,0x00,0x1F,0xFF,0xFF,0xFF,0xFF,0xFF,0xFE,0x00,0x00,0x00,0x00,0x00,
    0x00,0x00,0x00,0x00,0x7F,0xFF,0xFF,0xFF,0xFF,0xFF,0xFF,0x80,0x00,0x00,0x00,0x00,
    0x00,0x00,0x00,0x00,0xFF,0xFF,0xFF,0xFF,0xFF,0xFF,0xFF,0xC0,0x00,0x00,0x00,0x00,
    0x00,0x00,0x00,0x01,0xFF,0xFF,0xFF,0xFF,0xFF,0xFF,0xFF,0xF0,0x00,0x00,0x00,0x00,
    0x00,0x00,0x00,0x07,0xFF,0xFF,0xFF,0xFF,0xFF,0xFF,0xFF,0xF8,0x00,0x00,0x00,0x00,
    0x00,0x00,0x00,0x0F,0xFF,0xFF,0xFF,0xFF,0xFF,0xFF,0xFF,0xFC,0x00,0x00,0x00,0x00,
    0x00,0x00,0x00,0x1F,0xFF,0xFF,0xFF,0xFF,0xFF,0xFF,0xFF,0xFE,0x00,0x00,0x00,0x00,
    0x00,0x00,0x00,0x3F,0xFF,0xFF,0xFF,0xFF,0xFF,0xFF,0xFF,0xFF,0x00,0x00,0x00,0x00,
    0x00,0x00,0x00,0x7F,0xFF,0xFF,0xFF,0xFF,0xFF,0xFF,0xFF,0xFF,0x80,0x00,0x00,0x00,
    0x00,0x00,0x00,0xFF,0xFF,0xFF,0xFF,0xFF,0xFF,0xFF,0xFF,0xFF,0xC0,0x00,0x00,0x00,
    0x00,0x00,0x00,0xFF,0xFF,0xFF,0xFF,0xFF,0xFF,0xFF,0xFF,0xFF,0xE0,0x00,0x00,0x00,
    0x00,0x00,0x01,0xFF,0xFF,0xFF,0xFF,0xFF,0xFF,0xFF,0xFF,0xFF,0xF0,0x00,0x00,0x00,
    0x00,0x00,0x03,0xFF,0xFF,0xFF,0xFF,0xFF,0xFF,0xFF,0xFF,0xFF,0xF0,0x00,0x00,0x00,
    0x00,0x00,0x07,0xFF,0xFF,0xFF,0xFF,0xFF,0xFF,0xFF,0xFF,0xFF,0xF8,0x00,0x00,0x00,
    0x00,0x00,0x07,0xFF,0xFF,0xFF,0xFF,0xFF,0xFF,0xFF,0xFF,0xFF,0xFC,0x00,0x00,0x00,
    0x00,0x00,0x0F,0xFF,0xFF,0xFF,0xFF,0xFF,0xFF,0xFF,0xFF,0xFF,0xFC,0x00,0x00,0x00,
    0x00,0x00,0x1F,0xFF,0xFF,0xFF,0xFF,0xFF,0xFF,0xFF,0xFF,0xFF,0xFE,0x00,0x00,0x00,
    0x00,0x00,0x1F,0xFF,0xFF,0xFF,0xFF,0xFF,0xFF,0xFF,0xFF,0xFF,0xFF,0x00,0x00,0x00,
    0x00,0x00,0x3F,0xFF,0xFF,0xFF,0xFF,0x80,0x7F,0xFF,0xFF,0xFF,0xFF,0x00,0x00,0x00,
    0x00,0x00,0x3F,0xFF,0xFF,0xFF,0xF8,0x00,0x07,0xFF,0xFF,0xFF,0xFF,0x80,0x00,0x00,
    0x00,0x00,0x7F,0xFF,0xFF,0xFF,0xF0,0x00,0x01,0xFF,0xFF,0xFF,0xFF,0x80,0x00,0x00,
    0x00,0x00,0x7F,0xFF,0xFF,0xFF,0xC0,0x00,0x00,0xFF,0xFF,0xFF,0xFF,0xC0,0x00,0x00,
    0x00,0x00,0xFF,0xFF,0xFF,0xFF,0x80,0x00,0x00,0x7F,0xFF,0xFF,0xFF,0xC0,0x00,0x00,
    0x00,0x00,0xFF,0xFF,0xFF,0xFF,0x00,0x00,0x00,0x1F,0xFF,0xFF,0xFF,0xE0,0x00,0x00,
    0x00,0x00,0xFF,0xFF,0xFF,0xFE,0x00,0x00,0x00,0x1F,0xFF,0xFF,0xFF,0xE0,0x00,0x00,
    0x00,0x01,0xFF,0xFF,0xFF,0xFC,0x00,0x00,0x00,0x0F,0xFF,0xFF,0xFF,0xE0,0x00,0x00,
    0x00,0x01,0xFF,0xFF,0xFF,0xF8,0x00,0x00,0x00,0x07,0xFF,0xFF,0xFF,0xF0,0x00,0x00,
    0x00,0x03,0xFF,0xFF,0xFF,0xF8,0x00,0x00,0x00,0x03,0xFF,0xFF,0xFF,0xF0,0x00,0x00,
    0x00,0x03,0xFF,0xFF,0xFF,0xF0,0x00,0x00,0x00,0x03,0xFF,0xFF,0xFF,0xF8,0x00,0x00,
    0x00,0x03,0xFF,0xFF,0xFF,0xF0,0x00,0x00,0x00,0x01,0xFF,0xFF,0xFF,0xF8,0x00,0x00,
    0x00,0x07,0xFF,0xFF,0xFF,0xE0,0x00,0x00,0x00,0x01,0xFF,0xFF,0xFF,0xF8,0x00,0x00,
    0x00,0x07,0xFF,0xFF,0xFF,0xE0,0x00,0x00,0x00,0x00,0xFF,0xFF,0xFF,0xFC,0x00,0x00,
    0x00,0x07,0xFF,0xFF,0xFF,0xC0,0x00,0x00,0x00,0x00,0xFF,0xFF,0xFF,0xFC,0x00,0x00,
    0x00,0x0F,0xFF,0xFF,0xFF,0xC0,0x00,0x00,0x00,0x00,0x7F,0xFF,0xFF,0xFC,0x00,0x00,
    0x00,0x0F,0xFF,0xFF,0xFF,0x80,0x00,0x00,0x00,0x00,0x7F,0xFF,0xFF,0xFC,0x00,0x00,
    0x00,0x0F,0xFF,0xFF,0xFF,0x80,0x00,0x00,0x00,0x00,0x7F,0xFF,0xFF,0xFE,0x00,0x00,
    0x00,0x0F,0xFF,0xFF,0xFF,0x80,0x00,0x00,0x00,0x00,0x3F,0xFF,0xFF,0xFE,0x00,0x00,
    0x00,0x1F,0xFF,0xFF,0xFF,0x80,0x00,0x00,0x00,0x00,0x3F,0xFF,0xFF,0xFE,0x00,0x00,
    0x00,0x1F,0xFF,0xFF,0xFF,0x00,0x00,0x00,0x00,0x00,0x3F,0xFF,0xFF,0xFE,0x00,0x00,
    0x00,0x1F,0xFF,0xFF,0xFF,0x00,0x00,0x00,0x00,0x00,0x3F,0xFF,0xFF,0xFF,0x00,0x00,
    0x00,0x1F,0xFF,0xFF,0xFF,0x00,0x00,0x00,0x00,0x00,0x1F,0xFF,0xFF,0xFF,0x00,0x00,
    0x00,0x3F,0xFF,0xFF,0xFF,0x00,0x00,0x00,0x00,0x00,0x1F,0xFF,0xFF,0xFF,0x00,0x00,
    0x00,0x3F,0xFF,0xFF,0xFE,0x00,0x00,0x00,0x00,0x00,0x1F,0xFF,0xFF,0xFF,0x00,0x00,
    0x00,0x3F,0xFF,0xFF,0xFE,0x00,0x00,0x00,0x00,0x00,0x1F,0xFF,0xFF,0xFF,0x00,0x00,
    0x00,0x3F,0xFF,0xFF,0xFE,0x00,0x00,0x00,0x00,0x00,0x1F,0xFF,0xFF,0xFF,0x80,0x00,
    0x00,0x3F,0xFF,0xFF,0xFE,0x00,0x00,0x00,0x00,0x00,0x1F,0xFF,0xFF,0xFF,0x80,0x00,
    0x00,0x3F,0xFF,0xFF,0xFE,0x00,0x00,0x00,0x00,0x00,0x0F,0xFF,0xFF,0xFF,0x80,0x00,
    0x00,0x3F,0xFF,0xFF,0xFE,0x00,0x00,0x00,0x00,0x00,0x0F,0xFF,0xFF,0xFF,0x80,0x00,
    0x00,0x7F,0xFF,0xFF,0xFC,0x00,0x00,0x00,0x00,0x00,0x0F,0xFF,0xFF,0xFF,0x80,0x00,
    0x00,0x7F,0xFF,0xFF,0xFC,0x00,0x00,0x00,0x00,0x00,0x0F,0xFF,0xFF,0xFF,0x80,0x00,
    0x00,0x7F,0xFF,0xFF,0xFC,0x00,0x00,0x00,0x00,0x00,0x0F,0xFF,0xFF,0xFF,0x80,0x00,
    0x00,0x7F,0xFF,0xFF,0xFC,0x00,0x00,0x00,0x00,0x00,0x0F,0xFF,0xFF,0xFF,0x80,0x00,
    0x00,0x7F,0xFF,0xFF,0xFC,0x00,0x00,0x00,0x00,0x00,0x0F,0xFF,0xFF,0xFF,0xC0,0x00,
    0x00,0x7F,0xFF,0xFF,0xFC,0x00,0x00,0x00,0x00,0x00,0x0F,0xFF,0xFF,0xFF,0xC0,0x00,
    0x00,0x7F,0xFF,0xFF,0xFC,0x00,0x00,0x00,0x00,0x00,0x07,0xFF,0xFF,0xFF,0xC0,0x00,
    0x00,0x7F,0xFF,0xFF,0xFC,0x00,0x00,0x00,0x00,0x00,0x07,0xFF,0xFF,0xFF,0xC0,0x00,
    0x00,0x7F,0xFF,0xFF,0xFC,0x00,0x00,0x00,0x00,0x00,0x07,0xFF,0xFF,0xFF,0xC0,0x00,
    0x00,0x7F,0xFF,0xFF,0xFC,0x00,0x00,0x00,0x00,0x00,0x07,0xFF,0xFF,0xFF,0xC0,0x00,
    0x00,0x7F,0xFF,0xFF,0xFC,0x00,0x00,0x00,0x00,0x00,0x07,0xFF,0xFF,0xFF,0xC0,0x00,
    0x00,0xFF,0xFF,0xFF,0xFC,0x00,0x00,0x00,0x00,0x00,0x07,0xFF,0xFF,0xFF,0xC0,0x00,
    0x00,0xFF,0xFF,0xFF,0xFC,0x00,0x00,0x00,0x00,0x00,0x07,0xFF,0xFF,0xFF,0xC0,0x00,
    0x00,0xFF,0xFF,0xFF,0xFC,0x00,0x00,0x00,0x00,0x00,0x07,0xFF,0xFF,0xFF,0xC0,0x00,
    0x00,0xFF,0xFF,0xFF,0xFC,0x00,0x00,0x00,0x00,0x00,0x07,0xFF,0xFF,0xFF,0xC0,0x00,
    0x00,0xFF,0xFF,0xFF,0xFC,0x00,0x00,0x00,0x00,0x00,0x07,0xFF,0xFF,0xFF,0xC0,0x00,
    0x00,0xFF,0xFF,0xFF,0xFC,0x00,0x00,0x00,0x00,0x00,0x07,0xFF,0xFF,0xFF,0xC0,0x00,
    0x00,0xFF,0xFF,0xFF,0xFC,0x00,0x00,0x00,0x00,0x00,0x07,0xFF,0xFF,0xFF,0xC0,0x00,
    0x00,0xFF,0xFF,0xFF,0xFC,0x00,0x00,0x00,0x00,0x00,0x07,0xFF,0xFF,0xFF,0xC0,0x00,
    0x00,0xFF,0xFF,0xFF,0xFC,0x00,0x00,0x00,0x00,0x00,0x07,0xFF,0xFF,0xFF,0xC0,0x00,
    0x00,0xFF,0xFF,0xFF,0xFC,0x00,0x00,0x00,0x00,0x00,0x07,0xFF,0xFF,0xFF,0xC0,0x00,
    0x00,0xFF,0xFF,0xFF,0xFC,0x00,0x00,0x00,0x00,0x00,0x07,0xFF,0xFF,0xFF,0xC0,0x00,
    0x00,0xFF,0xFF,0xFF,0xFC,0x00,0x00,0x00,0x00,0x00,0x07,0xFF,0xFF,0xFF,0xC0,0x00,
    0x00,0xFF,0xFF,0xFF,0xFC,0x00,0x00,0x00,0x00,0x00,0x07,0xFF,0xFF,0xFF,0xC0,0x00,
    0x00,0xFF,0xFF,0xFF,0xFC,0x00,0x00,0x00,0x00,0x00,0x07,0xFF,0xFF,0xFF,0xC0,0x00,
    0x00,0xFF,0xFF,0xFF,0xFC,0x00,0x00,0x00,0x00,0x00,0x07,0xFF,0xFF,0xFF,0xC0,0x00,
    0x00,0xFF,0xFF,0xFF,0xFC,0x00,0x00,0x00,0x00,0x00,0x07,0xFF,0xFF,0xFF,0xC0,0x00,
    0x00,0xFF,0xFF,0xFF,0xFC,0x00,0x00,0x00,0x00,0x00,0x07,0xFF,0xFF,0xFF,0xC0,0x00,
    0x00,0xFF,0xFF,0xFF,0xFC,0x00,0x00,0x00,0x00,0x00,0x07,0xFF,0xFF,0xFF,0xC0,0x00,
    0x00,0xFF,0xFF,0xFF,0xFC,0x00,0x00,0x00,0x00,0x00,0x07,0xFF,0xFF,0xFF,0xC0,0x00,
    0x00,0x7F,0xFF,0xFF,0xFC,0x00,0x00,0x00,0x00,0x00,0x07,0xFF,0xFF,0xFF,0xC0,0x00,
    0x00,0x7F,0xFF,0xFF,0xFC,0x00,0x00,0x00,0x00,0x00,0x07,0xFF,0xFF,0xFF,0xC0,0x00,
    0x00,0x7F,0xFF,0xFF,0xFC,0x00,0x00,0x00,0x00,0x00,0x07,0xFF,0xFF,0xFF,0xC0,0x00,
    0x00,0x7F,0xFF,0xFF,0xFC,0x00,0x00,0x00,0x00,0x00,0x07,0xFF,0xFF,0xFF,0xC0,0x00,
    0x00,0x7F,0xFF,0xFF,0xFC,0x00,0x00,0x00,0x00,0x00,0x0F,0xFF,0xFF,0xFF,0xC0,0x00,
    0x00,0x7F,0xFF,0xFF,0xFC,0x00,0x00,0x00,0x00,0x00,0x0F,0xFF,0xFF,0xFF,0xC0,0x00,
    0x00,0x7F,0xFF,0xFF,0xFC,0x00,0x00,0x00,0x00,0x00,0x0F,0xFF,0xFF,0xFF,0xC0,0x00,
    0x00,0x7F,0xFF,0xFF,0xFC,0x00,0x00,0x00,0x00,0x00,0x0F,0xFF,0xFF,0xFF,0xC0,0x00,
    0x00,0x7F,0xFF,0xFF,0xFC,0x00,0x00,0x00,0x00,0x00,0x0F,0xFF,0xFF,0xFF,0x80,0x00,
    0x00,0x7F,0xFF,0xFF,0xFC,0x00,0x00,0x00,0x00,0x00,0x0F,0xFF,0xFF,0xFF,0x80,0x00,
    0x00,0x7F,0xFF,0xFF,0xFC,0x00,0x00,0x00,0x00,0x00,0x0F,0xFF,0xFF,0xFF,0x80,0x00,
    0x00,0x7F,0xFF,0xFF,0xFE,0x00,0x00,0x00,0x00,0x00,0x0F,0xFF,0xFF,0xFF,0x80,0x00,
    0x00,0x3F,0xFF,0xFF,0xFE,0x00,0x00,0x00,0x00,0x00,0x0F,0xFF,0xFF,0xFF,0x80,0x00,
    0x00,0x3F,0xFF,0xFF,0xFE,0x00,0x00,0x00,0x00,0x00,0x0F,0xFF,0xFF,0xFF,0x80,0x00,
    0x00,0x3F,0xFF,0xFF,0xFE,0x00,0x00,0x00,0x00,0x00,0x0F,0xFF,0xFF,0xFF,0x80,0x00,
    0x00,0x3F,0xFF,0xFF,0xFE,0x00,0x00,0x00,0x00,0x00,0x1F,0xFF,0xFF,0xFF,0x00,0x00,
    0x00,0x3F,0xFF,0xFF,0xFE,0x00,0x00,0x00,0x00,0x00,0x1F,0xFF,0xFF,0xFF,0x00,0x00,
    0x00,0x3F,0xFF,0xFF,0xFF,0x00,0x00,0x00,0x00,0x00,0x1F,0xFF,0xFF,0xFF,0x00,0x00,
    0x00,0x1F,0xFF,0xFF,0xFF,0x00,0x00,0x00,0x00,0x00,0x1F,0xFF,0xFF,0xFF,0x00,0x00,
    0x00,0x1F,0xFF,0xFF,0xFF,0x00,0x00,0x00,0x00,0x00,0x1F,0xFF,0xFF,0xFF,0x00,0x00,
    0x00,0x1F,0xFF,0xFF,0xFF,0x00,0x00,0x00,0x00,0x00,0x3F,0xFF,0xFF,0xFF,0x00,0x00,
    0x00,0x1F,0xFF,0xFF,0xFF,0x00,0x00,0x00,0x00,0x00,0x3F,0xFF,0xFF,0xFE,0x00,0x00,
    0x00,0x1F,0xFF,0xFF,0xFF,0x80,0x00,0x00,0x00,0x00,0x3F,0xFF,0xFF,0xFE,0x00,0x00,
    0x00,0x0F,0xFF,0xFF,0xFF,0x80,0x00,0x00,0x00,0x00,0x7F,0xFF,0xFF,0xFE,0x00,0x00,
    0x00,0x0F,0xFF,0xFF,0xFF,0x80,0x00,0x00,0x00,0x00,0x7F,0xFF,0xFF,0xFE,0x00,0x00,
    0x00,0x0F,0xFF,0xFF,0xFF,0xC0,0x00,0x00,0x00,0x00,0x7F,0xFF,0xFF,0xFC,0x00,0x00,
    0x00,0x0F,0xFF,0xFF,0xFF,0xC0,0x00,0x00,0x00,0x00,0x7F,0xFF,0xFF,0xFC,0x00,0x00,
    0x00,0x07,0xFF,0xFF,0xFF,0xC0,0x00,0x00,0x00,0x00,0xFF,0xFF,0xFF,0xFC,0x00,0x00,
    0x00,0x07,0xFF,0xFF,0xFF,0xE0,0x00,0x00,0x00,0x00,0xFF,0xFF,0xFF,0xF8,0x00,0x00,
    0x00,0x07,0xFF,0xFF,0xFF,0xE0,0x00,0x00,0x00,0x01,0xFF,0xFF,0xFF,0xF8,0x00,0x00,
    0x00,0x03,0xFF,0xFF,0xFF,0xF0,0x00,0x00,0x00,0x01,0xFF,0xFF,0xFF,0xF8,0x00,0x00,
    0x00,0x03,0xFF,0xFF,0xFF,0xF0,0x00,0x00,0x00,0x03,0xFF,0xFF,0xFF,0xF0,0x00,0x00,
    0x00,0x03,0xFF,0xFF,0xFF,0xF8,0x00,0x00,0x00,0x03,0xFF,0xFF,0xFF,0xF0,0x00,0x00,
    0x00,0x01,0xFF,0xFF,0xFF,0xFC,0x00,0x00,0x00,0x07,0xFF,0xFF,0xFF,0xF0,0x00,0x00,
    0x00,0x01,0xFF,0xFF,0xFF,0xFC,0x00,0x00,0x00,0x0F,0xFF,0xFF,0xFF,0xE0,0x00,0x00,
    0x00,0x00,0xFF,0xFF,0xFF,0xFE,0x00,0x00,0x00,0x1F,0xFF,0xFF,0xFF,0xE0,0x00,0x00,
    0x00,0x00,0xFF,0xFF,0xFF,0xFF,0x00,0x00,0x00,0x1F,0xFF,0xFF,0xFF,0xE0,0x00,0x00,
    0x00,0x00,0xFF,0xFF,0xFF,0xFF,0x80,0x00,0x00,0x3F,0xFF,0xFF,0xFF,0xC0,0x00,0x00,
    0x00,0x00,0x7F,0xFF,0xFF,0xFF,0xC0,0x00,0x00,0xFF,0xFF,0xFF,0xFF,0xC0,0x00,0x00,
    0x00,0x00,0x7F,0xFF,0xFF,0xFF,0xE0,0x00,0x01,0xFF,0xFF,0xFF,0xFF,0x80,0x00,0x00,
    0x00,0x00,0x3F,0xFF,0xFF,0xFF,0xF8,0x00,0x07,0xFF,0xFF,0xFF,0xFF,0x80,0x00,0x00,
    0x00,0x00,0x3F,0xFF,0xFF,0xFF,0xFF,0x80,0x3F,0xFF,0xFF,0xFF,0xFF,0x00,0x00,0x00,
    0x00,0x00,0x1F,0xFF,0xFF,0xFF,0xFF,0xFF,0xFF,0xFF,0xFF,0xFF,0xFF,0x00,0x00,0x00,
    0x00,0x00,0x1F,0xFF,0xFF,0xFF,0xFF,0xFF,0xFF,0xFF,0xFF,0xFF,0xFE,0x00,0x00,0x00,
    0x00,0x00,0x0F,0xFF,0xFF,0xFF,0xFF,0xFF,0xFF,0xFF,0xFF,0xFF,0xFC,0x00,0x00,0x00,
    0x00,0x00,0x07,0xFF,0xFF,0xFF,0xFF,0xFF,0xFF,0xFF,0xFF,0xFF,0xFC,0x00,0x00,0x00,
    0x00,0x00,0x07,0xFF,0xFF,0xFF,0xFF,0xFF,0xFF,0xFF,0xFF,0xFF,0xF8,0x00,0x00,0x00,
    0x00,0x00,0x03,0xFF,0xFF,0xFF,0xFF,0xFF,0xFF,0xFF,0xFF,0xFF,0xF0,0x00,0x00,0x00,
    0x00,0x00,0x01,0xFF,0xFF,0xFF,0xFF,0xFF,0xFF,0xFF,0xFF,0xFF,0xF0,0x00,0x00,0x00,
    0x00,0x00,0x00,0xFF,0xFF,0xFF,0xFF,0xFF,0xFF,0xFF,0xFF,0xFF,0xE0,0x00,0x00,0x00,
    0x00,0x00,0x00,0xFF,0xFF,0xFF,0xFF,0xFF,0xFF,0xFF,0xFF,0xFF,0xC0,0x00,0x00,0x00,
    0x00,0x00,0x00,0x7F,0xFF,0xFF,0xFF,0xFF,0xFF,0xFF,0xFF,0xFF,0x80,0x00,0x00,0x00,
    0x00,0x00,0x00,0x3F,0xFF,0xFF,0xFF,0xFF,0xFF,0xFF,0xFF,0xFF,0x00,0x00,0x00,0x00,
    0x00,0x00,0x00,0x1F,0xFF,0xFF,0xFF,0xFF,0xFF,0xFF,0xFF,0xFE,0x00,0x00,0x00,0x00,
    0x00,0x00,0x00,0x0F,0xFF,0xFF,0xFF,0xFF,0xFF,0xFF,0xFF,0xFC,0x00,0x00,0x00,0x00,
    0x00,0x00,0x00,0x07,0xFF,0xFF,0xFF,0xFF,0xFF,0xFF,0xFF,0xF8,0x00,0x00,0x00,0x00,
    0x00,0x00,0x00,0x01,0xFF,0xFF,0xFF,0xFF,0xFF,0xFF,0xFF,0xF0,0x00,0x00,0x00,0x00,
    0x00,0x00,0x00,0x00,0xFF,0xFF,0xFF,0xFF,0xFF,0xFF,0xFF,0xC0,0x00,0x00,0x00,0x00,
    0x00,0x00,0x00,0x00,0x7F,0xFF,0xFF,0xFF,0xFF,0xFF,0xFF,0x80,0x00,0x00,0x00,0x00,
    0x00,0x00,0x00,0x00,0x1F,0xFF,0xFF,0xFF,0xFF,0xFF,0xFE,0x00,0x00,0x00,0x00,0x00,
    0x00,0x00,0x00,0x00,0x07,0xFF,0xFF,0xFF,0xFF,0xFF,0xFC,0x00,0x00,0x00,0x00,0x00,
    0x00,0x00,0x00,0x00,0x01,0xFF,0xFF,0xFF,0xFF,0xFF,0xF0,0x00,0x00,0x00,0x00,0x00,
    0x00,0x00,0x00,0x00,0x00,0x7F,0xFF,0xFF,0xFF,0xFF,0x80,0x00,0x00,0x00,0x00,0x00,
    0x00,0x00,0x00,0x00,0x00,0x0F,0xFF,0xFF,0xFF,0xFC,0x00,0x00,0x00,0x00,0x00,0x00,
    0x00,0x00,0x00,0x00,0x00,0x00,0xFF,0xFF,0xFF,0xC0,0x00,0x00,0x00,0x00,0x00,0x00,
    0x00,0x00,0x00,0x00,0x00,0x00,0x07,0xFF,0xF8,0x00,0x00,0x00,0x00,0x00,0x00,0x00,
    0x00,0x00,0x00,0x00,0x00,0x00,0x00,0x00,0x00,0x00,0x00,0x00,0x00,0x00,0x00,0x00,
    0x00,0x00,0x00,0x00,0x00,0x00,0x00,0x00,0x00,0x00,0x00,0x00,0x00,0x00,0x00,0x00,
    0x00,0x00,0x00,0x00,0x00,0x00,0x00,0x00,0x00,0x00,0x00,0x00,0x00,0x00,0x00,0x00,
    0x00,0x00,0x00,0x00,0x00,0x00,0x00,0x00,0x00,0x00,0x00,0x00,0x00,0x00,0x00,0x00,
    0x00,0x00,0x00,0x00,0x00,0x00,0x00,0x00,0x00,0x00,0x00,0x00,0x00,0x00,0x00,0x00,
    0x00,0x00,0x00,0x00,0x00,0x00,0x00,0x00,0x00,0x00,0x00,0x00,0x00,0x00,0x00,0x00,
    0x00,0x00,0x00,0x00,0x00,0x00,0x00,0x00,0x00,0x00,0x00,0x00,0x00,0x00,0x00,0x00,
    0x00,0x00,0x00,0x00,0x00,0x00,0x00,0x00,0x00,0x00,0x00,0x00,0x00,0x00,0x00,0x00,
    0x00,0x00,0x00,0x00,0x00,0x00,0x00,0x00,0x00,0x00,0x00,0x00,0x00,0x00,0x00,0x00,
    0x00,0x00,0x00,0x00,0x00,0x00,0x00,0x00,0x00,0x00,0x00,0x00,0x00,0x00,0x00,0x00,
    0x00,0x00,0x00,0x00,0x00,0x00,0x00,0x00,0x00,0x00,0x00,0x00,0x00,0x00,0x00,0x00,
    0x00,0x00,0x00,0x00,0x00,0x00,0x00,0x00,0x00,0x00,0x00,0x00,0x00,0x00,0x00,0x00,
    0x00,0x00,0x00,0x00,0x00,0x00,0x00,0x00,0x00,0x00,0x00,0x00,0x00,0x00,0x00,0x00,
    0x00,0x00,0x00,0x00,0x00,0x00,0x00,0x00,0x00,0x00,0x00,0x00,0x00,0x00,0x00,0x00,
    0x00,0x00,0x00,0x00,0x00,0x00,0x00,0x00,0x00,0x00,0x00,0x00,0x00,0x00,0x00,0x00,
  },
{
    0x00,0x00,0x00,0x00,0x00,0x00,0x00,0x00,0x00,0x00,0x00,0x00,0x00,0x00,0x00,0x00,
    0x00,0x00,0x00,0x00,0x00,0x00,0x00,0x00,0x00,0x00,0x00,0x00,0x00,0x00,0x00,0x00,
    0x00,0x00,0x00,0x00,0x00,0x00,0x00,0x00,0x00,0x00,0x00,0x00,0x00,0x00,0x00,0x00,
    0x00,0x00,0x00,0x00,0x00,0x00,0x00,0x00,0x00,0x00,0x00,0x00,0x00,0x00,0x00,0x00,
    0x00,0x00,0x00,0x00,0x00,0x00,0x00,0x00,0x00,0x00,0x00,0x00,0x00,0x00,0x00,0x00,
    0x00,0x00,0x00,0x00,0x00,0x00,0x00,0x00,0x00,0x00,0x00,0x00,0x00,0x00,0x00,0x00,
    0x00,0x00,0x00,0x00,0x00,0x00,0x00,0x00,0x00,0x00,0x00,0x00,0x00,0x00,0x00,0x00,
    0x00,0x00,0x00,0x00,0x00,0x00,0x00,0x00,0x00,0x00,0x00,0x00,0x00,0x00,0x00,0x00,
    0x00,0x00,0x00,0x00,0x00,0x00,0x00,0x00,0x00,0x00,0x00,0x00,0x00,0x00,0x00,0x00,
    0x00,0x00,0x00,0x00,0x00,0x00,0x00,0x00,0x00,0x00,0x00,0x00,0x00,0x00,0x00,0x00,
    0x00,0x00,0x00,0x00,0x00,0x00,0x00,0x00,0x00,0x00,0x00,0x00,0x00,0x00,0x00,0x00,
    0x00,0x00,0x00,0x00,0x00,0x00,0x00,0x00,0x00,0x00,0x00,0x00,0x00,0x00,0x00,0x00,
    0x00,0x00,0x00,0x00,0x00,0x00,0x00,0x00,0x00,0x00,0x00,0x00,0x00,0x00,0x00,0x00,
    0x00,0x00,0x00,0x00,0x00,0x00,0x00,0x00,0x00,0x00,0x00,0x00,0x00,0x00,0x00,0x00,
    0x00,0x00,0x00,0x00,0x00,0x00,0x00,0x00,0x00,0x00,0x00,0x00,0x00,0x00,0x00,0x00,
    0x00,0x00,0x00,0x00,0x00,0x00,0x00,0x00,0x00,0xFF,0xFF,0xFF,0x00,0x00,0x00,0x00,
    0x00,0x00,0x00,0x00,0x00,0x00,0x00,0x00,0x01,0xFF,0xFF,0xFF,0x00,0x00,0x00,0x00,
    0x00,0x00,0x00,0x00,0x00,0x00,0x00,0x00,0x01,0xFF,0xFF,0xFF,0x00,0x00,0x00,0x00,
    0x00,0x00,0x00,0x00,0x00,0x00,0x00,0x00,0x01,0xFF,0xFF,0xFF,0x00,0x00,0x00,0x00,
    0x00,0x00,0x00,0x00,0x00,0x00,0x00,0x00,0x01,0xFF,0xFF,0xFF,0x00,0x00,0x00,0x00,
    0x00,0x00,0x00,0x00,0x00,0x00,0x00,0x00,0x03,0xFF,0xFF,0xFF,0x00,0x00,0x00,0x00,
    0x00,0x00,0x00,0x00,0x00,0x00,0x00,0x00,0x03,0xFF,0xFF,0xFF,0x00,0x00,0x00,0x00,
    0x00,0x00,0x00,0x00,0x00,0x00,0x00,0x00,0x03,0xFF,0xFF,0xFF,0x00,0x00,0x00,0x00,
    0x00,0x00,0x00,0x00,0x00,0x00,0x00,0x00,0x07,0xFF,0xFF,0xFF,0x00,0x00,0x00,0x00,
    0x00,0x00,0x00,0x00,0x00,0x00,0x00,0x00,0x07,0xFF,0xFF,0xFF,0x00,0x00,0x00,0x00,
    0x00,0x00,0x00,0x00,0x00,0x00,0x00,0x00,0x07,0xFF,0xFF,0xFF,0x00,0x00,0x00,0x00,
    0x00,0x00,0x00,0x00,0x00,0x00,0x00,0x00,0x0F,0xFF,0xFF,0xFF,0x00,0x00,0x00,0x00,
    0x00,0x00,0x00,0x00,0x00,0x00,0x00,0x00,0x1F,0xFF,0xFF,0xFF,0x00,0x00,0x00,0x00,
    0x00,0x00,0x00,0x00,0x00,0x00,0x00,0x00,0x1F,0xFF,0xFF,0xFF,0x00,0x00,0x00,0x00,
    0x00,0x00,0x00,0x00,0x00,0x00,0x00,0x00,0x3F,0xFF,0xFF,0xFF,0x00,0x00,0x00,0x00,
    0x00,0x00,0x00,0x00,0x00,0x00,0x00,0x00,0x7F,0xFF,0xFF,0xFF,0x00,0x00,0x00,0x00,
    0x00,0x00,0x00,0x00,0x00,0x00,0x00,0x00,0x7F,0xFF,0xFF,0xFF,0x00,0x00,0x00,0x00,
    0x00,0x00,0x00,0x00,0x00,0x00,0x00,0x00,0xFF,0xFF,0xFF,0xFF,0x00,0x00,0x00,0x00,
    0x00,0x00,0x00,0x00,0x00,0x00,0x00,0x01,0xFF,0xFF,0xFF,0xFF,0x00,0x00,0x00,0x00,
    0x00,0x00,0x00,0x00,0x00,0x00,0x00,0x03,0xFF,0xFF,0xFF,0xFF,0x00,0x00,0x00,0x00,
    0x00,0x00,0x00,0x00,0x00,0x00,0x00,0x07,0xFF,0xFF,0xFF,0xFF,0x00,0x00,0x00,0x00,
    0x00,0x00,0x00,0x00,0x00,0x00,0x00,0x0F,0xFF,0xFF,0xFF,0xFF,0x00,0x00,0x00,0x00,
    0x00,0x00,0x00,0x00,0x00,0x00,0x00,0x3F,0xFF,0xFF,0xFF,0xFF,0x00,0x00,0x00,0x00,
    0x00,0x00,0x00,0x00,0x00,0x00,0x00,0x7F,0xFF,0xFF,0xFF,0xFF,0x00,0x00,0x00,0x00,
    0x00,0x00,0x00,0x00,0x00,0x00,0x01,0xFF,0xFF,0xFF,0xFF,0xFF,0x00,0x00,0x00,0x00,
    0x00,0x00,0x00,0x00,0x00,0x00,0x07,0xFF,0xFF,0xFF,0xFF,0xFF,0x00,0x00,0x00,0x00,
    0x00,0x00,0x00,0x00,0x00,0x00,0x1F,0xFF,0xFF,0xFF,0xFF,0xFF,0x00,0x00,0x00,0x00,
    0x00,0x00,0x00,0x00,0x00,0x00,0xFF,0xFF,0xFF,0xFF,0xFF,0xFF,0x00,0x00,0x00,0x00,
    0x00,0x00,0x00,0x00,0x00,0x0F,0xFF,0xFF,0xFF,0xFF,0xFF,0xFF,0x00,0x00,0x00,0x00,
    0x00,0x00,0x00,0x00,0x03,0xFF,0xFF,0xFF,0xFF,0xFF,0xFF,0xFF,0x00,0x00,0x00,0x00,
    0x00,0x00,0x00,0x0F,0xFF,0xFF,0xFF,0xFF,0xFF,0xFF,0xFF,0xFF,0x00,0x00,0x00,0x00,
    0x00,0x00,0x00,0x0F,0xFF,0xFF,0xFF,0xFF,0xFF,0xFF,0xFF,0xFF,0x00,0x00,0x00,0x00,
    0x00,0x00,0x00,0x0F,0xFF,0xFF,0xFF,0xFF,0xFF,0xFF,0xFF,0xFF,0x00,0x00,0x00,0x00,
    0x00,0x00,0x00,0x0F,0xFF,0xFF,0xFF,0xFF,0xFF,0xFF,0xFF,0xFF,0x00,0x00,0x00,0x00,
    0x00,0x00,0x00,0x0F,0xFF,0xFF,0xFF,0xFF,0xFF,0xFF,0xFF,0xFF,0x00,0x00,0x00,0x00,
    0x00,0x00,0x00,0x0F,0xFF,0xFF,0xFF,0xFF,0xFF,0xFF,0xFF,0xFF,0x00,0x00,0x00,0x00,
    0x00,0x00,0x00,0x0F,0xFF,0xFF,0xFF,0xFF,0xFF,0xFF,0xFF,0xFF,0x00,0x00,0x00,0x00,
    0x00,0x00,0x00,0x0F,0xFF,0xFF,0xFF,0xFF,0xFF,0xFF,0xFF,0xFF,0x00,0x00,0x00,0x00,
    0x00,0x00,0x00,0x0F,0xFF,0xFF,0xFF,0xFF,0xFF,0xFF,0xFF,0xFF,0x00,0x00,0x00,0x00,
    0x00,0x00,0x00,0x0F,0xFF,0xFF,0xFF,0xFF,0xFF,0xFF,0xFF,0xFF,0x00,0x00,0x00,0x00,
    0x00,0x00,0x00,0x0F,0xFF,0xFF,0xFF,0xFF,0xFF,0xFF,0xFF,0xFF,0x00,0x00,0x00,0x00,
    0x00,0x00,0x00,0x0F,0xFF,0xFF,0xFF,0xFF,0xFF,0xFF,0xFF,0xFF,0x00,0x00,0x00,0x00,
    0x00,0x00,0x00,0x0F,0xFF,0xFF,0xFF,0xFF,0xFF,0xFF,0xFF,0xFF,0x00,0x00,0x00,0x00,
    0x00,0x00,0x00,0x0F,0xFF,0xFF,0xFF,0xFF,0xFF,0xFF,0xFF,0xFF,0x00,0x00,0x00,0x00,
    0x00,0x00,0x00,0x0F,0xFF,0xFF,0xFF,0xFF,0xFF,0xFF,0xFF,0xFF,0x00,0x00,0x00,0x00,
    0x00,0x00,0x00,0x0F,0xFF,0xFF,0xFF,0xFF,0xFF,0xFF,0xFF,0xFF,0x00,0x00,0x00,0x00,
    0x00,0x00,0x00,0x0F,0xFF,0xFF,0xFF,0xFF,0xFF,0xFF,0xFF,0xFF,0x00,0x00,0x00,0x00,
    0x00,0x00,0x00,0x0F,0xFF,0xFF,0xFF,0xFF,0xFF,0xFF,0xFF,0xFF,0x00,0x00,0x00,0x00,
    0x00,0x00,0x00,0x0F,0xFF,0xFF,0xFF,0xFF,0xFF,0xFF,0xFF,0xFF,0x00,0x00,0x00,0x00,
    0x00,0x00,0x00,0x0F,0xFF,0xFF,0xFF,0xFF,0xFF,0xFF,0xFF,0xFF,0x00,0x00,0x00,0x00,
    0x00,0x00,0x00,0x0F,0xFF,0xFF,0xFF,0xFF,0xFF,0xFF,0xFF,0xFF,0x00,0x00,0x00,0x00,
    0x00,0x00,0x00,0x0F,0xFF,0xFF,0xFF,0xFF,0xFF,0xFF,0xFF,0xFF,0x00,0x00,0x00,0x00,
    0x00,0x00,0x00,0x0F,0xFF,0xFF,0xFF,0xFF,0xFF,0xFF,0xFF,0xFF,0x00,0x00,0x00,0x00,
    0x00,0x00,0x00,0x00,0x00,0x00,0x00,0x00,0x7F,0xFF,0xFF,0xFF,0x00,0x00,0x00,0x00,
    0x00,0x00,0x00,0x00,0x00,0x00,0x00,0x00,0x7F,0xFF,0xFF,0xFF,0x00,0x00,0x00,0x00,
    0x00,0x00,0x00,0x00,0x00,0x00,0x00,0x00,0x7F,0xFF,0xFF,0xFF,0x00,0x00,0x00,0x00,
    0x00,0x00,0x00,0x00,0x00,0x00,0x00,0x00,0x7F,0xFF,0xFF,0xFF,0x00,0x00,0x00,0x00,
    0x00,0x00,0x00,0x00,0x00,0x00,0x00,0x00,0x7F,0xFF,0xFF,0xFF,0x00,0x00,0x00,0x00,
    0x00,0x00,0x00,0x00,0x00,0x00,0x00,0x00,0x7F,0xFF,0xFF,0xFF,0x00,0x00,0x00,0x00,
    0x00,0x00,0x00,0x00,0x00,0x00,0x00,0x00,0x7F,0xFF,0xFF,0xFF,0x00,0x00,0x00,0x00,
    0x00,0x00,0x00,0x00,0x00,0x00,0x00,0x00,0x7F,0xFF,0xFF,0xFF,0x00,0x00,0x00,0x00,
    0x00,0x00,0x00,0x00,0x00,0x00,0x00,0x00,0x7F,0xFF,0xFF,0xFF,0x00,0x00,0x00,0x00,
    0x00,0x00,0x00,0x00,0x00,0x00,0x00,0x00,0x7F,0xFF,0xFF,0xFF,0x00,0x00,0x00,0x00,
    0x00,0x00,0x00,0x00,0x00,0x00,0x00,0x00,0x7F,0xFF,0xFF,0xFF,0x00,0x00,0x00,0x00,
    0x00,0x00,0x00,0x00,0x00,0x00,0x00,0x00,0x7F,0xFF,0xFF,0xFF,0x00,0x00,0x00,0x00,
    0x00,0x00,0x00,0x00,0x00,0x00,0x00,0x00,0x7F,0xFF,0xFF,0xFF,0x00,0x00,0x00,0x00,
    0x00,0x00,0x00,0x00,0x00,0x00,0x00,0x00,0x7F,0xFF,0xFF,0xFF,0x00,0x00,0x00,0x00,
    0x00,0x00,0x00,0x00,0x00,0x00,0x00,0x00,0x7F,0xFF,0xFF,0xFF,0x00,0x00,0x00,0x00,
    0x00,0x00,0x00,0x00,0x00,0x00,0x00,0x00,0x7F,0xFF,0xFF,0xFF,0x00,0x00,0x00,0x00,
    0x00,0x00,0x00,0x00,0x00,0x00,0x00,0x00,0x7F,0xFF,0xFF,0xFF,0x00,0x00,0x00,0x00,
    0x00,0x00,0x00,0x00,0x00,0x00,0x00,0x00,0x7F,0xFF,0xFF,0xFF,0x00,0x00,0x00,0x00,
    0x00,0x00,0x00,0x00,0x00,0x00,0x00,0x00,0x7F,0xFF,0xFF,0xFF,0x00,0x00,0x00,0x00,
    0x00,0x00,0x00,0x00,0x00,0x00,0x00,0x00,0x7F,0xFF,0xFF,0xFF,0x00,0x00,0x00,0x00,
    0x00,0x00,0x00,0x00,0x00,0x00,0x00,0x00,0x7F,0xFF,0xFF,0xFF,0x00,0x00,0x00,0x00,
    0x00,0x00,0x00,0x00,0x00,0x00,0x00,0x00,0x7F,0xFF,0xFF,0xFF,0x00,0x00,0x00,0x00,
    0x00,0x00,0x00,0x00,0x00,0x00,0x00,0x00,0x7F,0xFF,0xFF,0xFF,0x00,0x00,0x00,0x00,
    0x00,0x00,0x00,0x00,0x00,0x00,0x00,0x00,0x7F,0xFF,0xFF,0xFF,0x00,0x00,0x00,0x00,
    0x00,0x00,0x00,0x00,0x00,0x00,0x00,0x00,0x7F,0xFF,0xFF,0xFF,0x00,0x00,0x00,0x00,
    0x00,0x00,0x00,0x00,0x00,0x00,0x00,0x00,0x7F,0xFF,0xFF,0xFF,0x00,0x00,0x00,0x00,
    0x00,0x00,0x00,0x00,0x00,0x00,0x00,0x00,0x7F,0xFF,0xFF,0xFF,0x00,0x00,0x00,0x00,
    0x00,0x00,0x00,0x00,0x00,0x00,0x00,0x00,0x7F,0xFF,0xFF,0xFF,0x00,0x00,0x00,0x00,
    0x00,0x00,0x00,0x00,0x00,0x00,0x00,0x00,0x7F,0xFF,0xFF,0xFF,0x00,0x00,0x00,0x00,
    0x00,0x00,0x00,0x00,0x00,0x00,0x00,0x00,0x7F,0xFF,0xFF,0xFF,0x00,0x00,0x00,0x00,
    0x00,0x00,0x00,0x00,0x00,0x00,0x00,0x00,0x7F,0xFF,0xFF,0xFF,0x00,0x00,0x00,0x00,
    0x00,0x00,0x00,0x00,0x00,0x00,0x00,0x00,0x7F,0xFF,0xFF,0xFF,0x00,0x00,0x00,0x00,
    0x00,0x00,0x00,0x00,0x00,0x00,0x00,0x00,0x7F,0xFF,0xFF,0xFF,0x00,0x00,0x00,0x00,
    0x00,0x00,0x00,0x00,0x00,0x00,0x00,0x00,0x7F,0xFF,0xFF,0xFF,0x00,0x00,0x00,0x00,
    0x00,0x00,0x00,0x00,0x00,0x00,0x00,0x00,0x7F,0xFF,0xFF,0xFF,0x00,0x00,0x00,0x00,
    0x00,0x00,0x00,0x00,0x00,0x00,0x00,0x00,0x7F,0xFF,0xFF,0xFF,0x00,0x00,0x00,0x00,
    0x00,0x00,0x00,0x00,0x00,0x00,0x00,0x00,0x7F,0xFF,0xFF,0xFF,0x00,0x00,0x00,0x00,
    0x00,0x00,0x00,0x00,0x00,0x00,0x00,0x00,0x7F,0xFF,0xFF,0xFF,0x00,0x00,0x00,0x00,
    0x00,0x00,0x00,0x00,0x00,0x00,0x00,0x00,0x7F,0xFF,0xFF,0xFF,0x00,0x00,0x00,0x00,
    0x00,0x00,0x00,0x00,0x00,0x00,0x00,0x00,0x7F,0xFF,0xFF,0xFF,0x00,0x00,0x00,0x00,
    0x00,0x00,0x00,0x00,0x00,0x00,0x00,0x00,0x7F,0xFF,0xFF,0xFF,0x00,0x00,0x00,0x00,
    0x00,0x00,0x00,0x00,0x00,0x00,0x00,0x00,0x7F,0xFF,0xFF,0xFF,0x00,0x00,0x00,0x00,
    0x00,0x00,0x00,0x00,0x00,0x00,0x00,0x00,0x7F,0xFF,0xFF,0xFF,0x00,0x00,0x00,0x00,
    0x00,0x00,0x00,0x00,0x00,0x00,0x00,0x00,0x7F,0xFF,0xFF,0xFF,0x00,0x00,0x00,0x00,
    0x00,0x00,0x00,0x00,0x00,0x00,0x00,0x00,0x7F,0xFF,0xFF,0xFF,0x00,0x00,0x00,0x00,
    0x00,0x00,0x00,0x00,0x00,0x00,0x00,0x00,0x7F,0xFF,0xFF,0xFF,0x00,0x00,0x00,0x00,
    0x00,0x00,0x00,0x00,0x00,0x00,0x00,0x00,0x7F,0xFF,0xFF,0xFF,0x00,0x00,0x00,0x00,
    0x00,0x00,0x00,0x00,0x00,0x00,0x00,0x00,0x7F,0xFF,0xFF,0xFF,0x00,0x00,0x00,0x00,
    0x00,0x00,0x00,0x00,0x00,0x00,0x00,0x00,0x7F,0xFF,0xFF,0xFF,0x00,0x00,0x00,0x00,
    0x00,0x00,0x00,0x00,0x00,0x00,0x00,0x00,0x7F,0xFF,0xFF,0xFF,0x00,0x00,0x00,0x00,
    0x00,0x00,0x00,0x00,0x00,0x00,0x00,0x00,0x7F,0xFF,0xFF,0xFF,0x00,0x00,0x00,0x00,
    0x00,0x00,0x00,0x00,0x00,0x00,0x00,0x00,0x7F,0xFF,0xFF,0xFF,0x00,0x00,0x00,0x00,
    0x00,0x00,0x00,0x00,0x00,0x00,0x00,0x00,0x7F,0xFF,0xFF,0xFF,0x00,0x00,0x00,0x00,
    0x00,0x00,0x00,0x00,0x00,0x00,0x00,0x00,0x7F,0xFF,0xFF,0xFF,0x00,0x00,0x00,0x00,
    0x00,0x00,0x00,0x00,0x00,0x00,0x00,0x00,0x7F,0xFF,0xFF,0xFF,0x00,0x00,0x00,0x00,
    0x00,0x00,0x00,0x00,0x00,0x00,0x00,0x00,0x7F,0xFF,0xFF,0xFF,0x00,0x00,0x00,0x00,
    0x00,0x00,0x00,0x00,0x00,0x00,0x00,0x00,0x7F,0xFF,0xFF,0xFF,0x00,0x00,0x00,0x00,
    0x00,0x00,0x00,0x00,0x00,0x00,0x00,0x00,0x7F,0xFF,0xFF,0xFF,0x00,0x00,0x00,0x00,
    0x00,0x00,0x00,0x00,0x00,0x00,0x00,0x00,0x7F,0xFF,0xFF,0xFF,0x00,0x00,0x00,0x00,
    0x00,0x00,0x00,0x00,0x00,0x00,0x00,0x00,0x7F,0xFF,0xFF,0xFF,0x00,0x00,0x00,0x00,
    0x00,0x00,0x00,0x00,0x00,0x00,0x00,0x00,0x7F,0xFF,0xFF,0xFF,0x00,0x00,0x00,0x00,
    0x00,0x00,0x00,0x00,0x00,0x00,0x00,0x00,0x7F,0xFF,0xFF,0xFF,0x00,0x00,0x00,0x00,
    0x00,0x00,0x00,0x00,0x00,0x00,0x00,0x00,0x7F,0xFF,0xFF,0xFF,0x00,0x00,0x00,0x00,
    0x00,0x00,0x00,0x00,0x00,0x00,0x00,0x00,0x7F,0xFF,0xFF,0xFF,0x00,0x00,0x00,0x00,
    0x00,0x00,0x00,0x00,0x00,0x00,0x00,0x00,0x7F,0xFF,0xFF,0xFF,0x00,0x00,0x00,0x00,
    0x00,0x00,0x00,0x00,0x00,0x00,0x00,0x00,0x7F,0xFF,0xFF,0xFF,0x00,0x00,0x00,0x00,
    0x00,0x00,0x00,0x00,0x00,0x00,0x00,0x00,0x7F,0xFF,0xFF,0xFF,0x00,0x00,0x00,0x00,
    0x00,0x00,0x00,0x00,0x00,0x00,0x00,0x00,0x7F,0xFF,0xFF,0xFF,0x00,0x00,0x00,0x00,
    0x00,0x00,0x00,0x00,0x00,0x00,0x00,0x00,0x7F,0xFF,0xFF,0xFF,0x00,0x00,0x00,0x00,
    0x00,0x00,0x00,0x00,0x00,0x00,0x00,0x00,0x7F,0xFF,0xFF,0xFF,0x00,0x00,0x00,0x00,
    0x00,0x00,0x00,0x00,0x00,0x00,0x00,0x00,0x7F,0xFF,0xFF,0xFF,0x00,0x00,0x00,0x00,
    0x00,0x00,0x00,0x00,0x00,0x00,0x00,0x00,0x7F,0xFF,0xFF,0xFF,0x00,0x00,0x00,0x00,
    0x00,0x00,0x00,0x00,0x00,0x00,0x00,0x00,0x7F,0xFF,0xFF,0xFF,0x00,0x00,0x00,0x00,
    0x00,0x00,0x00,0x00,0x00,0x00,0x00,0x00,0x7F,0xFF,0xFF,0xFF,0x00,0x00,0x00,0x00,
    0x00,0x00,0x00,0x00,0x00,0x00,0x00,0x00,0x7F,0xFF,0xFF,0xFF,0x00,0x00,0x00,0x00,
    0x00,0x00,0x00,0x00,0x00,0x00,0x00,0x00,0x7F,0xFF,0xFF,0xFF,0x00,0x00,0x00,0x00,
    0x00,0x00,0x00,0x00,0x00,0x00,0x00,0x00,0x7F,0xFF,0xFF,0xFF,0x00,0x00,0x00,0x00,
    0x00,0x00,0x00,0x00,0x00,0x00,0x00,0x00,0x7F,0xFF,0xFF,0xFF,0x00,0x00,0x00,0x00,
    0x00,0x00,0x00,0x00,0x00,0x00,0x00,0x00,0x7F,0xFF,0xFF,0xFF,0x00,0x00,0x00,0x00,
    0x00,0x00,0x00,0x00,0x00,0x00,0x00,0x00,0x7F,0xFF,0xFF,0xFF,0x00,0x00,0x00,0x00,
    0x00,0x00,0x00,0x00,0x00,0x00,0x00,0x00,0x7F,0xFF,0xFF,0xFF,0x00,0x00,0x00,0x00,
    0x00,0x00,0x00,0x00,0x00,0x00,0x00,0x00,0x7F,0xFF,0xFF,0xFF,0x00,0x00,0x00,0x00,
    0x00,0x00,0x00,0x00,0x00,0x00,0x00,0x00,0x7F,0xFF,0xFF,0xFF,0x00,0x00,0x00,0x00,
    0x00,0x00,0x00,0x00,0x00,0x00,0x00,0x00,0x7F,0xFF,0xFF,0xFF,0x00,0x00,0x00,0x00,
    0x00,0x00,0x00,0x00,0x00,0x00,0x00,0x00,0x7F,0xFF,0xFF,0xFF,0x00,0x00,0x00,0x00,
    0x00,0x00,0x00,0x00,0x00,0x00,0x00,0x00,0x7F,0xFF,0xFF,0xFF,0x00,0x00,0x00,0x00,
    0x00,0x00,0x00,0x00,0x00,0x00,0x00,0x00,0x7F,0xFF,0xFF,0xFF,0x00,0x00,0x00,0x00,
    0x00,0x00,0x00,0x00,0x00,0x00,0x00,0x00,0x7F,0xFF,0xFF,0xFF,0x00,0x00,0x00,0x00,
    0x00,0x00,0x00,0x00,0x00,0x00,0x00,0x00,0x7F,0xFF,0xFF,0xFF,0x00,0x00,0x00,0x00,
    0x00,0x00,0x00,0x00,0x00,0x00,0x00,0x00,0x7F,0xFF,0xFF,0xFF,0x00,0x00,0x00,0x00,
    0x00,0x00,0x00,0x00,0x00,0x00,0x00,0x00,0x7F,0xFF,0xFF,0xFF,0x00,0x00,0x00,0x00,
    0x00,0x00,0x00,0x00,0x00,0x00,0x00,0x00,0x7F,0xFF,0xFF,0xFF,0x00,0x00,0x00,0x00,
    0x00,0x00,0x00,0x00,0x00,0x00,0x00,0x00,0x7F,0xFF,0xFF,0xFF,0x00,0x00,0x00,0x00,
    0x00,0x00,0x00,0x00,0x00,0x00,0x00,0x00,0x7F,0xFF,0xFF,0xFF,0x00,0x00,0x00,0x00,
    0x00,0x00,0x00,0x00,0x00,0x00,0x00,0x00,0x7F,0xFF,0xFF,0xFF,0x00,0x00,0x00,0x00,
    0x00,0x00,0x00,0x00,0x00,0x00,0x00,0x00,0x7F,0xFF,0xFF,0xFF,0x00,0x00,0x00,0x00,
    0x00,0x00,0x00,0x00,0x00,0x00,0x00,0x00,0x7F,0xFF,0xFF,0xFF,0x00,0x00,0x00,0x00,
    0x00,0x00,0x00,0x00,0x00,0x00,0x00,0x00,0x00,0x00,0x00,0x00,0x00,0x00,0x00,0x00,
    0x00,0x00,0x00,0x00,0x00,0x00,0x00,0x00,0x00,0x00,0x00,0x00,0x00,0x00,0x00,0x00,
    0x00,0x00,0x00,0x00,0x00,0x00,0x00,0x00,0x00,0x00,0x00,0x00,0x00,0x00,0x00,0x00,
    0x00,0x00,0x00,0x00,0x00,0x00,0x00,0x00,0x00,0x00,0x00,0x00,0x00,0x00,0x00,0x00,
    0x00,0x00,0x00,0x00,0x00,0x00,0x00,0x00,0x00,0x00,0x00,0x00,0x00,0x00,0x00,0x00,
    0x00,0x00,0x00,0x00,0x00,0x00,0x00,0x00,0x00,0x00,0x00,0x00,0x00,0x00,0x00,0x00,
    0x00,0x00,0x00,0x00,0x00,0x00,0x00,0x00,0x00,0x00,0x00,0x00,0x00,0x00,0x00,0x00,
    0x00,0x00,0x00,0x00,0x00,0x00,0x00,0x00,0x00,0x00,0x00,0x00,0x00,0x00,0x00,0x00,
    0x00,0x00,0x00,0x00,0x00,0x00,0x00,0x00,0x00,0x00,0x00,0x00,0x00,0x00,0x00,0x00,
    0x00,0x00,0x00,0x00,0x00,0x00,0x00,0x00,0x00,0x00,0x00,0x00,0x00,0x00,0x00,0x00,
    0x00,0x00,0x00,0x00,0x00,0x00,0x00,0x00,0x00,0x00,0x00,0x00,0x00,0x00,0x00,0x00,
    0x00,0x00,0x00,0x00,0x00,0x00,0x00,0x00,0x00,0x00,0x00,0x00,0x00,0x00,0x00,0x00,
    0x00,0x00,0x00,0x00,0x00,0x00,0x00,0x00,0x00,0x00,0x00,0x00,0x00,0x00,0x00,0x00,
    0x00,0x00,0x00,0x00,0x00,0x00,0x00,0x00,0x00,0x00,0x00,0x00,0x00,0x00,0x00,0x00,
    0x00,0x00,0x00,0x00,0x00,0x00,0x00,0x00,0x00,0x00,0x00,0x00,0x00,0x00,0x00,0x00,
  },
{
    0x00,0x00,0x00,0x00,0x00,0x00,0x00,0x00,0x00,0x00,0x00,0x00,0x00,0x00,0x00,0x00,
    0x00,0x00,0x00,0x00,0x00,0x00,0x00,0x00,0x00,0x00,0x00,0x00,0x00,0x00,0x00,0x00,
    0x00,0x00,0x00,0x00,0x00,0x00,0x00,0x00,0x00,0x00,0x00,0x00,0x00,0x00,0x00,0x00,
    0x00,0x00,0x00,0x00,0x00,0x00,0x00,0x00,0x00,0x00,0x00,0x00,0x00,0x00,0x00,0x00,
    0x00,0x00,0x00,0x00,0x00,0x00,0x00,0x00,0x00,0x00,0x00,0x00,0x00,0x00,0x00,0x00,
    0x00,0x00,0x00,0x00,0x00,0x00,0x00,0x00,0x00,0x00,0x00,0x00,0x00,0x00,0x00,0x00,
    0x00,0x00,0x00,0x00,0x00,0x00,0x00,0x00,0x00,0x00,0x00,0x00,0x00,0x00,0x00,0x00,
    0x00,0x00,0x00,0x00,0x00,0x00,0x00,0x00,0x00,0x00,0x00,0x00,0x00,0x00,0x00,0x00,
    0x00,0x00,0x00,0x00,0x00,0x00,0x00,0x00,0x00,0x00,0x00,0x00,0x00,0x00,0x00,0x00,
    0x00,0x00,0x00,0x00,0x00,0x00,0x00,0x00,0x00,0x00,0x00,0x00,0x00,0x00,0x00,0x00,
    0x00,0x00,0x00,0x00,0x00,0x00,0x00,0x00,0x00,0x00,0x00,0x00,0x00,0x00,0x00,0x00,
    0x00,0x00,0x00,0x00,0x00,0x00,0x00,0x00,0x00,0x00,0x00,0x00,0x00,0x00,0x00,0x00,
    0x00,0x00,0x00,0x00,0x00,0x00,0x00,0x00,0x00,0x00,0x00,0x00,0x00,0x00,0x00,0x00,
    0x00,0x00,0x00,0x00,0x00,0x00,0x00,0x00,0x00,0x00,0x00,0x00,0x00,0x00,0x00,0x00,
    0x00,0x00,0x00,0x00,0x00,0x00,0x00,0x00,0x00,0x00,0x00,0x00,0x00,0x00,0x00,0x00,
    0x00,0x00,0x00,0x00,0x00,0x00,0x01,0xFF,0xFF,0x00,0x00,0x00,0x00,0x00,0x00,0x00,
    0x00,0x00,0x00,0x00,0x00,0x00,0x3F,0xFF,0xFF,0xFC,0x00,0x00,0x00,0x00,0x00,0x00,
    0x00,0x00,0x00,0x00,0x00,0x03,0xFF,0xFF,0xFF,0xFF,0x80,0x00,0x00,0x00,0x00,0x00,
    0x00,0x00,0x00,0x00,0x00,0x1F,0xFF,0xFF,0xFF,0xFF,0xF0,0x00,0x00,0x00,0x00,0x00,
    0x00,0x00,0x00,0x00,0x00,0x7F,0xFF,0xFF,0xFF,0xFF,0xFE,0x00,0x00,0x00,0x00,0x00,
    0x00,0x00,0x00,0x00,0x01,0xFF,0xFF,0xFF,0xFF,0xFF,0xFF,0x80,0x00,0x00,0x00,0x00,
    0x00,0x00,0x00,0x00,0x07,0xFF,0xFF,0xFF,0xFF,0xFF,0xFF,0xE0,0x00,0x00,0x00,0x00,
    0x00,0x00,0x00,0x00,0x1F,0xFF,0xFF,0xFF,0xFF,0xFF,0xFF,0xF8,0x00,0x00,0x00,0x00,
    0x00,0x00,0x00,0x00,0x3F,0xFF,0xFF,0xFF,0xFF,0xFF,0xFF,0xFC,0x00,0x00,0x00,0x00,
    0x00,0x00,0x00,0x00,0xFF,0xFF,0xFF,0xFF,0xFF,0xFF,0xFF,0xFF,0x00,0x00,0x00,0x00,
    0x00,0x00,0x00,0x01,0xFF,0xFF,0xFF,0xFF,0xFF,0xFF,0xFF,0xFF,0x80,0x00,0x00,0x00,
    0x00,0x00,0x00,0x03,0xFF,0xFF,0xFF,0xFF,0xFF,0xFF,0xFF,0xFF,0xE0,0x00,0x00,0x00,
    0x00,0x00,0x00,0x0F,0xFF,0xFF,0xFF,0xFF,0xFF,0xFF,0xFF,0xFF,0xF0,0x00,0x00,0x00,
    0x00,0x00,0x00,0x1F,0xFF,0xFF,0xFF,0xFF,0xFF,0xFF,0xFF,0xFF,0xF8,0x00,0x00,0x00,
    0x00,0x00,0x00,0x3F,0xFF,0xFF,0xFF,0xFF,0xFF,0xFF,0xFF,0xFF,0xFC,0x00,0x00,0x00,
    0x00,0x00,0x00,0x7F,0xFF,0xFF,0xFF,0xFF,0xFF,0xFF,0xFF,0xFF,0xFE,0x00,0x00,0x00,
    0x00,0x00,0x00,0x7F,0xFF,0xFF,0xFF,0xFF,0xFF,0xFF,0xFF,0xFF,0xFF,0x00,0x00,0x00,
    0x00,0x00,0x00,0xFF,0xFF,0xFF,0xFF,0xFF,0xFF,0xFF,0xFF,0xFF,0xFF,0x80,0x00,0x00,
    0x00,0x00,0x01,0xFF,0xFF,0xFF,0xFF,0xFF,0xFF,0xFF,0xFF,0xFF,0xFF,0xC0,0x00,0x00,
    0x00,0x00,0x03,0xFF,0xFF,0xFF,0xFF,0xFF,0xFF,0xFF,0xFF,0xFF,0xFF,0xC0,0x00,0x00,
    0x00,0x00,0x07,0xFF,0xFF,0xFF,0xFF,0xFF,0xFF,0xFF,0xFF,0xFF,0xFF,0xE0,0x00,0x00,
    0x00,0x00,0x07,0xFF,0xFF,0xFF,0xFF,0xFF,0xFF,0xFF,0xFF,0xFF,0xFF,0xF0,0x00,0x00,
    0x00,0x00,0x0F,0xFF,0xFF,0xFF,0xFF,0xFF,0xFF,0xFF,0xFF,0xFF,0xFF,0xF0,0x00,0x00,
    0x00,0x00,0x1F,0xFF,0xFF,0xFF,0xFF,0xFF,0xFF,0xFF,0xFF,0xFF,0xFF,0xF8,0x00,0x00,
    0x00,0x00,0x1F,0xFF,0xFF,0xFF,0xFF,0xFF,0xFF,0xFF,0xFF,0xFF,0xFF,0xF8,0x00,0x00,
    0x00,0x00,0x3F,0xFF,0xFF,0xFF,0xFF,0xFF,0xFF,0xFF,0xFF,0xFF,0xFF,0xFC,0x00,0x00,
    0x00,0x00,0x3F,0xFF,0xFF,0xFF,0xFF,0xC0,0x1F,0xFF,0xFF,0xFF,0xFF,0xFC,0x00,0x00,
    0x00,0x00,0x7F,0xFF,0xFF,0xFF,0xFE,0x00,0x01,0xFF,0xFF,0xFF,0xFF,0xFE,0x00,0x00,
    0x00,0x00,0x7F,0xFF,0xFF,0xFF,0xF8,0x00,0x00,0x3F,0xFF,0xFF,0xFF,0xFE,0x00,0x00,
    0x00,0x00,0xFF,0xFF,0xFF,0xFF,0xE0,0x00,0x00,0x1F,0xFF,0xFF,0xFF,0xFF,0x00,0x00,
    0x00,0x00,0xFF,0xFF,0xFF,0xFF,0xC0,0x00,0x00,0x07,0xFF,0xFF,0xFF,0xFF,0x00,0x00,
    0x00,0x01,0xFF,0xFF,0xFF,0xFF,0x80,0x00,0x00,0x03,0xFF,0xFF,0xFF,0xFF,0x00,0x00,
    0x00,0x01,0xFF,0xFF,0xFF,0xFF,0x00,0x00,0x00,0x01,0xFF,0xFF,0xFF,0xFF,0x80,0x00,
    0x00,0x01,0xFF,0xFF,0xFF,0xFE,0x00,0x00,0x00,0x00,0xFF,0xFF,0xFF,0xFF,0x80,0x00,
    0x00,0x03,0xFF,0xFF,0xFF,0xFC,0x00,0x00,0x00,0x00,0x7F,0xFF,0xFF,0xFF,0x80,0x00,
    0x00,0x03,0xFF,0xFF,0xFF,0xF8,0x00,0x00,0x00,0x00,0x7F,0xFF,0xFF,0xFF,0xC0,0x00,
    0x00,0x03,0xFF,0xFF,0xFF,0xF8,0x00,0x00,0x00,0x00,0x3F,0xFF,0xFF,0xFF,0xC0,0x00,
    0x00,0x07,0xFF,0xFF,0xFF,0xF0,0x00,0x00,0x00,0x00,0x3F,0xFF,0xFF,0xFF,0xC0,0x00,
    0x00,0x07,0xFF,0xFF,0xFF,0xF0,0x00,0x00,0x00,0x00,0x1F,0xFF,0xFF,0xFF,0xC0,0x00,
    0x00,0x07,0xFF,0xFF,0xFF,0xE0,0x00,0x00,0x00,0x00,0x1F,0xFF,0xFF,0xFF,0xC0,0x00,
    0x00,0x07,0xFF,0xFF,0xFF,0xE0,0x00,0x00,0x00,0x00,0x1F,0xFF,0xFF,0xFF,0xC0,0x00,
    0x00,0x0F,0xFF,0xFF,0xFF,0xC0,0x00,0x00,0x00,0x00,0x0F,0xFF,0xFF,0xFF,0xC0,0x00,
    0x00,0x0F,0xFF,0xFF,0xFF,0xC0,0x00,0x00,0x00,0x00,0x0F,0xFF,0xFF,0xFF,0xC0,0x00,
    0x00,0x0F,0xFF,0xFF,0xFF,0xC0,0x00,0x00,0x00,0x00,0x0F,0xFF,0xFF,0xFF,0xE0,0x00,
    0x00,0x0F,0xFF,0xFF,0xFF,0x80,0x00,0x00,0x00,0x00,0x0F,0xFF,0xFF,0xFF,0xE0,0x00,
    0x00,0x0F,0xFF,0xFF,0xFF,0x80,0x00,0x00,0x00,0x00,0x0F,0xFF,0xFF,0xFF,0xE0,0x00,
    0x00,0x1F,0xFF,0xFF,0xFF,0x80,0x00,0x00,0x00,0x00,0x07,0xFF,0xFF,0xFF,0xE0,0x00,
    0x00,0x1F,0xFF,0xFF,0xFF,0x80,0x00,0x00,0x00,0x00,0x07,0xFF,0xFF,0xFF,0xE0,0x00,
    0x00,0x1F,0xFF,0xFF,0xFF,0x00,0x00,0x00,0x00,0x00,0x07,0xFF,0xFF,0xFF,0xC0,0x00,
    0x00,0x1F,0xFF,0xFF,0xFF,0x00,0x00,0x00,0x00,0x00,0x07,0xFF,0xFF,0xFF,0xC0,0x00,
    0x00,0x1F,0xFF,0xFF,0xFF,0x00,0x00,0x00,0x00,0x00,0x07,0xFF,0xFF,0xFF,0xC0,0x00,
    0x00,0x1F,0xFF,0xFF,0xFF,0x00,0x00,0x00,0x00,0x00,0x0F,0xFF,0xFF,0xFF,0xC0,0x00,
    0x00,0x1F,0xFF,0xFF,0xFF,0x00,0x00,0x00,0x00,0x00,0x0F,0xFF,0xFF,0xFF,0xC0,0x00,
    0x00,0x1F,0xFF,0xFF,0xFF,0x00,0x00,0x00,0x00,0x00,0x0F,0xFF,0xFF,0xFF,0xC0,0x00,
    0x00,0x1F,0xFF,0xFF,0xFF,0x00,0x00,0x00,0x00,0x00,0x0F,0xFF,0xFF,0xFF,0xC0,0x00,
    0x00,0x1F,0xFF,0xFF,0xFF,0x00,0x00,0x00,0x00,0x00,0x0F,0xFF,0xFF,0xFF,0xC0,0x00,
    0x00,0x1F,0xFF,0xFF,0xFE,0x00,0x00,0x00,0x00,0x00,0x1F,0xFF,0xFF,0xFF,0xC0,0x00,
    0x00,0x1F,0xFF,0xFF,0xFE,0x00,0x00,0x00,0x00,0x00,0x1F,0xFF,0xFF,0xFF,0x80,0x00,
    0x00,0x1F,0xFF,0xFF,0xFE,0x00,0x00,0x00,0x00,0x00,0x1F,0xFF,0xFF,0xFF,0x80,0x00,
    0x00,0x1F,0xFF,0xFF,0xFE,0x00,0x00,0x00,0x00,0x00,0x3F,0xFF,0xFF,0xFF,0x80,0x00,
    0x00,0x00,0x00,0x00,0x00,0x00,0x00,0x00,0x00,0x00,0x3F,0xFF,0xFF,0xFF,0x80,0x00,
    0x00,0x00,0x00,0x00,0x00,0x00,0x00,0x00,0x00,0x00,0x7F,0xFF,0xFF,0xFF,0x00,0x00,
    0x00,0x00,0x00,0x00,0x00,0x00,0x00,0x00,0x00,0x00,0xFF,0xFF,0xFF,0xFF,0x00,0x00,
    0x00,0x00,0x00,0x00,0x00,0x00,0x00,0x00,0x00,0x00,0xFF,0xFF,0xFF,0xFF,0x00,0x00,
    0x00,0x00,0x00,0x00,0x00,0x00,0x00,0x00,0x00,0x01,0xFF,0xFF,0xFF,0xFE,0x00,0x00,
    0x00,0x00,0x00,0x00,0x00,0x00,0x00,0x00,0x00,0x03,0xFF,0xFF,0xFF,0xFE,0x00,0x00,
    0x00,0x00,0x00,0x00,0x00,0x00,0x00,0x00,0x00,0x07,0xFF,0xFF,0xFF,0xFC,0x00,0x00,
    0x00,0x00,0x00,0x00,0x00,0x00,0x00,0x00,0x00,0x0F,0xFF,0xFF,0xFF,0xFC,0x00,0x00,
    0x00,0x00,0x00,0x00,0x00,0x00,0x00,0x00,0x00,0x1F,0xFF,0xFF,0xFF,0xF8,0x00,0x00,
    0x00,0x00,0x00,0x00,0x00,0x00,0x00,0x00,0x00,0x3F,0xFF,0xFF,0xFF,0xF8,0x00,0x00,
    0x00,0x00,0x00,0x00,0x00,0x00,0x00,0x00,0x00,0x7F,0xFF,0xFF,0xFF,0xF0,0x00,0x00,
    0x00,0x00,0x00,0x00,0x00,0x00,0x00,0x00,0x00,0xFF,0xFF,0xFF,0xFF,0xE0,0x00,0x00,
    0x00,0x00,0x00,0x00,0x00,0x00,0x00,0x00,0x01,0xFF,0xFF,0xFF,0xFF,0xE0,0x00,0x00,
    0x00,0x00,0x00,0x00,0x00,0x00,0x00,0x00,0x03,0xFF,0xFF,0xFF,0xFF,0xC0,0x00,0x00,
    0x00,0x00,0x00,0x00,0x00,0x00,0x00,0x00,0x07,0xFF,0xFF,0xFF,0xFF,0x80,0x00,0x00,
    0x00,0x00,0x00,0x00,0x00,0x00,0x00,0x00,0x1F,0xFF,0xFF,0xFF,0xFF,0x80,0x00,0x00,
    0x00,0x00,0x00,0x00,0x00,0x00,0x00,0x00,0x3F,0xFF,0xFF,0xFF,0xFF,0x00,0x00,0x00,
    0x00,0x00,0x00,0x00,0x00,0x00,0x00,0x00,0xFF,0xFF,0xFF,0xFF,0xFE,0x00,0x00,0x00,
    0x00,0x00,0x00,0x00,0x00,0x00,0x00,0x01,0xFF,0xFF,0xFF,0xFF,0xFC,0x00,0x00,0x00,
    0x00,0x00,0x00,0x00,0x00,0x00,0x00,0x07,0xFF,0xFF,0xFF,0xFF,0xF8,0x00,0x00,0x00,
    0x00,0x00,0x00,0x00,0x00,0x00,0x00,0x0F,0xFF,0xFF,0xFF,0xFF,0xF0,0x00,0x00,0x00,
    0x00,0x00,0x00,0x00,0x00,0x00,0x00,0x3F,0xFF,0xFF,0xFF,0xFF,0xE0,0x00,0x00,0x00,
    0x00,0x00,0x00,0x00,0x00,0x00,0x00,0x7F,0xFF,0xFF,0xFF,0xFF,0xC0,0x00,0x00,0x00,
    0x00,0x00,0x00,0x00,0x00,0x00,0x01,0xFF,0xFF,0xFF,0xFF,0xFF,0x80,0x00,0x00,0x00,
    0x00,0x00,0x00,0x00,0x00,0x00,0x03,0xFF,0xFF,0xFF,0xFF,0xFF,0x00,0x00,0x00,0x00,
    0x00,0x00,0x00,0x00,0x00,0x00,0x0F,0xFF,0xFF,0xFF,0xFF,0xFE,0x00,0x00,0x00,0x00,
    0x00,0x00,0x00,0x00,0x00,0x00,0x1F,0xFF,0xFF,0xFF,0xFF,0xF8,0x00,0x00,0x00,0x00,
    0x00,0x00,0x00,0x00,0x00,0x00,0x7F,0xFF,0xFF,0xFF,0xFF,0xF0,0x00,0x00,0x00,0x00,
    0x00,0x00,0x00,0x00,0x00,0x00,0xFF,0xFF,0xFF,0xFF,0xFF,0xE0,0x00,0x00,0x00,0x00,
    0x00,0x00,0x00,0x00,0x00,0x03,0xFF,0xFF,0xFF,0xFF,0xFF,0x80,0x00,0x00,0x00,0x00,
    0x00,0x00,0x00,0x00,0x00,0x07,0xFF,0xFF,0xFF,0xFF,0xFF,0x00,0x00,0x00,0x00,0x00,
    0x00,0x00,0x00,0x00,0x00,0x0F,0xFF,0xFF,0xFF,0xFF,0xFC,0x00,0x00,0x00,0x00,0x00,
    0x00,0x00,0x00,0x00,0x00,0x3F,0xFF,0xFF,0xFF,0xFF,0xF8,0x00,0x00,0x00,0x00,0x00,
    0x00,0x00,0x00,0x00,0x00,0x7F,0xFF,0xFF,0xFF,0xFF,0xE0,0x00,0x00,0x00,0x00,0x00,
    0x00,0x00,0x00,0x00,0x00,0xFF,0xFF,0xFF,0xFF,0xFF,0xC0,0x00,0x00,0x00,0x00,0x00,
    0x00,0x00,0x00,0x00,0x03,0xFF,0xFF,0xFF,0xFF,0xFF,0x00,0x00,0x00,0x00,0x00,0x00,
    0x00,0x00,0x00,0x00,0x07,0xFF,0xFF,0xFF,0xFF,0xFE,0x00,0x00,0x00,0x00,0x00,0x00,
    0x00,0x00,0x00,0x00,0x1F,0xFF,0xFF,0xFF,0xFF,0xF8,0x00,0x00,0x00,0x00,0x00,0x00,
    0x00,0x00,0x00,0x00,0x3F,0xFF,0xFF,0xFF,0xFF,0xF0,0x00,0x00,0x00,0x00,0x00,0x00,
    0x00,0x00,0x00,0x00,0x7F,0xFF,0xFF,0xFF,0xFF,0xC0,0x00,0x00,0x00,0x00,0x00,0x00,
    0x00,0x00,0x00,0x00,0xFF,0xFF,0xFF,0xFF,0xFF,0x80,0x00,0x00,0x00,0x00,0x00,0x00,
    0x00,0x00,0x00,0x03,0xFF,0xFF,0xFF,0xFF,0xFE,0x00,0x00,0x00,0x00,0x00,0x00,0x00,
    0x00,0x00,0x00,0x07,0xFF,0xFF,0xFF,0xFF,0xFC,0x00,0x00,0x00,0x00,0x00,0x00,0x00,
    0x00,0x00,0x00,0x0F,0xFF,0xFF,0xFF,0xFF,0xF0,0x00,0x00,0x00,0x00,0x00,0x00,0x00,
    0x00,0x00,0x00,0x1F,0xFF,0xFF,0xFF,0xFF,0xE0,0x00,0x00,0x00,0x00,0x00,0x00,0x00,
    0x00,0x00,0x00,0x3F,0xFF,0xFF,0xFF,0xFF,0xC0,0x00,0x00,0x00,0x00,0x00,0x00,0x00,
    0x00,0x00,0x00,0x7F,0xFF,0xFF,0xFF,0xFF,0x00,0x00,0x00,0x00,0x00,0x00,0x00,0x00,
    0x00,0x00,0x00,0xFF,0xFF,0xFF,0xFF,0xFE,0x00,0x00,0x00,0x00,0x00,0x00,0x00,0x00,
    0x00,0x00,0x01,0xFF,0xFF,0xFF,0xFF,0xFC,0x00,0x00,0x00,0x00,0x00,0x00,0x00,0x00,
    0x00,0x00,0x03,0xFF,0xFF,0xFF,0xFF,0xF0,0x00,0x00,0x00,0x00,0x00,0x00,0x00,0x00,
    0x00,0x00,0x07,0xFF,0xFF,0xFF,0xFF,0xE0,0x00,0x00,0x00,0x00,0x00,0x00,0x00,0x00,
    0x00,0x00,0x07,0xFF,0xFF,0xFF,0xFF,0xC0,0x00,0x00,0x00,0x00,0x00,0x00,0x00,0x00,
    0x00,0x00,0x0F,0xFF,0xFF,0xFF,0xFF,0x80,0x00,0x00,0x00,0x00,0x00,0x00,0x00,0x00,
    0x00,0x00,0x1F,0xFF,0xFF,0xFF,0xFE,0x00,0x00,0x00,0x00,0x00,0x00,0x00,0x00,0x00,
    0x00,0x00,0x3F,0xFF,0xFF,0xFF,0xFC,0x00,0x00,0x00,0x00,0x00,0x00,0x00,0x00,0x00,
    0x00,0x00,0x3F,0xFF,0xFF,0xFF,0xF8,0x00,0x00,0x00,0x00,0x00,0x00,0x00,0x00,0x00,
    0x00,0x00,0x7F,0xFF,0xFF,0xFF,0xF0,0x00,0x00,0x00,0x00,0x00,0x00,0x00,0x00,0x00,
    0x00,0x00,0xFF,0xFF,0xFF,0xFF,0xE0,0x00,0x00,0x00,0x00,0x00,0x00,0x00,0x00,0x00,
    0x00,0x00,0xFF,0xFF,0xFF,0xFF,0xC0,0x00,0x00,0x00,0x00,0x00,0x00,0x00,0x00,0x00,
    0x00,0x01,0xFF,0xFF,0xFF,0xFF,0xC0,0x00,0x00,0x00,0x00,0x00,0x00,0x00,0x00,0x00,
    0x00,0x03,0xFF,0xFF,0xFF,0xFF,0x80,0x00,0x00,0x00,0x00,0x00,0x00,0x00,0x00,0x00,
    0x00,0x03,0xFF,0xFF,0xFF,0xFF,0x00,0x00,0x00,0x00,0x00,0x00,0x00,0x00,0x00,0x00,
    0x00,0x07,0xFF,0xFF,0xFF,0xFE,0x00,0x00,0x00,0x00,0x00,0x00,0x00,0x00,0x00,0x00,
    0x00,0x07,0xFF,0xFF,0xFF,0xFC,0x00,0x00,0x00,0x00,0x00,0x00,0x00,0x00,0x00,0x00,
    0x00,0x0F,0xFF,0xFF,0xFF,0xFF,0xFF,0xFF,0xFF,0xFF,0xFF,0xFF,0xFF,0xFF,0xE0,0x00,
    0x00,0x0F,0xFF,0xFF,0xFF,0xFF,0xFF,0xFF,0xFF,0xFF,0xFF,0xFF,0xFF,0xFF,0xE0,0x00,
    0x00,0x0F,0xFF,0xFF,0xFF,0xFF,0xFF,0xFF,0xFF,0xFF,0xFF,0xFF,0xFF,0xFF,0xE0,0x00,
    0x00,0x1F,0xFF,0xFF,0xFF,0xFF,0xFF,0xFF,0xFF,0xFF,0xFF,0xFF,0xFF,0xFF,0xE0,0x00,
    0x00,0x1F,0xFF,0xFF,0xFF,0xFF,0xFF,0xFF,0xFF,0xFF,0xFF,0xFF,0xFF,0xFF,0xE0,0x00,
    0x00,0x3F,0xFF,0xFF,0xFF,0xFF,0xFF,0xFF,0xFF,0xFF,0xFF,0xFF,0xFF,0xFF,0xE0,0x00,
    0x00,0x3F,0xFF,0xFF,0xFF,0xFF,0xFF,0xFF,0xFF,0xFF,0xFF,0xFF,0xFF,0xFF,0xE0,0x00,
    0x00,0x3F,0xFF,0xFF,0xFF,0xFF,0xFF,0xFF,0xFF,0xFF,0xFF,0xFF,0xFF,0xFF,0xE0,0x00,
    0x00,0x7F,0xFF,0xFF,0xFF,0xFF,0xFF,0xFF,0xFF,0xFF,0xFF,0xFF,0xFF,0xFF,0xE0,0x00,
    0x00,0x7F,0xFF,0xFF,0xFF,0xFF,0xFF,0xFF,0xFF,0xFF,0xFF,0xFF,0xFF,0xFF,0xE0,0x00,
    0x00,0x7F,0xFF,0xFF,0xFF,0xFF,0xFF,0xFF,0xFF,0xFF,0xFF,0xFF,0xFF,0xFF,0xE0,0x00,
    0x00,0x7F,0xFF,0xFF,0xFF,0xFF,0xFF,0xFF,0xFF,0xFF,0xFF,0xFF,0xFF,0xFF,0xE0,0x00,
    0x00,0x7F,0xFF,0xFF,0xFF,0xFF,0xFF,0xFF,0xFF,0xFF,0xFF,0xFF,0xFF,0xFF,0xE0,0x00,
    0x00,0xFF,0xFF,0xFF,0xFF,0xFF,0xFF,0xFF,0xFF,0xFF,0xFF,0xFF,0xFF,0xFF,0xE0,0x00,
    0x00,0xFF,0xFF,0xFF,0xFF,0xFF,0xFF,0xFF,0xFF,0xFF,0xFF,0xFF,0xFF,0xFF,0xE0,0x00,
    0x00,0xFF,0xFF,0xFF,0xFF,0xFF,0xFF,0xFF,0xFF,0xFF,0xFF,0xFF,0xFF,0xFF,0xE0,0x00,
    0x00,0xFF,0xFF,0xFF,0xFF,0xFF,0xFF,0xFF,0xFF,0xFF,0xFF,0xFF,0xFF,0xFF,0xE0,0x00,
    0x00,0xFF,0xFF,0xFF,0xFF,0xFF,0xFF,0xFF,0xFF,0xFF,0xFF,0xFF,0xFF,0xFF,0xE0,0x00,
    0x00,0xFF,0xFF,0xFF,0xFF,0xFF,0xFF,0xFF,0xFF,0xFF,0xFF,0xFF,0xFF,0xFF,0xE0,0x00,
    0x00,0xFF,0xFF,0xFF,0xFF,0xFF,0xFF,0xFF,0xFF,0xFF,0xFF,0xFF,0xFF,0xFF,0xE0,0x00,
    0x00,0xFF,0xFF,0xFF,0xFF,0xFF,0xFF,0xFF,0xFF,0xFF,0xFF,0xFF,0xFF,0xFF,0xE0,0x00,
    0x01,0xFF,0xFF,0xFF,0xFF,0xFF,0xFF,0xFF,0xFF,0xFF,0xFF,0xFF,0xFF,0xFF,0xE0,0x00,
    0x01,0xFF,0xFF,0xFF,0xFF,0xFF,0xFF,0xFF,0xFF,0xFF,0xFF,0xFF,0xFF,0xFF,0xE0,0x00,
    0x01,0xFF,0xFF,0xFF,0xFF,0xFF,0xFF,0xFF,0xFF,0xFF,0xFF,0xFF,0xFF,0xFF,0xE0,0x00,
    0x01,0xFF,0xFF,0xFF,0xFF,0xFF,0xFF,0xFF,0xFF,0xFF,0xFF,0xFF,0xFF,0xFF,0xE0,0x00,
    0x01,0xFF,0xFF,0xFF,0xFF,0xFF,0xFF,0xFF,0xFF,0xFF,0xFF,0xFF,0xFF,0xFF,0xE0,0x00,
    0x00,0x00,0x00,0x00,0x00,0x00,0x00,0x00,0x00,0x00,0x00,0x00,0x00,0x00,0x00,0x00,
    0x00,0x00,0x00,0x00,0x00,0x00,0x00,0x00,0x00,0x00,0x00,0x00,0x00,0x00,0x00,0x00,
    0x00,0x00,0x00,0x00,0x00,0x00,0x00,0x00,0x00,0x00,0x00,0x00,0x00,0x00,0x00,0x00,
    0x00,0x00,0x00,0x00,0x00,0x00,0x00,0x00,0x00,0x00,0x00,0x00,0x00,0x00,0x00,0x00,
    0x00,0x00,0x00,0x00,0x00,0x00,0x00,0x00,0x00,0x00,0x00,0x00,0x00,0x00,0x00,0x00,
    0x00,0x00,0x00,0x00,0x00,0x00,0x00,0x00,0x00,0x00,0x00,0x00,0x00,0x00,0x00,0x00,
    0x00,0x00,0x00,0x00,0x00,0x00,0x00,0x00,0x00,0x00,0x00,0x00,0x00,0x00,0x00,0x00,
    0x00,0x00,0x00,0x00,0x00,0x00,0x00,0x00,0x00,0x00,0x00,0x00,0x00,0x00,0x00,0x00,
    0x00,0x00,0x00,0x00,0x00,0x00,0x00,0x00,0x00,0x00,0x00,0x00,0x00,0x00,0x00,0x00,
    0x00,0x00,0x00,0x00,0x00,0x00,0x00,0x00,0x00,0x00,0x00,0x00,0x00,0x00,0x00,0x00,
    0x00,0x00,0x00,0x00,0x00,0x00,0x00,0x00,0x00,0x00,0x00,0x00,0x00,0x00,0x00,0x00,
    0x00,0x00,0x00,0x00,0x00,0x00,0x00,0x00,0x00,0x00,0x00,0x00,0x00,0x00,0x00,0x00,
    0x00,0x00,0x00,0x00,0x00,0x00,0x00,0x00,0x00,0x00,0x00,0x00,0x00,0x00,0x00,0x00,
    0x00,0x00,0x00,0x00,0x00,0x00,0x00,0x00,0x00,0x00,0x00,0x00,0x00,0x00,0x00,0x00,
    0x00,0x00,0x00,0x00,0x00,0x00,0x00,0x00,0x00,0x00,0x00,0x00,0x00,0x00,0x00,0x00,
  },
{
    0x00,0x00,0x00,0x00,0x00,0x00,0x00,0x00,0x00,0x00,0x00,0x00,0x00,0x00,0x00,0x00,
    0x00,0x00,0x00,0x00,0x00,0x00,0x00,0x00,0x00,0x00,0x00,0x00,0x00,0x00,0x00,0x00,
    0x00,0x00,0x00,0x00,0x00,0x00,0x00,0x00,0x00,0x00,0x00,0x00,0x00,0x00,0x00,0x00,
    0x00,0x00,0x00,0x00,0x00,0x00,0x00,0x00,0x00,0x00,0x00,0x00,0x00,0x00,0x00,0x00,
    0x00,0x00,0x00,0x00,0x00,0x00,0x00,0x00,0x00,0x00,0x00,0x00,0x00,0x00,0x00,0x00,
    0x00,0x00,0x00,0x00,0x00,0x00,0x00,0x00,0x00,0x00,0x00,0x00,0x00,0x00,0x00,0x00,
    0x00,0x00,0x00,0x00,0x00,0x00,0x00,0x00,0x00,0x00,0x00,0x00,0x00,0x00,0x00,0x00,
    0x00,0x00,0x00,0x00,0x00,0x00,0x00,0x00,0x00,0x00,0x00,0x00,0x00,0x00,0x00,0x00,
    0x00,0x00,0x00,0x00,0x00,0x00,0x00,0x00,0x00,0x00,0x00,0x00,0x00,0x00,0x00,0x00,
    0x00,0x00,0x00,0x00,0x00,0x00,0x00,0x00,0x00,0x00,0x00,0x00,0x00,0x00,0x00,0x00,
    0x00,0x00,0x00,0x00,0x00,0x00,0x00,0x00,0x00,0x00,0x00,0x00,0x00,0x00,0x00,0x00,
    0x00,0x00,0x00,0x00,0x00,0x00,0x00,0x00,0x00,0x00,0x00,0x00,0x00,0x00,0x00,0x00,
    0x00,0x00,0x00,0x00,0x00,0x00,0x00,0x00,0x00,0x00,0x00,0x00,0x00,0x00,0x00,0x00,
    0x00,0x00,0x00,0x00,0x00,0x00,0x00,0x00,0x00,0x00,0x00,0x00,0x00,0x00,0x00,0x00,
    0x00,0x00,0x00,0x00,0x00,0x00,0x00,0x00,0x00,0x00,0x00,0x00,0x00,0x00,0x00,0x00,
    0x00,0x00,0x00,0x00,0x00,0x00,0x03,0xFF,0xFC,0x00,0x00,0x00,0x00,0x00,0x00,0x00,
    0x00,0x00,0x00,0x00,0x00,0x00,0x7F,0xFF,0xFF,0xE0,0x00,0x00,0x00,0x00,0x00,0x00,
    0x00,0x00,0x00,0x00,0x00,0x07,0xFF,0xFF,0xFF,0xFE,0x00,0x00,0x00,0x00,0x00,0x00,
    0x00,0x00,0x00,0x00,0x00,0x3F,0xFF,0xFF,0xFF,0xFF,0xC0,0x00,0x00,0x00,0x00,0x00,
    0x00,0x00,0x00,0x00,0x00,0xFF,0xFF,0xFF,0xFF,0xFF,0xF8,0x00,0x00,0x00,0x00,0x00,
    0x00,0x00,0x00,0x00,0x03,0xFF,0xFF,0xFF,0xFF,0xFF,0xFE,0x00,0x00,0x00,0x00,0x00,
    0x00,0x00,0x00,0x00,0x0F,0xFF,0xFF,0xFF,0xFF,0xFF,0xFF,0x80,0x00,0x00,0x00,0x00,
    0x00,0x00,0x00,0x00,0x3F,0xFF,0xFF,0xFF,0xFF,0xFF,0xFF,0xE0,0x00,0x00,0x00,0x00,
    0x00,0x00,0x00,0x00,0x7F,0xFF,0xFF,0xFF,0xFF,0xFF,0xFF,0xF0,0x00,0x00,0x00,0x00,
    0x00,0x00,0x00,0x01,0xFF,0xFF,0xFF,0xFF,0xFF,0xFF,0xFF,0xFC,0x00,0x00,0x00,0x00,
    0x00,0x00,0x00,0x03,0xFF,0xFF,0xFF,0xFF,0xFF,0xFF,0xFF,0xFE,0x00,0x00,0x00,0x00,
    0x00,0x00,0x00,0x07,0xFF,0xFF,0xFF,0xFF,0xFF,0xFF,0xFF,0xFF,0x00,0x00,0x00,0x00,
    0x00,0x00,0x00,0x0F,0xFF,0xFF,0xFF,0xFF,0xFF,0xFF,0xFF,0xFF,0xC0,0x00,0x00,0x00,
    0x00,0x00,0x00,0x1F,0xFF,0xFF,0xFF,0xFF,0xFF,0xFF,0xFF,0xFF,0xE0,0x00,0x00,0x00,
    0x00,0x00,0x00,0x3F,0xFF,0xFF,0xFF,0xFF,0xFF,0xFF,0xFF,0xFF,0xF0,0x00,0x00,0x00,
    0x00,0x00,0x00,0x7F,0xFF,0xFF,0xFF,0xFF,0xFF,0xFF,0xFF,0xFF,0xF8,0x00,0x00,0x00,
    0x00,0x00,0x00,0xFF,0xFF,0xFF,0xFF,0xFF,0xFF,0xFF,0xFF,0xFF,0xFC,0x00,0x00,0x00,
    0x00,0x00,0x01,0xFF,0xFF,0xFF,0xFF,0xFF,0xFF,0xFF,0xFF,0xFF,0xFC,0x00,0x00,0x00,
    0x00,0x00,0x03,0xFF,0xFF,0xFF,0xFF,0xFF,0xFF,0xFF,0xFF,0xFF,0xFE,0x00,0x00,0x00,
    0x00,0x00,0x03,0xFF,0xFF,0xFF,0xFF,0xFF,0xFF,0xFF,0xFF,0xFF,0xFF,0x00,0x00,0x00,
    0x00,0x00,0x07,0xFF,0xFF,0xFF,0xFF,0xFF,0xFF,0xFF,0xFF,0xFF,0xFF,0x80,0x00,0x00,
    0x00,0x00,0x0F,0xFF,0xFF,0xFF,0xFF,0xFF,0xFF,0xFF,0xFF,0xFF,0xFF,0x80,0x00,0x00,
    0x00,0x00,0x0F,0xFF,0xFF,0xFF,0xFF,0xFF,0xFF,0xFF,0xFF,0xFF,0xFF,0xC0,0x00,0x00,
    0x00,0x00,0x1F,0xFF,0xFF,0xFF,0xFF,0xFF,0xFF,0xFF,0xFF,0xFF,0xFF,0xE0,0x00,0x00,
    0x00,0x00,0x3F,0xFF,0xFF,0xFF,0xFF,0x80,0x1F,0xFF,0xFF,0xFF,0xFF,0xE0,0x00,0x00,
    0x00,0x00,0x3F,0xFF,0xFF,0xFF,0xFC,0x00,0x03,0xFF,0xFF,0xFF,0xFF,0xF0,0x00,0x00,
    0x00,0x00,0x7F,0xFF,0xFF,0xFF,0xE0,0x00,0x00,0x7F,0xFF,0xFF,0xFF,0xF0,0x00,0x00,
    0x00,0x00,0x7F,0xFF,0xFF,0xFF,0xC0,0x00,0x00,0x3F,0xFF,0xFF,0xFF,0xF0,0x00,0x00,
    0x00,0x00,0x7F,0xFF,0xFF,0xFF,0x00,0x00,0x00,0x0F,0xFF,0xFF,0xFF,0xF8,0x00,0x00,
    0x00,0x00,0xFF,0xFF,0xFF,0xFE,0x00,0x00,0x00,0x07,0xFF,0xFF,0xFF,0xF8,0x00,0x00,
    0x00,0x00,0xFF,0xFF,0xFF,0xFC,0x00,0x00,0x00,0x03,0xFF,0xFF,0xFF,0xF8,0x00,0x00,
    0x00,0x01,0xFF,0xFF,0xFF,0xF8,0x00,0x00,0x00,0x01,0xFF,0xFF,0xFF,0xFC,0x00,0x00,
    0x00,0x01,0xFF,0xFF,0xFF,0xF8,0x00,0x00,0x00,0x00,0xFF,0xFF,0xFF,0xFC,0x00,0x00,
    0x00,0x01,0xFF,0xFF,0xFF,0xF0,0x00,0x00,0x00,0x00,0xFF,0xFF,0xFF,0xFC,0x00,0x00,
    0x00,0x03,0xFF,0xFF,0xFF,0xE0,0x00,0x00,0x00,0x00,0x7F,0xFF,0xFF,0xFC,0x00,0x00,
    0x00,0x03,0xFF,0xFF,0xFF,0xE0,0x00,0x00,0x00,0x00,0x7F,0xFF,0xFF,0xFC,0x00,0x00,
    0x00,0x03,0xFF,0xFF,0xFF,0xC0,0x00,0x00,0x00,0x00,0x3F,0xFF,0xFF,0xFC,0x00,0x00,
    0x00,0x03,0xFF,0xFF,0xFF,0xC0,0x00,0x00,0x00,0x00,0x3F,0xFF,0xFF,0xFC,0x00,0x00,
    0x00,0x07,0xFF,0xFF,0xFF,0xC0,0x00,0x00,0x00,0x00,0x3F,0xFF,0xFF,0xFC,0x00,0x00,
    0x00,0x07,0xFF,0xFF,0xFF,0x80,0x00,0x00,0x00,0x00,0x3F,0xFF,0xFF,0xFE,0x00,0x00,
    0x00,0x07,0xFF,0xFF,0xFF,0x80,0x00,0x00,0x00,0x00,0x3F,0xFF,0xFF,0xFE,0x00,0x00,
    0x00,0x07,0xFF,0xFF,0xFF,0x80,0x00,0x00,0x00,0x00,0x1F,0xFF,0xFF,0xFC,0x00,0x00,
    0x00,0x07,0xFF,0xFF,0xFF,0x80,0x00,0x00,0x00,0x00,0x1F,0xFF,0xFF,0xFC,0x00,0x00,
    0x00,0x07,0xFF,0xFF,0xFF,0x00,0x00,0x00,0x00,0x00,0x1F,0xFF,0xFF,0xFC,0x00,0x00,
    0x00,0x07,0xFF,0xFF,0xFF,0x00,0x00,0x00,0x00,0x00,0x3F,0xFF,0xFF,0xFC,0x00,0x00,
    0x00,0x0F,0xFF,0xFF,0xFF,0x00,0x00,0x00,0x00,0x00,0x3F,0xFF,0xFF,0xFC,0x00,0x00,
    0x00,0x0F,0xFF,0xFF,0xFF,0x00,0x00,0x00,0x00,0x00,0x3F,0xFF,0xFF,0xFC,0x00,0x00,
    0x00,0x0F,0xFF,0xFF,0xFF,0x00,0x00,0x00,0x00,0x00,0x3F,0xFF,0xFF,0xFC,0x00,0x00,
    0x00,0x0F,0xFF,0xFF,0xFF,0x00,0x00,0x00,0x00,0x00,0x3F,0xFF,0xFF,0xFC,0x00,0x00,
    0x00,0x0F,0xFF,0xFF,0xFF,0x00,0x00,0x00,0x00,0x00,0x3F,0xFF,0xFF,0xF8,0x00,0x00,
    0x00,0x00,0x00,0x00,0x00,0x00,0x00,0x00,0x00,0x00,0x7F,0xFF,0xFF,0xF8,0x00,0x00,
    0x00,0x00,0x00,0x00,0x00,0x00,0x00,0x00,0x00,0x00,0x7F,0xFF,0xFF,0xF8,0x00,0x00,
    0x00,0x00,0x00,0x00,0x00,0x00,0x00,0x00,0x00,0x00,0xFF,0xFF,0xFF,0xF0,0x00,0x00,
    0x00,0x00,0x00,0x00,0x00,0x00,0x00,0x00,0x00,0x01,0xFF,0xFF,0xFF,0xF0,0x00,0x00,
    0x00,0x00,0x00,0x00,0x00,0x00,0x00,0x00,0x00,0x03,0xFF,0xFF,0xFF,0xF0,0x00,0x00,
    0x00,0x00,0x00,0x00,0x00,0x00,0x00,0x00,0x00,0x07,0xFF,0xFF,0xFF,0xE0,0x00,0x00,
    0x00,0x00,0x00,0x00,0x00,0x00,0x00,0x00,0x00,0x0F,0xFF,0xFF,0xFF,0xE0,0x00,0x00,
    0x00,0x00,0x00,0x00,0x00,0x00,0x00,0x00,0x00,0x3F,0xFF,0xFF,0xFF,0xC0,0x00,0x00,
    0x00,0x00,0x00,0x00,0x00,0x00,0x00,0x00,0x00,0xFF,0xFF,0xFF,0xFF,0x80,0x00,0x00,
    0x00,0x00,0x00,0x00,0x00,0x00,0x00,0x00,0x03,0xFF,0xFF,0xFF,0xFF,0x80,0x00,0x00,
    0x00,0x00,0x00,0x00,0x00,0x00,0x00,0x00,0x7F,0xFF,0xFF,0xFF,0xFF,0x00,0x00,0x00,
    0x00,0x00,0x00,0x00,0x00,0x00,0x0F,0xFF,0xFF,0xFF,0xFF,0xFF,0xFE,0x00,0x00,0x00,
    0x00,0x00,0x00,0x00,0x00,0x00,0x0F,0xFF,0xFF,0xFF,0xFF,0xFF,0xFC,0x00,0x00,0x00,
    0x00,0x00,0x00,0x00,0x00,0x00,0x0F,0xFF,0xFF,0xFF,0xFF,0xFF,0xF8,0x00,0x00,0x00,
    0x00,0x00,0x00,0x00,0x00,0x00,0x0F,0xFF,0xFF,0xFF,0xFF,0xFF,0xF0,0x00,0x00,0x00,
    0x00,0x00,0x00,0x00,0x00,0x00,0x0F,0xFF,0xFF,0xFF,0xFF,0xFF,0xE0,0x00,0x00,0x00,
    0x00,0x00,0x00,0x00,0x00,0x00,0x0F,0xFF,0xFF,0xFF,0xFF,0xFF,0x80,0x00,0x00,0x00,
    0x00,0x00,0x00,0x00,0x00,0x00,0x0F,0xFF,0xFF,0xFF,0xFF,0xFE,0x00,0x00,0x00,0x00,
    0x00,0x00,0x00,0x00,0x00,0x00,0x0F,0xFF,0xFF,0xFF,0xFF,0xF8,0x00,0x00,0x00,0x00,
    0x00,0x00,0x00,0x00,0x00,0x00,0x0F,0xFF,0xFF,0xFF,0xFF,0xE0,0x00,0x00,0x00,0x00,
    0x00,0x00,0x00,0x00,0x00,0x00,0x0F,0xFF,0xFF,0xFF,0xFF,0xF8,0x00,0x00,0x00,0x00,
    0x00,0x00,0x00,0x00,0x00,0x00,0x0F,0xFF,0xFF,0xFF,0xFF,0xFF,0x00,0x00,0x00,0x00,
    0x00,0x00,0x00,0x00,0x00,0x00,0x0F,0xFF,0xFF,0xFF,0xFF,0xFF,0xC0,0x00,0x00,0x00,
    0x00,0x00,0x00,0x00,0x00,0x00,0x0F,0xFF,0xFF,0xFF,0xFF,0xFF,0xF0,0x00,0x00,0x00,
    0x00,0x00,0x00,0x00,0x00,0x00,0x0F,0xFF,0xFF,0xFF,0xFF,0xFF,0xFC,0x00,0x00,0x00,
    0x00,0x00,0x00,0x00,0x00,0x00,0x0F,0xFF,0xFF,0xFF,0xFF,0xFF,0xFE,0x00,0x00,0x00,
    0x00,0x00,0x00,0x00,0x00,0x00,0x0F,0xFF,0xFF,0xFF,0xFF,0xFF,0xFF,0x00,0x00,0x00,
    0x00,0x00,0x00,0x00,0x00,0x00,0x0F,0xFF,0xFF,0xFF,0xFF,0xFF,0xFF,0xC0,0x00,0x00,
    0x00,0x00,0x00,0x00,0x00,0x00,0x0F,0xFF,0xFF,0xFF,0xFF,0xFF,0xFF,0xE0,0x00,0x00,
    0x00,0x00,0x00,0x00,0x00,0x00,0x0F,0xFF,0xFF,0xFF,0xFF,0xFF,0xFF,0xF0,0x00,0x00,
    0x00,0x00,0x00,0x00,0x00,0x00,0x0F,0xFF,0xFF,0xFF,0xFF,0xFF,0xFF,0xF0,0x00,0x00,
    0x00,0x00,0x00,0x00,0x00,0x00,0x0F,0xFF,0xFF,0xFF,0xFF,0xFF,0xFF,0xF8,0x00,0x00,
    0x00,0x00,0x00,0x00,0x00,0x00,0x00,0x00,0x7F,0xFF,0xFF,0xFF,0xFF,0xFC,0x00,0x00,
    0x00,0x00,0x00,0x00,0x00,0x00,0x00,0x00,0x03,0xFF,0xFF,0xFF,0xFF,0xFE,0x00,0x00,
    0x00,0x00,0x00,0x00,0x00,0x00,0x00,0x00,0x00,0x3F,0xFF,0xFF,0xFF,0xFE,0x00,0x00,
    0x00,0x00,0x00,0x00,0x00,0x00,0x00,0x00,0x00,0x0F,0xFF,0xFF,0xFF,0xFF,0x00,0x00,
    0x00,0x00,0x00,0x00,0x00,0x00,0x00,0x00,0x00,0x07,0xFF,0xFF,0xFF,0xFF,0x00,0x00,
    0x00,0x00,0x00,0x00,0x00,0x00,0x00,0x00,0x00,0x01,0xFF,0xFF,0xFF,0xFF,0x80,0x00,
    0x00,0x00,0x00,0x00,0x00,0x00,0x00,0x00,0x00,0x00,0xFF,0xFF,0xFF,0xFF,0x80,0x00,
    0x00,0x00,0x00,0x00,0x00,0x00,0x00,0x00,0x00,0x00,0x7F,0xFF,0xFF,0xFF,0xC0,0x00,
    0x00,0x00,0x00,0x00,0x00,0x00,0x00,0x00,0x00,0x00,0x3F,0xFF,0xFF,0xFF,0xC0,0x00,
    0x00,0x00,0x00,0x00,0x00,0x00,0x00,0x00,0x00,0x00,0x3F,0xFF,0xFF,0xFF,0xC0,0x00,
    0x00,0x00,0x00,0x00,0x00,0x00,0x00,0x00,0x00,0x00,0x1F,0xFF,0xFF,0xFF,0xE0,0x00,
    0x00,0x00,0x00,0x00,0x00,0x00,0x00,0x00,0x00,0x00,0x0F,0xFF,0xFF,0xFF,0xE0,0x00,
    0x00,0x00,0x00,0x00,0x00,0x00,0x00,0x00,0x00,0x00,0x0F,0xFF,0xFF,0xFF,0xE0,0x00,
    0x00,0x00,0x00,0x00,0x00,0x00,0x00,0x00,0x00,0x00,0x0F,0xFF,0xFF,0xFF,0xE0,0x00,
    0x00,0x00,0x00,0x00,0x00,0x00,0x00,0x00,0x00,0x00,0x07,0xFF,0xFF,0xFF,0xE0,0x00,
    0x00,0x00,0x00,0x00,0x00,0x00,0x00,0x00,0x00,0x00,0x07,0xFF,0xFF,0xFF,0xF0,0x00,
    0x00,0x7F,0xFF,0xFF,0xF8,0x00,0x00,0x00,0x00,0x00,0x07,0xFF,0xFF,0xFF,0xF0,0x00,
    0x00,0x7F,0xFF,0xFF,0xF8,0x00,0x00,0x00,0x00,0x00,0x07,0xFF,0xFF,0xFF,0xF0,0x00,
    0x00,0x7F,0xFF,0xFF,0xF8,0x00,0x00,0x00,0x00,0x00,0x07,0xFF,0xFF,0xFF,0xF0,0x00,
    0x00,0x7F,0xFF,0xFF,0xF8,0x00,0x00,0x00,0x00,0x00,0x07,0xFF,0xFF,0xFF,0xF0,0x00,
    0x00,0x7F,0xFF,0xFF,0xF8,0x00,0x00,0x00,0x00,0x00,0x07,0xFF,0xFF,0xFF,0xF0,0x00,
    0x00,0x7F,0xFF,0xFF,0xF8,0x00,0x00,0x00,0x00,0x00,0x07,0xFF,0xFF,0xFF,0xF0,0x00,
    0x00,0x7F,0xFF,0xFF,0xF8,0x00,0x00,0x00,0x00,0x00,0x07,0xFF,0xFF,0xFF,0xF0,0x00,
    0x00,0x7F,0xFF,0xFF,0xFC,0x00,0x00,0x00,0x00,0x00,0x07,0xFF,0xFF,0xFF,0xF0,0x00,
    0x00,0x7F,0xFF,0xFF,0xFC,0x00,0x00,0x00,0x00,0x00,0x07,0xFF,0xFF,0xFF,0xF0,0x00,
    0x00,0x7F,0xFF,0xFF,0xFC,0x00,0x00,0x00,0x00,0x00,0x07,0xFF,0xFF,0xFF,0xF0,0x00,
    0x00,0x7F,0xFF,0xFF,0xFC,0x00,0x00,0x00,0x00,0x00,0x07,0xFF,0xFF,0xFF,0xF0,0x00,
    0x00,0x7F,0xFF,0xFF,0xFE,0x00,0x00,0x00,0x00,0x00,0x07,0xFF,0xFF,0xFF,0xE0,0x00,
    0x00,0x3F,0xFF,0xFF,0xFE,0x00,0x00,0x00,0x00,0x00,0x0F,0xFF,0xFF,0xFF,0xE0,0x00,
    0x00,0x3F,0xFF,0xFF,0xFF,0x00,0x00,0x00,0x00,0x00,0x0F,0xFF,0xFF,0xFF,0xE0,0x00,
    0x00,0x3F,0xFF,0xFF,0xFF,0x00,0x00,0x00,0x00,0x00,0x0F,0xFF,0xFF,0xFF,0xE0,0x00,
    0x00,0x3F,0xFF,0xFF,0xFF,0x00,0x00,0x00,0x00,0x00,0x1F,0xFF,0xFF,0xFF,0xE0,0x00,
    0x00,0x1F,0xFF,0xFF,0xFF,0x80,0x00,0x00,0x00,0x00,0x1F,0xFF,0xFF,0xFF,0xE0,0x00,
    0x00,0x1F,0xFF,0xFF,0xFF,0xC0,0x00,0x00,0x00,0x00,0x3F,0xFF,0xFF,0xFF,0xC0,0x00,
    0x00,0x1F,0xFF,0xFF,0xFF,0xC0,0x00,0x00,0x00,0x00,0x3F,0xFF,0xFF,0xFF,0xC0,0x00,
    0x00,0x1F,0xFF,0xFF,0xFF,0xE0,0x00,0x00,0x00,0x00,0x7F,0xFF,0xFF,0xFF,0xC0,0x00,
    0x00,0x0F,0xFF,0xFF,0xFF,0xF0,0x00,0x00,0x00,0x00,0xFF,0xFF,0xFF,0xFF,0x80,0x00,
    0x00,0x0F,0xFF,0xFF,0xFF,0xF8,0x00,0x00,0x00,0x01,0xFF,0xFF,0xFF,0xFF,0x80,0x00,
    0x00,0x07,0xFF,0xFF,0xFF,0xFC,0x00,0x00,0x00,0x03,0xFF,0xFF,0xFF,0xFF,0x80,0x00,
    0x00,0x07,0xFF,0xFF,0xFF,0xFE,0x00,0x00,0x00,0x0F,0xFF,0xFF,0xFF,0xFF,0x00,0x00,
    0x00,0x07,0xFF,0xFF,0xFF,0xFF,0x80,0x00,0x00,0x1F,0xFF,0xFF,0xFF,0xFF,0x00,0x00,
    0x00,0x03,0xFF,0xFF,0xFF,0xFF,0xE0,0x00,0x00,0x7F,0xFF,0xFF,0xFF,0xFE,0x00,0x00,
    0x00,0x03,0xFF,0xFF,0xFF,0xFF,0xF8,0x00,0x01,0xFF,0xFF,0xFF,0xFF,0xFE,0x00,0x00,
    0x00,0x01,0xFF,0xFF,0xFF,0xFF,0xFF,0x80,0x1F,0xFF,0xFF,0xFF,0xFF,0xFC,0x00,0x00,
    0x00,0x00,0xFF,0xFF,0xFF,0xFF,0xFF,0xFF,0xFF,0xFF,0xFF,0xFF,0xFF,0xF8,0x00,0x00,
    0x00,0x00,0xFF,0xFF,0xFF,0xFF,0xFF,0xFF,0xFF,0xFF,0xFF,0xFF,0xFF,0xF8,0x00,0x00,
    0x00,0x00,0x7F,0xFF,0xFF,0xFF,0xFF,0xFF,0xFF,0xFF,0xFF,0xFF,0xFF,0xF0,0x00,0x00,
    0x00,0x00,0x7F,0xFF,0xFF,0xFF,0xFF,0xFF,0xFF,0xFF,0xFF,0xFF,0xFF,0xE0,0x00,0x00,
    0x00,0x00,0x3F,0xFF,0xFF,0xFF,0xFF,0xFF,0xFF,0xFF,0xFF,0xFF,0xFF,0xE0,0x00,0x00,
    0x00,0x00,0x1F,0xFF,0xFF,0xFF,0xFF,0xFF,0xFF,0xFF,0xFF,0xFF,0xFF,0xC0,0x00,0x00,
    0x00,0x00,0x0F,0xFF,0xFF,0xFF,0xFF,0xFF,0xFF,0xFF,0xFF,0xFF,0xFF,0x80,0x00,0x00,
    0x00,0x00,0x0F,0xFF,0xFF,0xFF,0xFF,0xFF,0xFF,0xFF,0xFF,0xFF,0xFF,0x00,0x00,0x00,
    0x00,0x00,0x07,0xFF,0xFF,0xFF,0xFF,0xFF,0xFF,0xFF,0xFF,0xFF,0xFE,0x00,0x00,0x00,
    0x00,0x00,0x03,0xFF,0xFF,0xFF,0xFF,0xFF,0xFF,0xFF,0xFF,0xFF,0xFC,0x00,0x00,0x00,
    0x00,0x00,0x01,0xFF,0xFF,0xFF,0xFF,0xFF,0xFF,0xFF,0xFF,0xFF,0xF8,0x00,0x00,0x00,
    0x00,0x00,0x00,0xFF,0xFF,0xFF,0xFF,0xFF,0xFF,0xFF,0xFF,0xFF,0xF0,0x00,0x00,0x00,
    0x00,0x00,0x00,0x3F,0xFF,0xFF,0xFF,0xFF,0xFF,0xFF,0xFF,0xFF,0xE0,0x00,0x00,0x00,
    0x00,0x00,0x00,0x1F,0xFF,0xFF,0xFF,0xFF,0xFF,0xFF,0xFF,0xFF,0x80,0x00,0x00,0x00,
    0x00,0x00,0x00,0x0F,0xFF,0xFF,0xFF,0xFF,0xFF,0xFF,0xFF,0xFF,0x00,0x00,0x00,0x00,
    0x00,0x00,0x00,0x03,0xFF,0xFF,0xFF,0xFF,0xFF,0xFF,0xFF,0xFC,0x00,0x00,0x00,0x00,
    0x00,0x00,0x00,0x01,0xFF,0xFF,0xFF,0xFF,0xFF,0xFF,0xFF,0xF8,0x00,0x00,0x00,0x00,
    0x00,0x00,0x00,0x00,0x7F,0xFF,0xFF,0xFF,0xFF,0xFF,0xFF,0xE0,0x00,0x00,0x00,0x00,
    0x00,0x00,0x00,0x00,0x1F,0xFF,0xFF,0xFF,0xFF,0xFF,0xFF,0x80,0x00,0x00,0x00,0x00,
    0x00,0x00,0x00,0x00,0x03,0xFF,0xFF,0xFF,0xFF,0xFF,0xFC,0x00,0x00,0x00,0x00,0x00,
    0x00,0x00,0x00,0x00,0x00,0xFF,0xFF,0xFF,0xFF,0xFF,0xF0,0x00,0x00,0x00,0x00,0x00,
    0x00,0x00,0x00,0x00,0x00,0x1F,0xFF,0xFF,0xFF,0xFF,0x80,0x00,0x00,0x00,0x00,0x00,
    0x00,0x00,0x00,0x00,0x00,0x01,0xFF,0xFF,0xFF,0xF8,0x00,0x00,0x00,0x00,0x00,0x00,
    0x00,0x00,0x00,0x00,0x00,0x00,0x07,0xFF,0xFE,0x00,0x00,0x00,0x00,0x00,0x00,0x00,
    0x00,0x00,0x00,0x00,0x00,0x00,0x00,0x00,0x00,0x00,0x00,0x00,0x00,0x00,0x00,0x00,
    0x00,0x00,0x00,0x00,0x00,0x00,0x00,0x00,0x00,0x00,0x00,0x00,0x00,0x00,0x00,0x00,
    0x00,0x00,0x00,0x00,0x00,0x00,0x00,0x00,0x00,0x00,0x00,0x00,0x00,0x00,0x00,0x00,
    0x00,0x00,0x00,0x00,0x00,0x00,0x00,0x00,0x00,0x00,0x00,0x00,0x00,0x00,0x00,0x00,
    0x00,0x00,0x00,0x00,0x00,0x00,0x00,0x00,0x00,0x00,0x00,0x00,0x00,0x00,0x00,0x00,
    0x00,0x00,0x00,0x00,0x00,0x00,0x00,0x00,0x00,0x00,0x00,0x00,0x00,0x00,0x00,0x00,
    0x00,0x00,0x00,0x00,0x00,0x00,0x00,0x00,0x00,0x00,0x00,0x00,0x00,0x00,0x00,0x00,
    0x00,0x00,0x00,0x00,0x00,0x00,0x00,0x00,0x00,0x00,0x00,0x00,0x00,0x00,0x00,0x00,
    0x00,0x00,0x00,0x00,0x00,0x00,0x00,0x00,0x00,0x00,0x00,0x00,0x00,0x00,0x00,0x00,
    0x00,0x00,0x00,0x00,0x00,0x00,0x00,0x00,0x00,0x00,0x00,0x00,0x00,0x00,0x00,0x00,
    0x00,0x00,0x00,0x00,0x00,0x00,0x00,0x00,0x00,0x00,0x00,0x00,0x00,0x00,0x00,0x00,
    0x00,0x00,0x00,0x00,0x00,0x00,0x00,0x00,0x00,0x00,0x00,0x00,0x00,0x00,0x00,0x00,
    0x00,0x00,0x00,0x00,0x00,0x00,0x00,0x00,0x00,0x00,0x00,0x00,0x00,0x00,0x00,0x00,
    0x00,0x00,0x00,0x00,0x00,0x00,0x00,0x00,0x00,0x00,0x00,0x00,0x00,0x00,0x00,0x00,
    0x00,0x00,0x00,0x00,0x00,0x00,0x00,0x00,0x00,0x00,0x00,0x00,0x00,0x00,0x00,0x00,
  },
{
    0x00,0x00,0x00,0x00,0x00,0x00,0x00,0x00,0x00,0x00,0x00,0x00,0x00,0x00,0x00,0x00,
    0x00,0x00,0x00,0x00,0x00,0x00,0x00,0x00,0x00,0x00,0x00,0x00,0x00,0x00,0x00,0x00,
    0x00,0x00,0x00,0x00,0x00,0x00,0x00,0x00,0x00,0x00,0x00,0x00,0x00,0x00,0x00,0x00,
    0x00,0x00,0x00,0x00,0x00,0x00,0x00,0x00,0x00,0x00,0x00,0x00,0x00,0x00,0x00,0x00,
    0x00,0x00,0x00,0x00,0x00,0x00,0x00,0x00,0x00,0x00,0x00,0x00,0x00,0x00,0x00,0x00,
    0x00,0x00,0x00,0x00,0x00,0x00,0x00,0x00,0x00,0x00,0x00,0x00,0x00,0x00,0x00,0x00,
    0x00,0x00,0x00,0x00,0x00,0x00,0x00,0x00,0x00,0x00,0x00,0x00,0x00,0x00,0x00,0x00,
    0x00,0x00,0x00,0x00,0x00,0x00,0x00,0x00,0x00,0x00,0x00,0x00,0x00,0x00,0x00,0x00,
    0x00,0x00,0x00,0x00,0x00,0x00,0x00,0x00,0x00,0x00,0x00,0x00,0x00,0x00,0x00,0x00,
    0x00,0x00,0x00,0x00,0x00,0x00,0x00,0x00,0x00,0x00,0x00,0x00,0x00,0x00,0x00,0x00,
    0x00,0x00,0x00,0x00,0x00,0x00,0x00,0x00,0x00,0x00,0x00,0x00,0x00,0x00,0x00,0x00,
    0x00,0x00,0x00,0x00,0x00,0x00,0x00,0x00,0x00,0x00,0x00,0x00,0x00,0x00,0x00,0x00,
    0x00,0x00,0x00,0x00,0x00,0x00,0x00,0x00,0x00,0x00,0x00,0x00,0x00,0x00,0x00,0x00,
    0x00,0x00,0x00,0x00,0x00,0x00,0x00,0x00,0x00,0x00,0x00,0x00,0x00,0x00,0x00,0x00,
    0x00,0x00,0x00,0x00,0x00,0x00,0x00,0x00,0x00,0x00,0x00,0x00,0x00,0x00,0x00,0x00,
    0x00,0x00,0x00,0x00,0x00,0x00,0x00,0x00,0x03,0xFF,0xFF,0xFF,0xC0,0x00,0x00,0x00,
    0x00,0x00,0x00,0x00,0x00,0x00,0x00,0x00,0x07,0xFF,0xFF,0xFF,0xC0,0x00,0x00,0x00,
    0x00,0x00,0x00,0x00,0x00,0x00,0x00,0x00,0x07,0xFF,0xFF,0xFF,0xC0,0x00,0x00,0x00,
    0x00,0x00,0x00,0x00,0x00,0x00,0x00,0x00,0x0F,0xFF,0xFF,0xFF,0xC0,0x00,0x00,0x00,
    0x00,0x00,0x00,0x00,0x00,0x00,0x00,0x00,0x1F,0xFF,0xFF,0xFF,0xC0,0x00,0x00,0x00,
    0x00,0x00,0x00,0x00,0x00,0x00,0x00,0x00,0x3F,0xFF,0xFF,0xFF,0xC0,0x00,0x00,0x00,
    0x00,0x00,0x00,0x00,0x00,0x00,0x00,0x00,0x3F,0xFF,0xFF,0xFF,0xC0,0x00,0x00,0x00,
    0x00,0x00,0x00,0x00,0x00,0x00,0x00,0x00,0x7F,0xFF,0xFF,0xFF,0xC0,0x00,0x00,0x00,
    0x00,0x00,0x00,0x00,0x00,0x00,0x00,0x00,0xFF,0xFF,0xFF,0xFF,0xC0,0x00,0x00,0x00,
    0x00,0x00,0x00,0x00,0x00,0x00,0x00,0x01,0xFF,0xFF,0xFF,0xFF,0xC0,0x00,0x00,0x00,
    0x00,0x00,0x00,0x00,0x00,0x00,0x00,0x01,0xFF,0xFF,0xFF,0xFF,0xC0,0x00,0x00,0x00,
    0x00,0x00,0x00,0x00,0x00,0x00,0x00,0x03,0xFF,0xFF,0xFF,0xFF,0xC0,0x00,0x00,0x00,
    0x00,0x00,0x00,0x00,0x00,0x00,0x00,0x07,0xFF,0xFF,0xFF,0xFF,0xC0,0x00,0x00,0x00,
    0x00,0x00,0x00,0x00,0x00,0x00,0x00,0x0F,0xFF,0xFF,0xFF,0xFF,0xC0,0x00,0x00,0x00,
    0x00,0x00,0x00,0x00,0x00,0x00,0x00,0x0F,0xFF,0xFF,0xFF,0xFF,0xC0,0x00,0x00,0x00,
    0x00,0x00,0x00,0x00,0x00,0x00,0x00,0x1F,0xFF,0xFF,0xFF,0xFF,0xC0,0x00,0x00,0x00,
    0x00,0x00,0x00,0x00,0x00,0x00,0x00,0x3F,0xFF,0xFF,0xFF,0xFF,0xC0,0x00,0x00,0x00,
    0x00,0x00,0x00,0x00,0x00,0x00,0x00,0x7F,0xFF,0xFF,0xFF,0xFF,0xC0,0x00,0x00,0x00,
    0x00,0x00,0x00,0x00,0x00,0x00,0x00,0x7F,0xFF,0xFF,0xFF,0xFF,0xC0,0x00,0x00,0x00,
    0x00,0x00,0x00,0x00,0x00,0x00,0x00,0xFF,0xFF,0xFF,0xFF,0xFF,0xC0,0x00,0x00,0x00,
    0x00,0x00,0x00,0x00,0x00,0x00,0x01,0xFF,0xFF,0xFF,0xFF,0xFF,0xC0,0x00,0x00,0x00,
    0x00,0x00,0x00,0x00,0x00,0x00,0x03,0xFF,0xFF,0xFF,0xFF,0xFF,0xC0,0x00,0x00,0x00,
    0x00,0x00,0x00,0x00,0x00,0x00,0x03,0xFF,0xFF,0xFF,0xFF,0xFF,0xC0,0x00,0x00,0x00,
    0x00,0x00,0x00,0x00,0x00,0x00,0x07,0xFF,0xFF,0xFF,0xFF,0xFF,0xC0,0x00,0x00,0x00,
    0x00,0x00,0x00,0x00,0x00,0x00,0x0F,0xFF,0xFF,0xFF,0xFF,0xFF,0xC0,0x00,0x00,0x00,
    0x00,0x00,0x00,0x00,0x00,0x00,0x1F,0xFF,0xFF,0xFF,0xFF,0xFF,0xC0,0x00,0x00,0x00,
    0x00,0x00,0x00,0x00,0x00,0x00,0x1F,0xFF,0xFF,0xFF,0xFF,0xFF,0xC0,0x00,0x00,0x00,
    0x00,0x00,0x00,0x00,0x00,0x00,0x3F,0xFF,0xFF,0xFF,0xFF,0xFF,0xC0,0x00,0x00,0x00,
    0x00,0x00,0x00,0x00,0x00,0x00,0x7F,0xFF,0xFF,0xFF,0xFF,0xFF,0xC0,0x00,0x00,0x00,
    0x00,0x00,0x00,0x00,0x00,0x00,0xFF,0xFF,0xFF,0xFF,0xFF,0xFF,0xC0,0x00,0x00,0x00,
    0x00,0x00,0x00,0x00,0x00,0x00,0xFF,0xFF,0xFF,0xFF,0xFF,0xFF,0xC0,0x00,0x00,0x00,
    0x00,0x00,0x00,0x00,0x00,0x01,0xFF,0xFF,0xFF,0xFF,0xFF,0xFF,0xC0,0x00,0x00,0x00,
    0x00,0x00,0x00,0x00,0x00,0x03,0xFF,0xFF,0xFF,0xFF,0xFF,0xFF,0xC0,0x00,0x00,0x00,
    0x00,0x00,0x00,0x00,0x00,0x07,0xFF,0xFF,0xFF,0xFF,0xFF,0xFF,0xC0,0x00,0x00,0x00,
    0x00,0x00,0x00,0x00,0x00,0x07,0xFF,0xFF,0xFF,0xFF,0xFF,0xFF,0xC0,0x00,0x00,0x00,
    0x00,0x00,0x00,0x00,0x00,0x0F,0xFF,0xFF,0xFF,0xFF,0xFF,0xFF,0xC0,0x00,0x00,0x00,
    0x00,0x00,0x00,0x00,0x00,0x1F,0xFF,0xFF,0xFF,0xFF,0xFF,0xFF,0xC0,0x00,0x00,0x00,
    0x00,0x00,0x00,0x00,0x00,0x3F,0xFF,0xFF,0xFF,0xFF,0xFF,0xFF,0xC0,0x00,0x00,0x00,
    0x00,0x00,0x00,0x00,0x00,0x3F,0xFF,0xFF,0xF7,0xFF,0xFF,0xFF,0xC0,0x00,0x00,0x00,
    0x00,0x00,0x00,0x00,0x00,0x7F,0xFF,0xFF,0xE7,0xFF,0xFF,0xFF,0xC0,0x00,0x00,0x00,
    0x00,0x00,0x00,0x00,0x00,0xFF,0xFF,0xFF,0xC7,0xFF,0xFF,0xFF,0xC0,0x00,0x00,0x00,
    0x00,0x00,0x00,0x00,0x01,0xFF,0xFF,0xFF,0xC7,0xFF,0xFF,0xFF,0xC0,0x00,0x00,0x00,
    0x00,0x00,0x00,0x00,0x01,0xFF,0xFF,0xFF,0x87,0xFF,0xFF,0xFF,0xC0,0x00,0x00,0x00,
    0x00,0x00,0x00,0x00,0x03,0xFF,0xFF,0xFF,0x07,0xFF,0xFF,0xFF,0xC0,0x00,0x00,0x00,
    0x00,0x00,0x00,0x00,0x07,0xFF,0xFF,0xFE,0x07,0xFF,0xFF,0xFF,0xC0,0x00,0x00,0x00,
    0x00,0x00,0x00,0x00,0x0F,0xFF,0xFF,0xFE,0x07,0xFF,0xFF,0xFF,0xC0,0x00,0x00,0x00,
    0x00,0x00,0x00,0x00,0x0F,0xFF,0xFF,0xFC,0x07,0xFF,0xFF,0xFF,0xC0,0x00,0x00,0x00,
    0x00,0x00,0x00,0x00,0x1F,0xFF,0xFF,0xF8,0x07,0xFF,0xFF,0xFF,0xC0,0x00,0x00,0x00,
    0x00,0x00,0x00,0x00,0x3F,0xFF,0xFF,0xF0,0x07,0xFF,0xFF,0xFF,0xC0,0x00,0x00,0x00,
    0x00,0x00,0x00,0x00,0x7F,0xFF,0xFF,0xF0,0x07,0xFF,0xFF,0xFF,0xC0,0x00,0x00,0x00,
    0x00,0x00,0x00,0x00,0x7F,0xFF,0xFF,0xE0,0x07,0xFF,0xFF,0xFF,0xC0,0x00,0x00,0x00,
    0x00,0x00,0x00,0x00,0xFF,0xFF,0xFF,0xC0,0x07,0xFF,0xFF,0xFF,0xC0,0x00,0x00,0x00,
    0x00,0x00,0x00,0x01,0xFF,0xFF,0xFF,0x80,0x07,0xFF,0xFF,0xFF,0xC0,0x00,0x00,0x00,
    0x00,0x00,0x00,0x01,0xFF,0xFF,0xFF,0x80,0x07,0xFF,0xFF,0xFF,0xC0,0x00,0x00,0x00,
    0x00,0x00,0x00,0x03,0xFF,0xFF,0xFF,0x00,0x07,0xFF,0xFF,0xFF,0xC0,0x00,0x00,0x00,
    0x00,0x00,0x00,0x07,0xFF,0xFF,0xFE,0x00,0x07,0xFF,0xFF,0xFF,0xC0,0x00,0x00,0x00,
    0x00,0x00,0x00,0x0F,0xFF,0xFF,0xFC,0x00,0x07,0xFF,0xFF,0xFF,0xC0,0x00,0x00,0x00,
    0x00,0x00,0x00,0x0F,0xFF,0xFF,0xFC,0x00,0x07,0xFF,0xFF,0xFF,0xC0,0x00,0x00,0x00,
    0x00,0x00,0x00,0x1F,0xFF,0xFF,0xF8,0x00,0x07,0xFF,0xFF,0xFF,0xC0,0x00,0x00,0x00,
    0x00,0x00,0x00,0x3F,0xFF,0xFF,0xF0,0x00,0x07,0xFF,0xFF,0xFF,0xC0,0x00,0x00,0x00,
    0x00,0x00,0x00,0x7F,0xFF,0xFF,0xE0,0x00,0x07,0xFF,0xFF,0xFF,0xC0,0x00,0x00,0x00,
    0x00,0x00,0x00,0x7F,0xFF,0xFF,0xE0,0x00,0x07,0xFF,0xFF,0xFF,0xC0,0x00,0x00,0x00,
    0x00,0x00,0x00,0xFF,0xFF,0xFF,0xC0,0x00,0x07,0xFF,0xFF,0xFF,0xC0,0x00,0x00,0x00,
    0x00,0x00,0x01,0xFF,0xFF,0xFF,0x80,0x00,0x07,0xFF,0xFF,0xFF,0xC0,0x00,0x00,0x00,
    0x00,0x00,0x03,0xFF,0xFF,0xFF,0x00,0x00,0x07,0xFF,0xFF,0xFF,0xC0,0x00,0x00,0x00,
    0x00,0x00,0x03,0xFF,0xFF,0xFF,0x00,0x00,0x07,0xFF,0xFF,0xFF,0xC0,0x00,0x00,0x00,
    0x00,0x00,0x07,0xFF,0xFF,0xFE,0x00,0x00,0x07,0xFF,0xFF,0xFF,0xC0,0x00,0x00,0x00,
    0x00,0x00,0x0F,0xFF,0xFF,0xFC,0x00,0x00,0x07,0xFF,0xFF,0xFF,0xC0,0x00,0x00,0x00,
    0x00,0x00,0x1F,0xFF,0xFF,0xF8,0x00,0x00,0x07,0xFF,0xFF,0xFF,0xC0,0x00,0x00,0x00,
    0x00,0x00,0x1F,0xFF,0xFF,0xF8,0x00,0x00,0x07,0xFF,0xFF,0xFF,0xC0,0x00,0x00,0x00,
    0x00,0x00,0x3F,0xFF,0xFF,0xF0,0x00,0x00,0x07,0xFF,0xFF,0xFF,0xC0,0x00,0x00,0x00,
    0x00,0x00,0x7F,0xFF,0xFF,0xE0,0x00,0x00,0x07,0xFF,0xFF,0xFF,0xC0,0x00,0x00,0x00,
    0x00,0x00,0xFF,0xFF,0xFF,0xC0,0x00,0x00,0x07,0xFF,0xFF,0xFF,0xC0,0x00,0x00,0x00,
    0x00,0x00,0xFF,0xFF,0xFF,0xC0,0x00,0x00,0x07,0xFF,0xFF,0xFF,0xC0,0x00,0x00,0x00,
    0x00,0x01,0xFF,0xFF,0xFF,0x80,0x00,0x00,0x07,0xFF,0xFF,0xFF,0xC0,0x00,0x00,0x00,
    0x00,0x03,0xFF,0xFF,0xFF,0x00,0x00,0x00,0x07,0xFF,0xFF,0xFF,0xC0,0x00,0x00,0x00,
    0x00,0x07,0xFF,0xFF,0xFF,0x00,0x00,0x00,0x07,0xFF,0xFF,0xFF,0xC0,0x00,0x00,0x00,
    0x00,0x07,0xFF,0xFF,0xFE,0x00,0x00,0x00,0x07,0xFF,0xFF,0xFF,0xC0,0x00,0x00,0x00,
    0x00,0x0F,0xFF,0xFF,0xFC,0x00,0x00,0x00,0x07,0xFF,0xFF,0xFF,0xC0,0x00,0x00,0x00,
    0x00,0x1F,0xFF,0xFF,0xF8,0x00,0x00,0x00,0x07,0xFF,0xFF,0xFF,0xC0,0x00,0x00,0x00,
    0x00,0x3F,0xFF,0xFF,0xF8,0x00,0x00,0x00,0x07,0xFF,0xFF,0xFF,0xC0,0x00,0x00,0x00,
    0x00,0x3F,0xFF,0xFF,0xF0,0x00,0x00,0x00,0x07,0xFF,0xFF,0xFF,0xC0,0x00,0x00,0x00,
    0x00,0x7F,0xFF,0xFF,0xE0,0x00,0x00,0x00,0x07,0xFF,0xFF,0xFF,0xC0,0x00,0x00,0x00,
    0x00,0xFF,0xFF,0xFF,0xC0,0x00,0x00,0x00,0x07,0xFF,0xFF,0xFF,0xC0,0x00,0x00,0x00,
    0x01,0xFF,0xFF,0xFF,0xC0,0x00,0x00,0x00,0x07,0xFF,0xFF,0xFF,0xC0,0x00,0x00,0x00,
    0x01,0xFF,0xFF,0xFF,0x80,0x00,0x00,0x00,0x07,0xFF,0xFF,0xFF,0xC0,0x00,0x00,0x00,
    0x03,0xFF,0xFF,0xFF,0x00,0x00,0x00,0x00,0x07,0xFF,0xFF,0xFF,0xC0,0x00,0x00,0x00,
    0x07,0xFF,0xFF,0xFE,0x00,0x00,0x00,0x00,0x07,0xFF,0xFF,0xFF,0xC0,0x00,0x00,0x00,
    0x07,0xFF,0xFF,0xFE,0x00,0x00,0x00,0x00,0x07,0xFF,0xFF,0xFF,0xC0,0x00,0x00,0x00,
    0x07,0xFF,0xFF,0xFC,0x00,0x00,0x00,0x00,0x07,0xFF,0xFF,0xFF,0xC0,0x00,0x00,0x00,
    0x07,0xFF,0xFF,0xFF,0xFF,0xFF,0xFF,0xFF,0xFF,0xFF,0xFF,0xFF,0xFF,0xFF,0xFC,0x00,
    0x07,0xFF,0xFF,0xFF,0xFF,0xFF,0xFF,0xFF,0xFF,0xFF,0xFF,0xFF,0xFF,0xFF,0xFC,0x00,
    0x07,0xFF,0xFF,0xFF,0xFF,0xFF,0xFF,0xFF,0xFF,0xFF,0xFF,0xFF,0xFF,0xFF,0xFC,0x00,
    0x07,0xFF,0xFF,0xFF,0xFF,0xFF,0xFF,0xFF,0xFF,0xFF,0xFF,0xFF,0xFF,0xFF,0xFC,0x00,
    0x07,0xFF,0xFF,0xFF,0xFF,0xFF,0xFF,0xFF,0xFF,0xFF,0xFF,0xFF,0xFF,0xFF,0xFC,0x00,
    0x07,0xFF,0xFF,0xFF,0xFF,0xFF,0xFF,0xFF,0xFF,0xFF,0xFF,0xFF,0xFF,0xFF,0xFC,0x00,
    0x07,0xFF,0xFF,0xFF,0xFF,0xFF,0xFF,0xFF,0xFF,0xFF,0xFF,0xFF,0xFF,0xFF,0xFC,0x00,
    0x07,0xFF,0xFF,0xFF,0xFF,0xFF,0xFF,0xFF,0xFF,0xFF,0xFF,0xFF,0xFF,0xFF,0xFC,0x00,
    0x07,0xFF,0xFF,0xFF,0xFF,0xFF,0xFF,0xFF,0xFF,0xFF,0xFF,0xFF,0xFF,0xFF,0xFC,0x00,
    0x07,0xFF,0xFF,0xFF,0xFF,0xFF,0xFF,0xFF,0xFF,0xFF,0xFF,0xFF,0xFF,0xFF,0xFC,0x00,
    0x07,0xFF,0xFF,0xFF,0xFF,0xFF,0xFF,0xFF,0xFF,0xFF,0xFF,0xFF,0xFF,0xFF,0xFC,0x00,
    0x07,0xFF,0xFF,0xFF,0xFF,0xFF,0xFF,0xFF,0xFF,0xFF,0xFF,0xFF,0xFF,0xFF,0xFC,0x00,
    0x07,0xFF,0xFF,0xFF,0xFF,0xFF,0xFF,0xFF,0xFF,0xFF,0xFF,0xFF,0xFF,0xFF,0xFC,0x00,
    0x07,0xFF,0xFF,0xFF,0xFF,0xFF,0xFF,0xFF,0xFF,0xFF,0xFF,0xFF,0xFF,0xFF,0xFC,0x00,
    0x07,0xFF,0xFF,0xFF,0xFF,0xFF,0xFF,0xFF,0xFF,0xFF,0xFF,0xFF,0xFF,0xFF,0xFC,0x00,
    0x07,0xFF,0xFF,0xFF,0xFF,0xFF,0xFF,0xFF,0xFF,0xFF,0xFF,0xFF,0xFF,0xFF,0xFC,0x00,
    0x07,0xFF,0xFF,0xFF,0xFF,0xFF,0xFF,0xFF,0xFF,0xFF,0xFF,0xFF,0xFF,0xFF,0xFC,0x00,
    0x07,0xFF,0xFF,0xFF,0xFF,0xFF,0xFF,0xFF,0xFF,0xFF,0xFF,0xFF,0xFF,0xFF,0xFC,0x00,
    0x07,0xFF,0xFF,0xFF,0xFF,0xFF,0xFF,0xFF,0xFF,0xFF,0xFF,0xFF,0xFF,0xFF,0xFC,0x00,
    0x07,0xFF,0xFF,0xFF,0xFF,0xFF,0xFF,0xFF,0xFF,0xFF,0xFF,0xFF,0xFF,0xFF,0xFC,0x00,
    0x07,0xFF,0xFF,0xFF,0xFF,0xFF,0xFF,0xFF,0xFF,0xFF,0xFF,0xFF,0xFF,0xFF,0xFC,0x00,
    0x07,0xFF,0xFF,0xFF,0xFF,0xFF,0xFF,0xFF,0xFF,0xFF,0xFF,0xFF,0xFF,0xFF,0xFC,0x00,
    0x07,0xFF,0xFF,0xFF,0xFF,0xFF,0xFF,0xFF,0xFF,0xFF,0xFF,0xFF,0xFF,0xFF,0xFC,0x00,
    0x07,0xFF,0xFF,0xFF,0xFF,0xFF,0xFF,0xFF,0xFF,0xFF,0xFF,0xFF,0xFF,0xFF,0xFC,0x00,
    0x07,0xFF,0xFF,0xFF,0xFF,0xFF,0xFF,0xFF,0xFF,0xFF,0xFF,0xFF,0xFF,0xFF,0xFC,0x00,
    0x00,0x00,0x00,0x00,0x00,0x00,0x00,0x00,0x07,0xFF,0xFF,0xFF,0xC0,0x00,0x00,0x00,
    0x00,0x00,0x00,0x00,0x00,0x00,0x00,0x00,0x07,0xFF,0xFF,0xFF,0xC0,0x00,0x00,0x00,
    0x00,0x00,0x00,0x00,0x00,0x00,0x00,0x00,0x07,0xFF,0xFF,0xFF,0xC0,0x00,0x00,0x00,
    0x00,0x00,0x00,0x00,0x00,0x00,0x00,0x00,0x07,0xFF,0xFF,0xFF,0xC0,0x00,0x00,0x00,
    0x00,0x00,0x00,0x00,0x00,0x00,0x00,0x00,0x07,0xFF,0xFF,0xFF,0xC0,0x00,0x00,0x00,
    0x00,0x00,0x00,0x00,0x00,0x00,0x00,0x00,0x07,0xFF,0xFF,0xFF,0xC0,0x00,0x00,0x00,
    0x00,0x00,0x00,0x00,0x00,0x00,0x00,0x00,0x07,0xFF,0xFF,0xFF,0xC0,0x00,0x00,0x00,
    0x00,0x00,0x00,0x00,0x00,0x00,0x00,0x00,0x07,0xFF,0xFF,0xFF,0xC0,0x00,0x00,0x00,
    0x00,0x00,0x00,0x00,0x00,0x00,0x00,0x00,0x07,0xFF,0xFF,0xFF,0xC0,0x00,0x00,0x00,
    0x00,0x00,0x00,0x00,0x00,0x00,0x00,0x00,0x07,0xFF,0xFF,0xFF,0xC0,0x00,0x00,0x00,
    0x00,0x00,0x00,0x00,0x00,0x00,0x00,0x00,0x07,0xFF,0xFF,0xFF,0xC0,0x00,0x00,0x00,
    0x00,0x00,0x00,0x00,0x00,0x00,0x00,0x00,0x07,0xFF,0xFF,0xFF,0xC0,0x00,0x00,0x00,
    0x00,0x00,0x00,0x00,0x00,0x00,0x00,0x00,0x07,0xFF,0xFF,0xFF,0xC0,0x00,0x00,0x00,
    0x00,0x00,0x00,0x00,0x00,0x00,0x00,0x00,0x07,0xFF,0xFF,0xFF,0xC0,0x00,0x00,0x00,
    0x00,0x00,0x00,0x00,0x00,0x00,0x00,0x00,0x07,0xFF,0xFF,0xFF,0xC0,0x00,0x00,0x00,
    0x00,0x00,0x00,0x00,0x00,0x00,0x00,0x00,0x07,0xFF,0xFF,0xFF,0xC0,0x00,0x00,0x00,
    0x00,0x00,0x00,0x00,0x00,0x00,0x00,0x00,0x07,0xFF,0xFF,0xFF,0xC0,0x00,0x00,0x00,
    0x00,0x00,0x00,0x00,0x00,0x00,0x00,0x00,0x07,0xFF,0xFF,0xFF,0xC0,0x00,0x00,0x00,
    0x00,0x00,0x00,0x00,0x00,0x00,0x00,0x00,0x07,0xFF,0xFF,0xFF,0xC0,0x00,0x00,0x00,
    0x00,0x00,0x00,0x00,0x00,0x00,0x00,0x00,0x07,0xFF,0xFF,0xFF,0xC0,0x00,0x00,0x00,
    0x00,0x00,0x00,0x00,0x00,0x00,0x00,0x00,0x07,0xFF,0xFF,0xFF,0xC0,0x00,0x00,0x00,
    0x00,0x00,0x00,0x00,0x00,0x00,0x00,0x00,0x07,0xFF,0xFF,0xFF,0xC0,0x00,0x00,0x00,
    0x00,0x00,0x00,0x00,0x00,0x00,0x00,0x00,0x07,0xFF,0xFF,0xFF,0xC0,0x00,0x00,0x00,
    0x00,0x00,0x00,0x00,0x00,0x00,0x00,0x00,0x07,0xFF,0xFF,0xFF,0xC0,0x00,0x00,0x00,
    0x00,0x00,0x00,0x00,0x00,0x00,0x00,0x00,0x07,0xFF,0xFF,0xFF,0xC0,0x00,0x00,0x00,
    0x00,0x00,0x00,0x00,0x00,0x00,0x00,0x00,0x07,0xFF,0xFF,0xFF,0xC0,0x00,0x00,0x00,
    0x00,0x00,0x00,0x00,0x00,0x00,0x00,0x00,0x07,0xFF,0xFF,0xFF,0xC0,0x00,0x00,0x00,
    0x00,0x00,0x00,0x00,0x00,0x00,0x00,0x00,0x07,0xFF,0xFF,0xFF,0xC0,0x00,0x00,0x00,
    0x00,0x00,0x00,0x00,0x00,0x00,0x00,0x00,0x07,0xFF,0xFF,0xFF,0xC0,0x00,0x00,0x00,
    0x00,0x00,0x00,0x00,0x00,0x00,0x00,0x00,0x07,0xFF,0xFF,0xFF,0xC0,0x00,0x00,0x00,
    0x00,0x00,0x00,0x00,0x00,0x00,0x00,0x00,0x07,0xFF,0xFF,0xFF,0xC0,0x00,0x00,0x00,
    0x00,0x00,0x00,0x00,0x00,0x00,0x00,0x00,0x07,0xFF,0xFF,0xFF,0xC0,0x00,0x00,0x00,
    0x00,0x00,0x00,0x00,0x00,0x00,0x00,0x00,0x07,0xFF,0xFF,0xFF,0xC0,0x00,0x00,0x00,
    0x00,0x00,0x00,0x00,0x00,0x00,0x00,0x00,0x07,0xFF,0xFF,0xFF,0xC0,0x00,0x00,0x00,
    0x00,0x00,0x00,0x00,0x00,0x00,0x00,0x00,0x07,0xFF,0xFF,0xFF,0xC0,0x00,0x00,0x00,
    0x00,0x00,0x00,0x00,0x00,0x00,0x00,0x00,0x00,0x00,0x00,0x00,0x00,0x00,0x00,0x00,
    0x00,0x00,0x00,0x00,0x00,0x00,0x00,0x00,0x00,0x00,0x00,0x00,0x00,0x00,0x00,0x00,
    0x00,0x00,0x00,0x00,0x00,0x00,0x00,0x00,0x00,0x00,0x00,0x00,0x00,0x00,0x00,0x00,
    0x00,0x00,0x00,0x00,0x00,0x00,0x00,0x00,0x00,0x00,0x00,0x00,0x00,0x00,0x00,0x00,
    0x00,0x00,0x00,0x00,0x00,0x00,0x00,0x00,0x00,0x00,0x00,0x00,0x00,0x00,0x00,0x00,
    0x00,0x00,0x00,0x00,0x00,0x00,0x00,0x00,0x00,0x00,0x00,0x00,0x00,0x00,0x00,0x00,
    0x00,0x00,0x00,0x00,0x00,0x00,0x00,0x00,0x00,0x00,0x00,0x00,0x00,0x00,0x00,0x00,
    0x00,0x00,0x00,0x00,0x00,0x00,0x00,0x00,0x00,0x00,0x00,0x00,0x00,0x00,0x00,0x00,
    0x00,0x00,0x00,0x00,0x00,0x00,0x00,0x00,0x00,0x00,0x00,0x00,0x00,0x00,0x00,0x00,
    0x00,0x00,0x00,0x00,0x00,0x00,0x00,0x00,0x00,0x00,0x00,0x00,0x00,0x00,0x00,0x00,
    0x00,0x00,0x00,0x00,0x00,0x00,0x00,0x00,0x00,0x00,0x00,0x00,0x00,0x00,0x00,0x00,
    0x00,0x00,0x00,0x00,0x00,0x00,0x00,0x00,0x00,0x00,0x00,0x00,0x00,0x00,0x00,0x00,
    0x00,0x00,0x00,0x00,0x00,0x00,0x00,0x00,0x00,0x00,0x00,0x00,0x00,0x00,0x00,0x00,
    0x00,0x00,0x00,0x00,0x00,0x00,0x00,0x00,0x00,0x00,0x00,0x00,0x00,0x00,0x00,0x00,
    0x00,0x00,0x00,0x00,0x00,0x00,0x00,0x00,0x00,0x00,0x00,0x00,0x00,0x00,0x00,0x00,
  },
{
    0x00,0x00,0x00,0x00,0x00,0x00,0x00,0x00,0x00,0x00,0x00,0x00,0x00,0x00,0x00,0x00,
    0x00,0x00,0x00,0x00,0x00,0x00,0x00,0x00,0x00,0x00,0x00,0x00,0x00,0x00,0x00,0x00,
    0x00,0x00,0x00,0x00,0x00,0x00,0x00,0x00,0x00,0x00,0x00,0x00,0x00,0x00,0x00,0x00,
    0x00,0x00,0x00,0x00,0x00,0x00,0x00,0x00,0x00,0x00,0x00,0x00,0x00,0x00,0x00,0x00,
    0x00,0x00,0x00,0x00,0x00,0x00,0x00,0x00,0x00,0x00,0x00,0x00,0x00,0x00,0x00,0x00,
    0x00,0x00,0x00,0x00,0x00,0x00,0x00,0x00,0x00,0x00,0x00,0x00,0x00,0x00,0x00,0x00,
    0x00,0x00,0x00,0x00,0x00,0x00,0x00,0x00,0x00,0x00,0x00,0x00,0x00,0x00,0x00,0x00,
    0x00,0x00,0x00,0x00,0x00,0x00,0x00,0x00,0x00,0x00,0x00,0x00,0x00,0x00,0x00,0x00,
    0x00,0x00,0x00,0x00,0x00,0x00,0x00,0x00,0x00,0x00,0x00,0x00,0x00,0x00,0x00,0x00,
    0x00,0x00,0x00,0x00,0x00,0x00,0x00,0x00,0x00,0x00,0x00,0x00,0x00,0x00,0x00,0x00,
    0x00,0x00,0x00,0x00,0x00,0x00,0x00,0x00,0x00,0x00,0x00,0x00,0x00,0x00,0x00,0x00,
    0x00,0x00,0x00,0x00,0x00,0x00,0x00,0x00,0x00,0x00,0x00,0x00,0x00,0x00,0x00,0x00,
    0x00,0x00,0x00,0x00,0x00,0x00,0x00,0x00,0x00,0x00,0x00,0x00,0x00,0x00,0x00,0x00,
    0x00,0x00,0x00,0x00,0x00,0x00,0x00,0x00,0x00,0x00,0x00,0x00,0x00,0x00,0x00,0x00,
    0x00,0x00,0x00,0x00,0x00,0x00,0x00,0x00,0x00,0x00,0x00,0x00,0x00,0x00,0x00,0x00,
    0x00,0x00,0x00,0x1F,0xFF,0xFF,0xFF,0xFF,0xFF,0xFF,0xFF,0xFF,0xFF,0xF8,0x00,0x00,
    0x00,0x00,0x00,0x1F,0xFF,0xFF,0xFF,0xFF,0xFF,0xFF,0xFF,0xFF,0xFF,0xF8,0x00,0x00,
    0x00,0x00,0x00,0x3F,0xFF,0xFF,0xFF,0xFF,0xFF,0xFF,0xFF,0xFF,0xFF,0xF8,0x00,0x00,
    0x00,0x00,0x00,0x3F,0xFF,0xFF,0xFF,0xFF,0xFF,0xFF,0xFF,0xFF,0xFF,0xF8,0x00,0x00,
    0x00,0x00,0x00,0x3F,0xFF,0xFF,0xFF,0xFF,0xFF,0xFF,0xFF,0xFF,0xFF,0xF8,0x00,0x00,
    0x00,0x00,0x00,0x3F,0xFF,0xFF,0xFF,0xFF,0xFF,0xFF,0xFF,0xFF,0xFF,0xF8,0x00,0x00,
    0x00,0x00,0x00,0x3F,0xFF,0xFF,0xFF,0xFF,0xFF,0xFF,0xFF,0xFF,0xFF,0xF8,0x00,0x00,
    0x00,0x00,0x00,0x7F,0xFF,0xFF,0xFF,0xFF,0xFF,0xFF,0xFF,0xFF,0xFF,0xF8,0x00,0x00,
    0x00,0x00,0x00,0x7F,0xFF,0xFF,0xFF,0xFF,0xFF,0xFF,0xFF,0xFF,0xFF,0xF8,0x00,0x00,
    0x00,0x00,0x00,0x7F,0xFF,0xFF,0xFF,0xFF,0xFF,0xFF,0xFF,0xFF,0xFF,0xF8,0x00,0x00,
    0x00,0x00,0x00,0x7F,0xFF,0xFF,0xFF,0xFF,0xFF,0xFF,0xFF,0xFF,0xFF,0xF8,0x00,0x00,
    0x00,0x00,0x00,0x7F,0xFF,0xFF,0xFF,0xFF,0xFF,0xFF,0xFF,0xFF,0xFF,0xF8,0x00,0x00,
    0x00,0x00,0x00,0x7F,0xFF,0xFF,0xFF,0xFF,0xFF,0xFF,0xFF,0xFF,0xFF,0xF8,0x00,0x00,
    0x00,0x00,0x00,0xFF,0xFF,0xFF,0xFF,0xFF,0xFF,0xFF,0xFF,0xFF,0xFF,0xF8,0x00,0x00,
    0x00,0x00,0x00,0xFF,0xFF,0xFF,0xFF,0xFF,0xFF,0xFF,0xFF,0xFF,0xFF,0xF8,0x00,0x00,
    0x00,0x00,0x00,0xFF,0xFF,0xFF,0xFF,0xFF,0xFF,0xFF,0xFF,0xFF,0xFF,0xF8,0x00,0x00,
    0x00,0x00,0x00,0xFF,0xFF,0xFF,0xFF,0xFF,0xFF,0xFF,0xFF,0xFF,0xFF,0xF8,0x00,0x00,
    0x00,0x00,0x00,0xFF,0xFF,0xFF,0xFF,0xFF,0xFF,0xFF,0xFF,0xFF,0xFF,0xF8,0x00,0x00,
    0x00,0x00,0x00,0xFF,0xFF,0xFF,0xFF,0xFF,0xFF,0xFF,0xFF,0xFF,0xFF,0xF8,0x00,0x00,
    0x00,0x00,0x01,0xFF,0xFF,0xFF,0xFF,0xFF,0xFF,0xFF,0xFF,0xFF,0xFF,0xF8,0x00,0x00,
    0x00,0x00,0x01,0xFF,0xFF,0xFF,0xFF,0xFF,0xFF,0xFF,0xFF,0xFF,0xFF,0xF8,0x00,0x00,
    0x00,0x00,0x01,0xFF,0xFF,0xFF,0xFF,0xFF,0xFF,0xFF,0xFF,0xFF,0xFF,0xF8,0x00,0x00,
    0x00,0x00,0x01,0xFF,0xFF,0xFF,0xFF,0xFF,0xFF,0xFF,0xFF,0xFF,0xFF,0xF8,0x00,0x00,
    0x00,0x00,0x01,0xFF,0xFF,0xFF,0xFF,0xFF,0xFF,0xFF,0xFF,0xFF,0xFF,0xF8,0x00,0x00,
    0x00,0x00,0x03,0xFF,0xFF,0xFF,0xFF,0xFF,0xFF,0xFF,0xFF,0xFF,0xFF,0xF8,0x00,0x00,
    0x00,0x00,0x03,0xFF,0xFF,0xFF,0x00,0x00,0x00,0x00,0x00,0x00,0x00,0x00,0x00,0x00,
    0x00,0x00,0x03,0xFF,0xFF,0xFF,0x00,0x00,0x00,0x00,0x00,0x00,0x00,0x00,0x00,0x00,
    0x00,0x00,0x03,0xFF,0xFF,0xFF,0x00,0x00,0x00,0x00,0x00,0x00,0x00,0x00,0x00,0x00,
    0x00,0x00,0x03,0xFF,0xFF,0xFF,0x00,0x00,0x00,0x00,0x00,0x00,0x00,0x00,0x00,0x00,
    0x00,0x00,0x03,0xFF,0xFF,0xFF,0x00,0x00,0x00,0x00,0x00,0x00,0x00,0x00,0x00,0x00,
    0x00,0x00,0x07,0xFF,0xFF,0xFE,0x00,0x00,0x00,0x00,0x00,0x00,0x00,0x00,0x00,0x00,
    0x00,0x00,0x07,0xFF,0xFF,0xFE,0x00,0x00,0x00,0x00,0x00,0x00,0x00,0x00,0x00,0x00,
    0x00,0x00,0x07,0xFF,0xFF,0xFE,0x00,0x00,0x00,0x00,0x00,0x00,0x00,0x00,0x00,0x00,
    0x00,0x00,0x07,0xFF,0xFF,0xFE,0x00,0x00,0x00,0x00,0x00,0x00,0x00,0x00,0x00,0x00,
    0x00,0x00,0x07,0xFF,0xFF,0xFE,0x00,0x00,0x00,0x00,0x00,0x00,0x00,0x00,0x00,0x00,
    0x00,0x00,0x0F,0xFF,0xFF,0xFC,0x00,0x00,0x00,0x00,0x00,0x00,0x00,0x00,0x00,0x00,
    0x00,0x00,0x0F,0xFF,0xFF,0xFC,0x00,0x00,0x00,0x00,0x00,0x00,0x00,0x00,0x00,0x00,
    0x00,0x00,0x0F,0xFF,0xFF,0xFC,0x00,0x00,0x00,0x00,0x00,0x00,0x00,0x00,0x00,0x00,
    0x00,0x00,0x0F,0xFF,0xFF,0xFC,0x00,0x00,0x00,0x00,0x00,0x00,0x00,0x00,0x00,0x00,
    0x00,0x00,0x0F,0xFF,0xFF,0xFC,0x00,0x00,0x00,0x00,0x00,0x00,0x00,0x00,0x00,0x00,
    0x00,0x00,0x0F,0xFF,0xFF,0xFC,0x00,0x00,0x00,0x00,0x00,0x00,0x00,0x00,0x00,0x00,
    0x00,0x00,0x1F,0xFF,0xFF,0xF8,0x00,0x00,0x00,0x00,0x00,0x00,0x00,0x00,0x00,0x00,
    0x00,0x00,0x1F,0xFF,0xFF,0xF8,0x00,0x00,0x00,0x00,0x00,0x00,0x00,0x00,0x00,0x00,
    0x00,0x00,0x1F,0xFF,0xFF,0xF8,0x00,0x00,0x00,0x00,0x00,0x00,0x00,0x00,0x00,0x00,
    0x00,0x00,0x1F,0xFF,0xFF,0xF8,0x00,0x00,0x00,0x00,0x00,0x00,0x00,0x00,0x00,0x00,
    0x00,0x00,0x1F,0xFF,0xFF,0xF8,0x00,0x00,0x00,0x00,0x00,0x00,0x00,0x00,0x00,0x00,
    0x00,0x00,0x3F,0xFF,0xFF,0xF8,0x00,0x00,0x00,0x00,0x00,0x00,0x00,0x00,0x00,0x00,
    0x00,0x00,0x3F,0xFF,0xFF,0xF0,0x00,0x00,0xFF,0xFE,0x00,0x00,0x00,0x00,0x00,0x00,
    0x00,0x00,0x3F,0xFF,0xFF,0xF0,0x00,0x1F,0xFF,0xFF,0xF0,0x00,0x00,0x00,0x00,0x00,
    0x00,0x00,0x3F,0xFF,0xFF,0xF0,0x00,0xFF,0xFF,0xFF,0xFE,0x00,0x00,0x00,0x00,0x00,
    0x00,0x00,0x3F,0xFF,0xFF,0xF0,0x03,0xFF,0xFF,0xFF,0xFF,0xC0,0x00,0x00,0x00,0x00,
    0x00,0x00,0x3F,0xFF,0xFF,0xF0,0x0F,0xFF,0xFF,0xFF,0xFF,0xF0,0x00,0x00,0x00,0x00,
    0x00,0x00,0x7F,0xFF,0xFF,0xE0,0x3F,0xFF,0xFF,0xFF,0xFF,0xFC,0x00,0x00,0x00,0x00,
    0x00,0x00,0x7F,0xFF,0xFF,0xE0,0xFF,0xFF,0xFF,0xFF,0xFF,0xFF,0x00,0x00,0x00,0x00,
    0x00,0x00,0x7F,0xFF,0xFF,0xE1,0xFF,0xFF,0xFF,0xFF,0xFF,0xFF,0x80,0x00,0x00,0x00,
    0x00,0x00,0x7F,0xFF,0xFF,0xE3,0xFF,0xFF,0xFF,0xFF,0xFF,0xFF,0xC0,0x00,0x00,0x00,
    0x00,0x00,0x7F,0xFF,0xFF,0xE7,0xFF,0xFF,0xFF,0xFF,0xFF,0xFF,0xF0,0x00,0x00,0x00,
    0x00,0x00,0x7F,0xFF,0xFF,0xFF,0xFF,0xFF,0xFF,0xFF,0xFF,0xFF,0xF8,0x00,0x00,0x00,
    0x00,0x00,0xFF,0xFF,0xFF,0xFF,0xFF,0xFF,0xFF,0xFF,0xFF,0xFF,0xFC,0x00,0x00,0x00,
    0x00,0x00,0xFF,0xFF,0xFF,0xFF,0xFF,0xFF,0xFF,0xFF,0xFF,0xFF,0xFE,0x00,0x00,0x00,
    0x00,0x00,0xFF,0xFF,0xFF,0xFF,0xFF,0xFF,0xFF,0xFF,0xFF,0xFF,0xFF,0x00,0x00,0x00,
    0x00,0x00,0xFF,0xFF,0xFF,0xFF,0xFF,0xFF,0xFF,0xFF,0xFF,0xFF,0xFF,0x80,0x00,0x00,
    0x00,0x00,0xFF,0xFF,0xFF,0xFF,0xFF,0xFF,0xFF,0xFF,0xFF,0xFF,0xFF,0xC0,0x00,0x00,
    0x00,0x01,0xFF,0xFF,0xFF,0xFF,0xFF,0xFF,0xFF,0xFF,0xFF,0xFF,0xFF,0xE0,0x00,0x00,
    0x00,0x01,0xFF,0xFF,0xFF,0xFF,0xFF,0xFF,0xFF,0xFF,0xFF,0xFF,0xFF,0xE0,0x00,0x00,
    0x00,0x01,0xFF,0xFF,0xFF,0xFF,0xFF,0xFF,0xFF,0xFF,0xFF,0xFF,0xFF,0xF0,0x00,0x00,
    0x00,0x01,0xFF,0xFF,0xFF,0xFF,0xFF,0xFF,0xFF,0xFF,0xFF,0xFF,0xFF,0xF8,0x00,0x00,
    0x00,0x01,0xFF,0xFF,0xFF,0xFF,0xFF,0xFF,0xFF,0xFF,0xFF,0xFF,0xFF,0xF8,0x00,0x00,
    0x00,0x01,0xFF,0xFF,0xFF,0xFF,0xFF,0xFF,0xFF,0xFF,0xFF,0xFF,0xFF,0xFC,0x00,0x00,
    0x00,0x03,0xFF,0xFF,0xFF,0xFF,0xFF,0x00,0x1F,0xFF,0xFF,0xFF,0xFF,0xFC,0x00,0x00,
    0x00,0x03,0xFF,0xFF,0xFF,0xFF,0xF0,0x00,0x01,0xFF,0xFF,0xFF,0xFF,0xFE,0x00,0x00,
    0x00,0x03,0xFF,0xFF,0xFF,0xFF,0xC0,0x00,0x00,0x7F,0xFF,0xFF,0xFF,0xFE,0x00,0x00,
    0x00,0x03,0xFF,0xFF,0xFF,0xFF,0x00,0x00,0x00,0x1F,0xFF,0xFF,0xFF,0xFF,0x00,0x00,
    0x00,0x03,0xFF,0xFF,0xFF,0xFC,0x00,0x00,0x00,0x0F,0xFF,0xFF,0xFF,0xFF,0x00,0x00,
    0x00,0x07,0xFF,0xFF,0xFF,0xF8,0x00,0x00,0x00,0x03,0xFF,0xFF,0xFF,0xFF,0x80,0x00,
    0x00,0x07,0xFF,0xFF,0xFF,0xF0,0x00,0x00,0x00,0x01,0xFF,0xFF,0xFF,0xFF,0x80,0x00,
    0x00,0x07,0xFF,0xFF,0xFF,0xE0,0x00,0x00,0x00,0x00,0xFF,0xFF,0xFF,0xFF,0xC0,0x00,
    0x00,0x07,0xFF,0xFF,0xFF,0xC0,0x00,0x00,0x00,0x00,0x7F,0xFF,0xFF,0xFF,0xC0,0x00,
    0x00,0x07,0xFF,0xFF,0xFF,0x80,0x00,0x00,0x00,0x00,0x7F,0xFF,0xFF,0xFF,0xC0,0x00,
    0x00,0x07,0xFF,0xFF,0xFF,0x00,0x00,0x00,0x00,0x00,0x3F,0xFF,0xFF,0xFF,0xE0,0x00,
    0x00,0x07,0xFF,0xFF,0xFF,0x00,0x00,0x00,0x00,0x00,0x1F,0xFF,0xFF,0xFF,0xE0,0x00,
    0x00,0x00,0x00,0x00,0x00,0x00,0x00,0x00,0x00,0x00,0x1F,0xFF,0xFF,0xFF,0xE0,0x00,
    0x00,0x00,0x00,0x00,0x00,0x00,0x00,0x00,0x00,0x00,0x0F,0xFF,0xFF,0xFF,0xE0,0x00,
    0x00,0x00,0x00,0x00,0x00,0x00,0x00,0x00,0x00,0x00,0x0F,0xFF,0xFF,0xFF,0xF0,0x00,
    0x00,0x00,0x00,0x00,0x00,0x00,0x00,0x00,0x00,0x00,0x07,0xFF,0xFF,0xFF,0xF0,0x00,
    0x00,0x00,0x00,0x00,0x00,0x00,0x00,0x00,0x00,0x00,0x07,0xFF,0xFF,0xFF,0xF0,0x00,
    0x00,0x00,0x00,0x00,0x00,0x00,0x00,0x00,0x00,0x00,0x07,0xFF,0xFF,0xFF,0xF0,0x00,
    0x00,0x00,0x00,0x00,0x00,0x00,0x00,0x00,0x00,0x00,0x03,0xFF,0xFF,0xFF,0xF0,0x00,
    0x00,0x00,0x00,0x00,0x00,0x00,0x00,0x00,0x00,0x00,0x03,0xFF,0xFF,0xFF,0xF0,0x00,
    0x00,0x00,0x00,0x00,0x00,0x00,0x00,0x00,0x00,0x00,0x03,0xFF,0xFF,0xFF,0xF8,0x00,
    0x00,0x00,0x00,0x00,0x00,0x00,0x00,0x00,0x00,0x00,0x03,0xFF,0xFF,0xFF,0xF8,0x00,
    0x00,0x00,0x00,0x00,0x00,0x00,0x00,0x00,0x00,0x00,0x01,0xFF,0xFF,0xFF,0xF8,0x00,
    0x00,0x00,0x00,0x00,0x00,0x00,0x00,0x00,0x00,0x00,0x01,0xFF,0xFF,0xFF,0xF8,0x00,
    0x00,0x00,0x00,0x00,0x00,0x00,0x00,0x00,0x00,0x00,0x01,0xFF,0xFF,0xFF,0xF8,0x00,
    0x00,0x00,0x00,0x00,0x00,0x00,0x00,0x00,0x00,0x00,0x01,0xFF,0xFF,0xFF,0xF8,0x00,
    0x00,0x00,0x00,0x00,0x00,0x00,0x00,0x00,0x00,0x00,0x01,0xFF,0xFF,0xFF,0xF8,0x00,
    0x00,0x00,0x00,0x00,0x00,0x00,0x00,0x00,0x00,0x00,0x01,0xFF,0xFF,0xFF,0xF8,0x00,
    0x00,0x00,0x00,0x00,0x00,0x00,0x00,0x00,0x00,0x00,0x01,0xFF,0xFF,0xFF,0xF8,0x00,
    0x00,0x00,0x00,0x00,0x00,0x00,0x00,0x00,0x00,0x00,0x01,0xFF,0xFF,0xFF,0xF8,0x00,
    0x00,0x00,0x00,0x00,0x00,0x00,0x00,0x00,0x00,0x00,0x01,0xFF,0xFF,0xFF,0xF8,0x00,
    0x00,0x00,0x00,0x00,0x00,0x00,0x00,0x00,0x00,0x00,0x01,0xFF,0xFF,0xFF,0xF8,0x00,
    0x00,0x00,0x00,0x00,0x00,0x00,0x00,0x00,0x00,0x00,0x01,0xFF,0xFF,0xFF,0xF8,0x00,
    0x00,0x00,0x00,0x00,0x00,0x00,0x00,0x00,0x00,0x00,0x01,0xFF,0xFF,0xFF,0xF8,0x00,
    0x00,0x00,0x00,0x00,0x00,0x00,0x00,0x00,0x00,0x00,0x03,0xFF,0xFF,0xFF,0xF8,0x00,
    0x00,0xFF,0xFF,0xFF,0xFC,0x00,0x00,0x00,0x00,0x00,0x03,0xFF,0xFF,0xFF,0xF8,0x00,
    0x00,0xFF,0xFF,0xFF,0xFC,0x00,0x00,0x00,0x00,0x00,0x03,0xFF,0xFF,0xFF,0xF0,0x00,
    0x00,0xFF,0xFF,0xFF,0xFC,0x00,0x00,0x00,0x00,0x00,0x03,0xFF,0xFF,0xFF,0xF0,0x00,
    0x00,0xFF,0xFF,0xFF,0xFC,0x00,0x00,0x00,0x00,0x00,0x07,0xFF,0xFF,0xFF,0xF0,0x00,
    0x00,0xFF,0xFF,0xFF,0xFC,0x00,0x00,0x00,0x00,0x00,0x07,0xFF,0xFF,0xFF,0xF0,0x00,
    0x00,0xFF,0xFF,0xFF,0xFE,0x00,0x00,0x00,0x00,0x00,0x07,0xFF,0xFF,0xFF,0xF0,0x00,
    0x00,0xFF,0xFF,0xFF,0xFE,0x00,0x00,0x00,0x00,0x00,0x0F,0xFF,0xFF,0xFF,0xE0,0x00,
    0x00,0xFF,0xFF,0xFF,0xFE,0x00,0x00,0x00,0x00,0x00,0x0F,0xFF,0xFF,0xFF,0xE0,0x00,
    0x00,0x7F,0xFF,0xFF,0xFF,0x00,0x00,0x00,0x00,0x00,0x1F,0xFF,0xFF,0xFF,0xE0,0x00,
    0x00,0x7F,0xFF,0xFF,0xFF,0x00,0x00,0x00,0x00,0x00,0x1F,0xFF,0xFF,0xFF,0xC0,0x00,
    0x00,0x7F,0xFF,0xFF,0xFF,0x80,0x00,0x00,0x00,0x00,0x3F,0xFF,0xFF,0xFF,0xC0,0x00,
    0x00,0x7F,0xFF,0xFF,0xFF,0x80,0x00,0x00,0x00,0x00,0x7F,0xFF,0xFF,0xFF,0xC0,0x00,
    0x00,0x7F,0xFF,0xFF,0xFF,0xC0,0x00,0x00,0x00,0x00,0x7F,0xFF,0xFF,0xFF,0x80,0x00,
    0x00,0x3F,0xFF,0xFF,0xFF,0xE0,0x00,0x00,0x00,0x00,0xFF,0xFF,0xFF,0xFF,0x80,0x00,
    0x00,0x3F,0xFF,0xFF,0xFF,0xF0,0x00,0x00,0x00,0x01,0xFF,0xFF,0xFF,0xFF,0x80,0x00,
    0x00,0x3F,0xFF,0xFF,0xFF,0xF8,0x00,0x00,0x00,0x03,0xFF,0xFF,0xFF,0xFF,0x00,0x00,
    0x00,0x1F,0xFF,0xFF,0xFF,0xFC,0x00,0x00,0x00,0x07,0xFF,0xFF,0xFF,0xFF,0x00,0x00,
    0x00,0x1F,0xFF,0xFF,0xFF,0xFE,0x00,0x00,0x00,0x0F,0xFF,0xFF,0xFF,0xFE,0x00,0x00,
    0x00,0x0F,0xFF,0xFF,0xFF,0xFF,0x80,0x00,0x00,0x3F,0xFF,0xFF,0xFF,0xFE,0x00,0x00,
    0x00,0x0F,0xFF,0xFF,0xFF,0xFF,0xC0,0x00,0x00,0xFF,0xFF,0xFF,0xFF,0xFC,0x00,0x00,
    0x00,0x07,0xFF,0xFF,0xFF,0xFF,0xF8,0x00,0x03,0xFF,0xFF,0xFF,0xFF,0xF8,0x00,0x00,
    0x00,0x07,0xFF,0xFF,0xFF,0xFF,0xFF,0x80,0x3F,0xFF,0xFF,0xFF,0xFF,0xF8,0x00,0x00,
    0x00,0x03,0xFF,0xFF,0xFF,0xFF,0xFF,0xFF,0xFF,0xFF,0xFF,0xFF,0xFF,0xF0,0x00,0x00,
    0x00,0x03,0xFF,0xFF,0xFF,0xFF,0xFF,0xFF,0xFF,0xFF,0xFF,0xFF,0xFF,0xE0,0x00,0x00,
    0x00,0x01,0xFF,0xFF,0xFF,0xFF,0xFF,0xFF,0xFF,0xFF,0xFF,0xFF,0xFF,0xE0,0x00,0x00,
    0x00,0x00,0xFF,0xFF,0xFF,0xFF,0xFF,0xFF,0xFF,0xFF,0xFF,0xFF,0xFF,0xC0,0x00,0x00,
    0x00,0x00,0xFF,0xFF,0xFF,0xFF,0xFF,0xFF,0xFF,0xFF,0xFF,0xFF,0xFF,0x80,0x00,0x00,
    0x00,0x00,0x7F,0xFF,0xFF,0xFF,0xFF,0xFF,0xFF,0xFF,0xFF,0xFF,0xFF,0x00,0x00,0x00,
    0x00,0x00,0x3F,0xFF,0xFF,0xFF,0xFF,0xFF,0xFF,0xFF,0xFF,0xFF,0xFE,0x00,0x00,0x00,
    0x00,0x00,0x1F,0xFF,0xFF,0xFF,0xFF,0xFF,0xFF,0xFF,0xFF,0xFF,0xFC,0x00,0x00,0x00,
    0x00,0x00,0x0F,0xFF,0xFF,0xFF,0xFF,0xFF,0xFF,0xFF,0xFF,0xFF,0xF8,0x00,0x00,0x00,
    0x00,0x00,0x07,0xFF,0xFF,0xFF,0xFF,0xFF,0xFF,0xFF,0xFF,0xFF,0xF8,0x00,0x00,0x00,
    0x00,0x00,0x03,0xFF,0xFF,0xFF,0xFF,0xFF,0xFF,0xFF,0xFF,0xFF,0xE0,0x00,0x00,0x00,
    0x00,0x00,0x01,0xFF,0xFF,0xFF,0xFF,0xFF,0xFF,0xFF,0xFF,0xFF,0xC0,0x00,0x00,0x00,
    0x00,0x00,0x00,0xFF,0xFF,0xFF,0xFF,0xFF,0xFF,0xFF,0xFF,0xFF,0x80,0x00,0x00,0x00,
    0x00,0x00,0x00,0x3F,0xFF,0xFF,0xFF,0xFF,0xFF,0xFF,0xFF,0xFF,0x00,0x00,0x00,0x00,
    0x00,0x00,0x00,0x1F,0xFF,0xFF,0xFF,0xFF,0xFF,0xFF,0xFF,0xFC,0x00,0x00,0x00,0x00,
    0x00,0x00,0x00,0x07,0xFF,0xFF,0xFF,0xFF,0xFF,0xFF,0xFF,0xF8,0x00,0x00,0x00,0x00,
    0x00,0x00,0x00,0x03,0xFF,0xFF,0xFF,0xFF,0xFF,0xFF,0xFF,0xE0,0x00,0x00,0x00,0x00,
    0x00,0x00,0x00,0x00,0xFF,0xFF,0xFF,0xFF,0xFF,0xFF,0xFF,0x80,0x00,0x00,0x00,0x00,
    0x00,0x00,0x00,0x00,0x3F,0xFF,0xFF,0xFF,0xFF,0xFF,0xFF,0x00,0x00,0x00,0x00,0x00,
    0x00,0x00,0x00,0x00,0x07,0xFF,0xFF,0xFF,0xFF,0xFF,0xF8,0x00,0x00,0x00,0x00,0x00,
    0x00,0x00,0x00,0x00,0x00,0xFF,0xFF,0xFF,0xFF,0xFF,0xE0,0x00,0x00,0x00,0x00,0x00,
    0x00,0x00,0x00,0x00,0x00,0x1F,0xFF,0xFF,0xFF,0xFF,0x00,0x00,0x00,0x00,0x00,0x00,
    0x00,0x00,0x00,0x00,0x00,0x01,0xFF,0xFF,0xFF,0xF8,0x00,0x00,0x00,0x00,0x00,0x00,
    0x00,0x00,0x00,0x00,0x00,0x00,0x07,0xFF,0xFF,0x00,0x00,0x00,0x00,0x00,0x00,0x00,
    0x00,0x00,0x00,0x00,0x00,0x00,0x00,0x00,0x00,0x00,0x00,0x00,0x00,0x00,0x00,0x00,
    0x00,0x00,0x00,0x00,0x00,0x00,0x00,0x00,0x00,0x00,0x00,0x00,0x00,0x00,0x00,0x00,
    0x00,0x00,0x00,0x00,0x00,0x00,0x00,0x00,0x00,0x00,0x00,0x00,0x00,0x00,0x00,0x00,
    0x00,0x00,0x00,0x00,0x00,0x00,0x00,0x00,0x00,0x00,0x00,0x00,0x00,0x00,0x00,0x00,
    0x00,0x00,0x00,0x00,0x00,0x00,0x00,0x00,0x00,0x00,0x00,0x00,0x00,0x00,0x00,0x00,
    0x00,0x00,0x00,0x00,0x00,0x00,0x00,0x00,0x00,0x00,0x00,0x00,0x00,0x00,0x00,0x00,
    0x00,0x00,0x00,0x00,0x00,0x00,0x00,0x00,0x00,0x00,0x00,0x00,0x00,0x00,0x00,0x00,
    0x00,0x00,0x00,0x00,0x00,0x00,0x00,0x00,0x00,0x00,0x00,0x00,0x00,0x00,0x00,0x00,
    0x00,0x00,0x00,0x00,0x00,0x00,0x00,0x00,0x00,0x00,0x00,0x00,0x00,0x00,0x00,0x00,
    0x00,0x00,0x00,0x00,0x00,0x00,0x00,0x00,0x00,0x00,0x00,0x00,0x00,0x00,0x00,0x00,
    0x00,0x00,0x00,0x00,0x00,0x00,0x00,0x00,0x00,0x00,0x00,0x00,0x00,0x00,0x00,0x00,
    0x00,0x00,0x00,0x00,0x00,0x00,0x00,0x00,0x00,0x00,0x00,0x00,0x00,0x00,0x00,0x00,
    0x00,0x00,0x00,0x00,0x00,0x00,0x00,0x00,0x00,0x00,0x00,0x00,0x00,0x00,0x00,0x00,
    0x00,0x00,0x00,0x00,0x00,0x00,0x00,0x00,0x00,0x00,0x00,0x00,0x00,0x00,0x00,0x00,
    0x00,0x00,0x00,0x00,0x00,0x00,0x00,0x00,0x00,0x00,0x00,0x00,0x00,0x00,0x00,0x00,
  },
{
    0x00,0x00,0x00,0x00,0x00,0x00,0x00,0x00,0x00,0x00,0x00,0x00,0x00,0x00,0x00,0x00,
    0x00,0x00,0x00,0x00,0x00,0x00,0x00,0x00,0x00,0x00,0x00,0x00,0x00,0x00,0x00,0x00,
    0x00,0x00,0x00,0x00,0x00,0x00,0x00,0x00,0x00,0x00,0x00,0x00,0x00,0x00,0x00,0x00,
    0x00,0x00,0x00,0x00,0x00,0x00,0x00,0x00,0x00,0x00,0x00,0x00,0x00,0x00,0x00,0x00,
    0x00,0x00,0x00,0x00,0x00,0x00,0x00,0x00,0x00,0x00,0x00,0x00,0x00,0x00,0x00,0x00,
    0x00,0x00,0x00,0x00,0x00,0x00,0x00,0x00,0x00,0x00,0x00,0x00,0x00,0x00,0x00,0x00,
    0x00,0x00,0x00,0x00,0x00,0x00,0x00,0x00,0x00,0x00,0x00,0x00,0x00,0x00,0x00,0x00,
    0x00,0x00,0x00,0x00,0x00,0x00,0x00,0x00,0x00,0x00,0x00,0x00,0x00,0x00,0x00,0x00,
    0x00,0x00,0x00,0x00,0x00,0x00,0x00,0x00,0x00,0x00,0x00,0x00,0x00,0x00,0x00,0x00,
    0x00,0x00,0x00,0x00,0x00,0x00,0x00,0x00,0x00,0x00,0x00,0x00,0x00,0x00,0x00,0x00,
    0x00,0x00,0x00,0x00,0x00,0x00,0x00,0x00,0x00,0x00,0x00,0x00,0x00,0x00,0x00,0x00,
    0x00,0x00,0x00,0x00,0x00,0x00,0x00,0x00,0x00,0x00,0x00,0x00,0x00,0x00,0x00,0x00,
    0x00,0x00,0x00,0x00,0x00,0x00,0x00,0x00,0x00,0x00,0x00,0x00,0x00,0x00,0x00,0x00,
    0x00,0x00,0x00,0x00,0x00,0x00,0x00,0x00,0x00,0x00,0x00,0x00,0x00,0x00,0x00,0x00,
    0x00,0x00,0x00,0x00,0x00,0x00,0x00,0x00,0x00,0x00,0x00,0x00,0x00,0x00,0x00,0x00,
    0x00,0x00,0x00,0x00,0x00,0x00,0x00,0x7F,0xFF,0x80,0x00,0x00,0x00,0x00,0x00,0x00,
    0x00,0x00,0x00,0x00,0x00,0x00,0x1F,0xFF,0xFF,0xFC,0x00,0x00,0x00,0x00,0x00,0x00,
    0x00,0x00,0x00,0x00,0x00,0x00,0xFF,0xFF,0xFF,0xFF,0xC0,0x00,0x00,0x00,0x00,0x00,
    0x00,0x00,0x00,0x00,0x00,0x07,0xFF,0xFF,0xFF,0xFF,0xF8,0x00,0x00,0x00,0x00,0x00,
    0x00,0x00,0x00,0x00,0x00,0x1F,0xFF,0xFF,0xFF,0xFF,0xFE,0x00,0x00,0x00,0x00,0x00,
    0x00,0x00,0x00,0x00,0x00,0x7F,0xFF,0xFF,0xFF,0xFF,0xFF,0x80,0x00,0x00,0x00,0x00,
    0x00,0x00,0x00,0x00,0x01,0xFF,0xFF,0xFF,0xFF,0xFF,0xFF,0xE0,0x00,0x00,0x00,0x00,
    0x00,0x00,0x00,0x00,0x03,0xFF,0xFF,0xFF,0xFF,0xFF,0xFF,0xF0,0x00,0x00,0x00,0x00,
    0x00,0x00,0x00,0x00,0x0F,0xFF,0xFF,0xFF,0xFF,0xFF,0xFF,0xFC,0x00,0x00,0x00,0x00,
    0x00,0x00,0x00,0x00,0x1F,0xFF,0xFF,0xFF,0xFF,0xFF,0xFF,0xFE,0x00,0x00,0x00,0x00,
    0x00,0x00,0x00,0x00,0x3F,0xFF,0xFF,0xFF,0xFF,0xFF,0xFF,0xFF,0x80,0x00,0x00,0x00,
    0x00,0x00,0x00,0x00,0xFF,0xFF,0xFF,0xFF,0xFF,0xFF,0xFF,0xFF,0xC0,0x00,0x00,0x00,
    0x00,0x00,0x00,0x01,0xFF,0xFF,0xFF,0xFF,0xFF,0xFF,0xFF,0xFF,0xE0,0x00,0x00,0x00,
    0x00,0x00,0x00,0x03,0xFF,0xFF,0xFF,0xFF,0xFF,0xFF,0xFF,0xFF,0xF0,0x00,0x00,0x00,
    0x00,0x00,0x00,0x07,0xFF,0xFF,0xFF,0xFF,0xFF,0xFF,0xFF,0xFF,0xF8,0x00,0x00,0x00,
    0x00,0x00,0x00,0x0F,0xFF,0xFF,0xFF,0xFF,0xFF,0xFF,0xFF,0xFF,0xFC,0x00,0x00,0x00,
    0x00,0x00,0x00,0x1F,0xFF,0xFF,0xFF,0xFF,0xFF,0xFF,0xFF,0xFF,0xFC,0x00,0x00,0x00,
    0x00,0x00,0x00,0x3F,0xFF,0xFF,0xFF,0xFF,0xFF,0xFF,0xFF,0xFF,0xFE,0x00,0x00,0x00,
    0x00,0x00,0x00,0x3F,0xFF,0xFF,0xFF,0xFF,0xFF,0xFF,0xFF,0xFF,0xFF,0x00,0x00,0x00,
    0x00,0x00,0x00,0x7F,0xFF,0xFF,0xFF,0xFF,0xFF,0xFF,0xFF,0xFF,0xFF,0x80,0x00,0x00,
    0x00,0x00,0x00,0xFF,0xFF,0xFF,0xFF,0xFF,0xFF,0xFF,0xFF,0xFF,0xFF,0x80,0x00,0x00,
    0x00,0x00,0x01,0xFF,0xFF,0xFF,0xFF,0xFF,0xFF,0xFF,0xFF,0xFF,0xFF,0xC0,0x00,0x00,
    0x00,0x00,0x01,0xFF,0xFF,0xFF,0xFF,0xF0,0x07,0xFF,0xFF,0xFF,0xFF,0xC0,0x00,0x00,
    0x00,0x00,0x03,0xFF,0xFF,0xFF,0xFF,0x80,0x00,0xFF,0xFF,0xFF,0xFF,0xE0,0x00,0x00,
    0x00,0x00,0x07,0xFF,0xFF,0xFF,0xFE,0x00,0x00,0x3F,0xFF,0xFF,0xFF,0xE0,0x00,0x00,
    0x00,0x00,0x07,0xFF,0xFF,0xFF,0xF8,0x00,0x00,0x1F,0xFF,0xFF,0xFF,0xF0,0x00,0x00,
    0x00,0x00,0x0F,0xFF,0xFF,0xFF,0xF0,0x00,0x00,0x0F,0xFF,0xFF,0xFF,0xF0,0x00,0x00,
    0x00,0x00,0x1F,0xFF,0xFF,0xFF,0xE0,0x00,0x00,0x07,0xFF,0xFF,0xFF,0xF8,0x00,0x00,
    0x00,0x00,0x1F,0xFF,0xFF,0xFF,0xC0,0x00,0x00,0x03,0xFF,0xFF,0xFF,0xF8,0x00,0x00,
    0x00,0x00,0x3F,0xFF,0xFF,0xFF,0x80,0x00,0x00,0x01,0xFF,0xFF,0xFF,0xF8,0x00,0x00,
    0x00,0x00,0x3F,0xFF,0xFF,0xFF,0x00,0x00,0x00,0x00,0xFF,0xFF,0xFF,0xFC,0x00,0x00,
    0x00,0x00,0x7F,0xFF,0xFF,0xFE,0x00,0x00,0x00,0x00,0xFF,0xFF,0xFF,0xFC,0x00,0x00,
    0x00,0x00,0x7F,0xFF,0xFF,0xFC,0x00,0x00,0x00,0x00,0x7F,0xFF,0xFF,0xFC,0x00,0x00,
    0x00,0x00,0xFF,0xFF,0xFF,0xFC,0x00,0x00,0x00,0x00,0x3F,0xFF,0xFF,0xFE,0x00,0x00,
    0x00,0x00,0xFF,0xFF,0xFF,0xF8,0x00,0x00,0x00,0x00,0x3F,0xFF,0xFF,0xFE,0x00,0x00,
    0x00,0x00,0xFF,0xFF,0xFF,0xF0,0x00,0x00,0x00,0x00,0x3F,0xFF,0xFF,0xFE,0x00,0x00,
    0x00,0x01,0xFF,0xFF,0xFF,0xF0,0x00,0x00,0x00,0x00,0x1F,0xFF,0xFF,0xFE,0x00,0x00,
    0x00,0x01,0xFF,0xFF,0xFF,0xE0,0x00,0x00,0x00,0x00,0x1F,0xFF,0xFF,0xFE,0x00,0x00,
    0x00,0x03,0xFF,0xFF,0xFF,0xE0,0x00,0x00,0x00,0x00,0x1F,0xFF,0xFF,0xFF,0x00,0x00,
    0x00,0x03,0xFF,0xFF,0xFF,0xE0,0x00,0x00,0x00,0x00,0x0F,0xFF,0xFF,0xFF,0x00,0x00,
    0x00,0x03,0xFF,0xFF,0xFF,0xC0,0x00,0x00,0x00,0x00,0x00,0x00,0x00,0x00,0x00,0x00,
    0x00,0x07,0xFF,0xFF,0xFF,0xC0,0x00,0x00,0x00,0x00,0x00,0x00,0x00,0x00,0x00,0x00,
    0x00,0x07,0xFF,0xFF,0xFF,0x80,0x00,0x00,0x00,0x00,0x00,0x00,0x00,0x00,0x00,0x00,
    0x00,0x07,0xFF,0xFF,0xFF,0x80,0x00,0x00,0x00,0x00,0x00,0x00,0x00,0x00,0x00,0x00,
    0x00,0x0F,0xFF,0xFF,0xFF,0x80,0x00,0x00,0x00,0x00,0x00,0x00,0x00,0x00,0x00,0x00,
    0x00,0x0F,0xFF,0xFF,0xFF,0x00,0x00,0x00,0x00,0x00,0x00,0x00,0x00,0x00,0x00,0x00,
    0x00,0x0F,0xFF,0xFF,0xFF,0x00,0x00,0x00,0x00,0x00,0x00,0x00,0x00,0x00,0x00,0x00,
    0x00,0x0F,0xFF,0xFF,0xFF,0x00,0x00,0x00,0x00,0x00,0x00,0x00,0x00,0x00,0x00,0x00,
    0x00,0x1F,0xFF,0xFF,0xFE,0x00,0x00,0x00,0x00,0x00,0x00,0x00,0x00,0x00,0x00,0x00,
    0x00,0x1F,0xFF,0xFF,0xFE,0x00,0x00,0x00,0x00,0x00,0x00,0x00,0x00,0x00,0x00,0x00,
    0x00,0x1F,0xFF,0xFF,0xFE,0x00,0x00,0x03,0xFF,0xF0,0x00,0x00,0x00,0x00,0x00,0x00,
    0x00,0x1F,0xFF,0xFF,0xFE,0x00,0x00,0x3F,0xFF,0xFF,0x80,0x00,0x00,0x00,0x00,0x00,
    0x00,0x1F,0xFF,0xFF,0xFE,0x00,0x03,0xFF,0xFF,0xFF,0xF0,0x00,0x00,0x00,0x00,0x00,
    0x00,0x3F,0xFF,0xFF,0xFC,0x00,0x0F,0xFF,0xFF,0xFF,0xFE,0x00,0x00,0x00,0x00,0x00,
    0x00,0x3F,0xFF,0xFF,0xFC,0x00,0x3F,0xFF,0xFF,0xFF,0xFF,0x80,0x00,0x00,0x00,0x00,
    0x00,0x3F,0xFF,0xFF,0xFC,0x00,0xFF,0xFF,0xFF,0xFF,0xFF,0xE0,0x00,0x00,0x00,0x00,
    0x00,0x3F,0xFF,0xFF,0xFC,0x03,0xFF,0xFF,0xFF,0xFF,0xFF,0xF8,0x00,0x00,0x00,0x00,
    0x00,0x3F,0xFF,0xFF,0xFC,0x07,0xFF,0xFF,0xFF,0xFF,0xFF,0xFC,0x00,0x00,0x00,0x00,
    0x00,0x3F,0xFF,0xFF,0xFC,0x0F,0xFF,0xFF,0xFF,0xFF,0xFF,0xFF,0x00,0x00,0x00,0x00,
    0x00,0x7F,0xFF,0xFF,0xFC,0x1F,0xFF,0xFF,0xFF,0xFF,0xFF,0xFF,0x80,0x00,0x00,0x00,
    0x00,0x7F,0xFF,0xFF,0xF8,0x3F,0xFF,0xFF,0xFF,0xFF,0xFF,0xFF,0xC0,0x00,0x00,0x00,
    0x00,0x7F,0xFF,0xFF,0xF8,0x7F,0xFF,0xFF,0xFF,0xFF,0xFF,0xFF,0xF0,0x00,0x00,0x00,
    0x00,0x7F,0xFF,0xFF,0xF8,0xFF,0xFF,0xFF,0xFF,0xFF,0xFF,0xFF,0xF8,0x00,0x00,0x00,
    0x00,0x7F,0xFF,0xFF,0xF9,0xFF,0xFF,0xFF,0xFF,0xFF,0xFF,0xFF,0xFC,0x00,0x00,0x00,
    0x00,0x7F,0xFF,0xFF,0xFB,0xFF,0xFF,0xFF,0xFF,0xFF,0xFF,0xFF,0xFE,0x00,0x00,0x00,
    0x00,0x7F,0xFF,0xFF,0xFB,0xFF,0xFF,0xFF,0xFF,0xFF,0xFF,0xFF,0xFF,0x00,0x00,0x00,
    0x00,0x7F,0xFF,0xFF,0xFF,0xFF,0xFF,0xFF,0xFF,0xFF,0xFF,0xFF,0xFF,0x00,0x00,0x00,
    0x00,0x7F,0xFF,0xFF,0xFF,0xFF,0xFF,0xFF,0xFF,0xFF,0xFF,0xFF,0xFF,0x80,0x00,0x00,
    0x00,0xFF,0xFF,0xFF,0xFF,0xFF,0xFF,0xFF,0xFF,0xFF,0xFF,0xFF,0xFF,0xC0,0x00,0x00,
    0x00,0xFF,0xFF,0xFF,0xFF,0xFF,0xFF,0xFF,0xFF,0xFF,0xFF,0xFF,0xFF,0xE0,0x00,0x00,
    0x00,0xFF,0xFF,0xFF,0xFF,0xFF,0xFF,0xFF,0xFF,0xFF,0xFF,0xFF,0xFF,0xE0,0x00,0x00,
    0x00,0xFF,0xFF,0xFF,0xFF,0xFF,0xFF,0xFF,0xFF,0xFF,0xFF,0xFF,0xFF,0xF0,0x00,0x00,
    0x00,0xFF,0xFF,0xFF,0xFF,0xFF,0xFF,0xC0,0x1F,0xFF,0xFF,0xFF,0xFF,0xF0,0x00,0x00,
    0x00,0xFF,0xFF,0xFF,0xFF,0xFF,0xFE,0x00,0x01,0xFF,0xFF,0xFF,0xFF,0xF8,0x00,0x00,
    0x00,0xFF,0xFF,0xFF,0xFF,0xFF,0xF0,0x00,0x00,0x7F,0xFF,0xFF,0xFF,0xF8,0x00,0x00,
    0x00,0xFF,0xFF,0xFF,0xFF,0xFF,0xE0,0x00,0x00,0x3F,0xFF,0xFF,0xFF,0xFC,0x00,0x00,
    0x00,0xFF,0xFF,0xFF,0xFF,0xFF,0x80,0x00,0x00,0x0F,0xFF,0xFF,0xFF,0xFC,0x00,0x00,
    0x00,0xFF,0xFF,0xFF,0xFF,0xFF,0x00,0x00,0x00,0x07,0xFF,0xFF,0xFF,0xFE,0x00,0x00,
    0x00,0xFF,0xFF,0xFF,0xFF,0xFE,0x00,0x00,0x00,0x03,0xFF,0xFF,0xFF,0xFE,0x00,0x00,
    0x00,0xFF,0xFF,0xFF,0xFF,0xFC,0x00,0x00,0x00,0x01,0xFF,0xFF,0xFF,0xFE,0x00,0x00,
    0x00,0xFF,0xFF,0xFF,0xFF,0xF8,0x00,0x00,0x00,0x01,0xFF,0xFF,0xFF,0xFF,0x00,0x00,
    0x00,0xFF,0xFF,0xFF,0xFF,0xF8,0x00,0x00,0x00,0x00,0xFF,0xFF,0xFF,0xFF,0x00,0x00,
    0x00,0xFF,0xFF,0xFF,0xFF,0xF0,0x00,0x00,0x00,0x00,0x7F,0xFF,0xFF,0xFF,0x00,0x00,
    0x00,0xFF,0xFF,0xFF,0xFF,0xE0,0x00,0x00,0x00,0x00,0x7F,0xFF,0xFF,0xFF,0x80,0x00,
    0x00,0x7F,0xFF,0xFF,0xFF,0xE0,0x00,0x00,0x00,0x00,0x3F,0xFF,0xFF,0xFF,0x80,0x00,
    0x00,0x7F,0xFF,0xFF,0xFF,0xC0,0x00,0x00,0x00,0x00,0x3F,0xFF,0xFF,0xFF,0x80,0x00,
    0x00,0x7F,0xFF,0xFF,0xFF,0xC0,0x00,0x00,0x00,0x00,0x1F,0xFF,0xFF,0xFF,0x80,0x00,
    0x00,0x7F,0xFF,0xFF,0xFF,0xC0,0x00,0x00,0x00,0x00,0x1F,0xFF,0xFF,0xFF,0x80,0x00,
    0x00,0x7F,0xFF,0xFF,0xFF,0x80,0x00,0x00,0x00,0x00,0x1F,0xFF,0xFF,0xFF,0xC0,0x00,
    0x00,0x7F,0xFF,0xFF,0xFF,0x80,0x00,0x00,0x00,0x00,0x0F,0xFF,0xFF,0xFF,0xC0,0x00,
    0x00,0x7F,0xFF,0xFF,0xFF,0x80,0x00,0x00,0x00,0x00,0x0F,0xFF,0xFF,0xFF,0xC0,0x00,
    0x00,0x7F,0xFF,0xFF,0xFF,0x00,0x00,0x00,0x00,0x00,0x0F,0xFF,0xFF,0xFF,0xC0,0x00,
    0x00,0x7F,0xFF,0xFF,0xFF,0x00,0x00,0x00,0x00,0x00,0x0F,0xFF,0xFF,0xFF,0xC0,0x00,
    0x00,0x7F,0xFF,0xFF,0xFF,0x00,0x00,0x00,0x00,0x00,0x0F,0xFF,0xFF,0xFF,0xC0,0x00,
    0x00,0x7F,0xFF,0xFF,0xFF,0x00,0x00,0x00,0x00,0x00,0x07,0xFF,0xFF,0xFF,0xC0,0x00,
    0x00,0x3F,0xFF,0xFF,0xFF,0x00,0x00,0x00,0x00,0x00,0x07,0xFF,0xFF,0xFF,0xC0,0x00,
    0x00,0x3F,0xFF,0xFF,0xFF,0x00,0x00,0x00,0x00,0x00,0x07,0xFF,0xFF,0xFF,0xC0,0x00,
    0x00,0x3F,0xFF,0xFF,0xFF,0x00,0x00,0x00,0x00,0x00,0x07,0xFF,0xFF,0xFF,0xC0,0x00,
    0x00,0x3F,0xFF,0xFF,0xFF,0x00,0x00,0x00,0x00,0x00,0x07,0xFF,0xFF,0xFF,0xC0,0x00,
    0x00,0x3F,0xFF,0xFF,0xFF,0x00,0x00,0x00,0x00,0x00,0x07,0xFF,0xFF,0xFF,0xC0,0x00,
    0x00,0x3F,0xFF,0xFF,0xFF,0x00,0x00,0x00,0x00,0x00,0x07,0xFF,0xFF,0xFF,0xC0,0x00,
    0x00,0x1F,0xFF,0xFF,0xFF,0x00,0x00,0x00,0x00,0x00,0x07,0xFF,0xFF,0xFF,0xC0,0x00,
    0x00,0x1F,0xFF,0xFF,0xFF,0x00,0x00,0x00,0x00,0x00,0x07,0xFF,0xFF,0xFF,0xC0,0x00,
    0x00,0x1F,0xFF,0xFF,0xFF,0x00,0x00,0x00,0x00,0x00,0x07,0xFF,0xFF,0xFF,0xC0,0x00,
    0x00,0x1F,0xFF,0xFF,0xFF,0x00,0x00,0x00,0x00,0x00,0x0F,0xFF,0xFF,0xFF,0xC0,0x00,
    0x00,0x1F,0xFF,0xFF,0xFF,0x00,0x00,0x00,0x00,0x00,0x0F,0xFF,0xFF,0xFF,0xC0,0x00,
    0x00,0x0F,0xFF,0xFF,0xFF,0x80,0x00,0x00,0x00,0x00,0x0F,0xFF,0xFF,0xFF,0xC0,0x00,
    0x00,0x0F,0xFF,0xFF,0xFF,0x80,0x00,0x00,0x00,0x00,0x0F,0xFF,0xFF,0xFF,0x80,0x00,
    0x00,0x0F,0xFF,0xFF,0xFF,0x80,0x00,0x00,0x00,0x00,0x0F,0xFF,0xFF,0xFF,0x80,0x00,
    0x00,0x0F,0xFF,0xFF,0xFF,0x80,0x00,0x00,0x00,0x00,0x1F,0xFF,0xFF,0xFF,0x80,0x00,
    0x00,0x07,0xFF,0xFF,0xFF,0xC0,0x00,0x00,0x00,0x00,0x1F,0xFF,0xFF,0xFF,0x80,0x00,
    0x00,0x07,0xFF,0xFF,0xFF,0xC0,0x00,0x00,0x00,0x00,0x1F,0xFF,0xFF,0xFF,0x80,0x00,
    0x00,0x07,0xFF,0xFF,0xFF,0xE0,0x00,0x00,0x00,0x00,0x3F,0xFF,0xFF,0xFF,0x00,0x00,
    0x00,0x03,0xFF,0xFF,0xFF,0xE0,0x00,0x00,0x00,0x00,0x3F,0xFF,0xFF,0xFF,0x00,0x00,
    0x00,0x03,0xFF,0xFF,0xFF,0xF0,0x00,0x00,0x00,0x00,0x7F,0xFF,0xFF,0xFF,0x00,0x00,
    0x00,0x03,0xFF,0xFF,0xFF,0xF0,0x00,0x00,0x00,0x00,0x7F,0xFF,0xFF,0xFE,0x00,0x00,
    0x00,0x01,0xFF,0xFF,0xFF,0xF8,0x00,0x00,0x00,0x00,0xFF,0xFF,0xFF,0xFE,0x00,0x00,
    0x00,0x01,0xFF,0xFF,0xFF,0xFC,0x00,0x00,0x00,0x01,0xFF,0xFF,0xFF,0xFE,0x00,0x00,
    0x00,0x00,0xFF,0xFF,0xFF,0xFE,0x00,0x00,0x00,0x03,0xFF,0xFF,0xFF,0xFC,0x00,0x00,
    0x00,0x00,0xFF,0xFF,0xFF,0xFE,0x00,0x00,0x00,0x03,0xFF,0xFF,0xFF,0xFC,0x00,0x00,
    0x00,0x00,0xFF,0xFF,0xFF,0xFF,0x80,0x00,0x00,0x07,0xFF,0xFF,0xFF,0xFC,0x00,0x00,
    0x00,0x00,0x7F,0xFF,0xFF,0xFF,0xC0,0x00,0x00,0x1F,0xFF,0xFF,0xFF,0xF8,0x00,0x00,
    0x00,0x00,0x7F,0xFF,0xFF,0xFF,0xE0,0x00,0x00,0x3F,0xFF,0xFF,0xFF,0xF8,0x00,0x00,
    0x00,0x00,0x3F,0xFF,0xFF,0xFF,0xF8,0x00,0x00,0x7F,0xFF,0xFF,0xFF,0xF0,0x00,0x00,
    0x00,0x00,0x1F,0xFF,0xFF,0xFF,0xFE,0x00,0x03,0xFF,0xFF,0xFF,0xFF,0xF0,0x00,0x00,
    0x00,0x00,0x1F,0xFF,0xFF,0xFF,0xFF,0xC0,0x1F,0xFF,0xFF,0xFF,0xFF,0xE0,0x00,0x00,
    0x00,0x00,0x0F,0xFF,0xFF,0xFF,0xFF,0xFF,0xFF,0xFF,0xFF,0xFF,0xFF,0xE0,0x00,0x00,
    0x00,0x00,0x0F,0xFF,0xFF,0xFF,0xFF,0xFF,0xFF,0xFF,0xFF,0xFF,0xFF,0xC0,0x00,0x00,
    0x00,0x00,0x07,0xFF,0xFF,0xFF,0xFF,0xFF,0xFF,0xFF,0xFF,0xFF,0xFF,0x80,0x00,0x00,
    0x00,0x00,0x03,0xFF,0xFF,0xFF,0xFF,0xFF,0xFF,0xFF,0xFF,0xFF,0xFF,0x80,0x00,0x00,
    0x00,0x00,0x03,0xFF,0xFF,0xFF,0xFF,0xFF,0xFF,0xFF,0xFF,0xFF,0xFF,0x00,0x00,0x00,
    0x00,0x00,0x01,0xFF,0xFF,0xFF,0xFF,0xFF,0xFF,0xFF,0xFF,0xFF,0xFE,0x00,0x00,0x00,
    0x00,0x00,0x00,0xFF,0xFF,0xFF,0xFF,0xFF,0xFF,0xFF,0xFF,0xFF,0xFC,0x00,0x00,0x00,
    0x00,0x00,0x00,0x7F,0xFF,0xFF,0xFF,0xFF,0xFF,0xFF,0xFF,0xFF,0xF8,0x00,0x00,0x00,
    0x00,0x00,0x00,0x3F,0xFF,0xFF,0xFF,0xFF,0xFF,0xFF,0xFF,0xFF,0xF8,0x00,0x00,0x00,
    0x00,0x00,0x00,0x1F,0xFF,0xFF,0xFF,0xFF,0xFF,0xFF,0xFF,0xFF,0xF0,0x00,0x00,0x00,
    0x00,0x00,0x00,0x0F,0xFF,0xFF,0xFF,0xFF,0xFF,0xFF,0xFF,0xFF,0xE0,0x00,0x00,0x00,
    0x00,0x00,0x00,0x07,0xFF,0xFF,0xFF,0xFF,0xFF,0xFF,0xFF,0xFF,0xC0,0x00,0x00,0x00,
    0x00,0x00,0x00,0x03,0xFF,0xFF,0xFF,0xFF,0xFF,0xFF,0xFF,0xFF,0x00,0x00,0x00,0x00,
    0x00,0x00,0x00,0x01,0xFF,0xFF,0xFF,0xFF,0xFF,0xFF,0xFF,0xFE,0x00,0x00,0x00,0x00,
    0x00,0x00,0x00,0x00,0xFF,0xFF,0xFF,0xFF,0xFF,0xFF,0xFF,0xFC,0x00,0x00,0x00,0x00,
    0x00,0x00,0x00,0x00,0x3F,0xFF,0xFF,0xFF,0xFF,0xFF,0xFF,0xF8,0x00,0x00,0x00,0x00,
    0x00,0x00,0x00,0x00,0x1F,0xFF,0xFF,0xFF,0xFF,0xFF,0xFF,0xE0,0x00,0x00,0x00,0x00,
    0x00,0x00,0x00,0x00,0x07,0xFF,0xFF,0xFF,0xFF,0xFF,0xFF,0x80,0x00,0x00,0x00,0x00,
    0x00,0x00,0x00,0x00,0x03,0xFF,0xFF,0xFF,0xFF,0xFF,0xFE,0x00,0x00,0x00,0x00,0x00,
    0x00,0x00,0x00,0x00,0x00,0xFF,0xFF,0xFF,0xFF,0xFF,0xF8,0x00,0x00,0x00,0x00,0x00,
    0x00,0x00,0x00,0x00,0x00,0x1F,0xFF,0xFF,0xFF,0xFF,0xE0,0x00,0x00,0x00,0x00,0x00,
    0x00,0x00,0x00,0x00,0x00,0x03,0xFF,0xFF,0xFF,0xFF,0x00,0x00,0x00,0x00,0x00,0x00,
    0x00,0x00,0x00,0x00,0x00,0x00,0x7F,0xFF,0xFF,0xF8,0x00,0x00,0x00,0x00,0x00,0x00,
    0x00,0x00,0x00,0x00,0x00,0x00,0x01,0xFF,0xFF,0x00,0x00,0x00,0x00,0x00,0x00,0x00,
    0x00,0x00,0x00,0x00,0x00,0x00,0x00,0x00,0x00,0x00,0x00,0x00,0x00,0x00,0x00,0x00,
    0x00,0x00,0x00,0x00,0x00,0x00,0x00,0x00,0x00,0x00,0x00,0x00,0x00,0x00,0x00,0x00,
    0x00,0x00,0x00,0x00,0x00,0x00,0x00,0x00,0x00,0x00,0x00,0x00,0x00,0x00,0x00,0x00,
    0x00,0x00,0x00,0x00,0x00,0x00,0x00,0x00,0x00,0x00,0x00,0x00,0x00,0x00,0x00,0x00,
    0x00,0x00,0x00,0x00,0x00,0x00,0x00,0x00,0x00,0x00,0x00,0x00,0x00,0x00,0x00,0x00,
    0x00,0x00,0x00,0x00,0x00,0x00,0x00,0x00,0x00,0x00,0x00,0x00,0x00,0x00,0x00,0x00,
    0x00,0x00,0x00,0x00,0x00,0x00,0x00,0x00,0x00,0x00,0x00,0x00,0x00,0x00,0x00,0x00,
    0x00,0x00,0x00,0x00,0x00,0x00,0x00,0x00,0x00,0x00,0x00,0x00,0x00,0x00,0x00,0x00,
    0x00,0x00,0x00,0x00,0x00,0x00,0x00,0x00,0x00,0x00,0x00,0x00,0x00,0x00,0x00,0x00,
    0x00,0x00,0x00,0x00,0x00,0x00,0x00,0x00,0x00,0x00,0x00,0x00,0x00,0x00,0x00,0x00,
    0x00,0x00,0x00,0x00,0x00,0x00,0x00,0x00,0x00,0x00,0x00,0x00,0x00,0x00,0x00,0x00,
    0x00,0x00,0x00,0x00,0x00,0x00,0x00,0x00,0x00,0x00,0x00,0x00,0x00,0x00,0x00,0x00,
    0x00,0x00,0x00,0x00,0x00,0x00,0x00,0x00,0x00,0x00,0x00,0x00,0x00,0x00,0x00,0x00,
    0x00,0x00,0x00,0x00,0x00,0x00,0x00,0x00,0x00,0x00,0x00,0x00,0x00,0x00,0x00,0x00,
    0x00,0x00,0x00,0x00,0x00,0x00,0x00,0x00,0x00,0x00,0x00,0x00,0x00,0x00,0x00,0x00,
  },
{
    0x00,0x00,0x00,0x00,0x00,0x00,0x00,0x00,0x00,0x00,0x00,0x00,0x00,0x00,0x00,0x00,
    0x00,0x00,0x00,0x00,0x00,0x00,0x00,0x00,0x00,0x00,0x00,0x00,0x00,0x00,0x00,0x00,
    0x00,0x00,0x00,0x00,0x00,0x00,0x00,0x00,0x00,0x00,0x00,0x00,0x00,0x00,0x00,0x00,
    0x00,0x00,0x00,0x00,0x00,0x00,0x00,0x00,0x00,0x00,0x00,0x00,0x00,0x00,0x00,0x00,
    0x00,0x00,0x00,0x00,0x00,0x00,0x00,0x00,0x00,0x00,0x00,0x00,0x00,0x00,0x00,0x00,
    0x00,0x00,0x00,0x00,0x00,0x00,0x00,0x00,0x00,0x00,0x00,0x00,0x00,0x00,0x00,0x00,
    0x00,0x00,0x00,0x00,0x00,0x00,0x00,0x00,0x00,0x00,0x00,0x00,0x00,0x00,0x00,0x00,
    0x00,0x00,0x00,0x00,0x00,0x00,0x00,0x00,0x00,0x00,0x00,0x00,0x00,0x00,0x00,0x00,
    0x00,0x00,0x00,0x00,0x00,0x00,0x00,0x00,0x00,0x00,0x00,0x00,0x00,0x00,0x00,0x00,
    0x00,0x00,0x00,0x00,0x00,0x00,0x00,0x00,0x00,0x00,0x00,0x00,0x00,0x00,0x00,0x00,
    0x00,0x00,0x00,0x00,0x00,0x00,0x00,0x00,0x00,0x00,0x00,0x00,0x00,0x00,0x00,0x00,
    0x00,0x00,0x00,0x00,0x00,0x00,0x00,0x00,0x00,0x00,0x00,0x00,0x00,0x00,0x00,0x00,
    0x00,0x00,0x00,0x00,0x00,0x00,0x00,0x00,0x00,0x00,0x00,0x00,0x00,0x00,0x00,0x00,
    0x00,0x00,0x00,0x00,0x00,0x00,0x00,0x00,0x00,0x00,0x00,0x00,0x00,0x00,0x00,0x00,
    0x00,0x00,0x00,0x00,0x00,0x00,0x00,0x00,0x00,0x00,0x00,0x00,0x00,0x00,0x00,0x00,
    0x00,0x3F,0xFF,0xFF,0xFF,0xFF,0xFF,0xFF,0xFF,0xFF,0xFF,0xFF,0xFF,0xFF,0x80,0x00,
    0x00,0x3F,0xFF,0xFF,0xFF,0xFF,0xFF,0xFF,0xFF,0xFF,0xFF,0xFF,0xFF,0xFF,0x80,0x00,
    0x00,0x3F,0xFF,0xFF,0xFF,0xFF,0xFF,0xFF,0xFF,0xFF,0xFF,0xFF,0xFF,0xFF,0x80,0x00,
    0x00,0x3F,0xFF,0xFF,0xFF,0xFF,0xFF,0xFF,0xFF,0xFF,0xFF,0xFF,0xFF,0xFF,0x80,0x00,
    0x00,0x3F,0xFF,0xFF,0xFF,0xFF,0xFF,0xFF,0xFF,0xFF,0xFF,0xFF,0xFF,0xFF,0x80,0x00,
    0x00,0x3F,0xFF,0xFF,0xFF,0xFF,0xFF,0xFF,0xFF,0xFF,0xFF,0xFF,0xFF,0xFF,0x80,0x00,
    0x00,0x3F,0xFF,0xFF,0xFF,0xFF,0xFF,0xFF,0xFF,0xFF,0xFF,0xFF,0xFF,0xFF,0x80,0x00,
    0x00,0x3F,0xFF,0xFF,0xFF,0xFF,0xFF,0xFF,0xFF,0xFF,0xFF,0xFF,0xFF,0xFF,0x80,0x00,
    0x00,0x3F,0xFF,0xFF,0xFF,0xFF,0xFF,0xFF,0xFF,0xFF,0xFF,0xFF,0xFF,0xFF,0x80,0x00,
    0x00,0x3F,0xFF,0xFF,0xFF,0xFF,0xFF,0xFF,0xFF,0xFF,0xFF,0xFF,0xFF,0xFF,0x80,0x00,
    0x00,0x3F,0xFF,0xFF,0xFF,0xFF,0xFF,0xFF,0xFF,0xFF,0xFF,0xFF,0xFF,0xFF,0x80,0x00,
    0x00,0x3F,0xFF,0xFF,0xFF,0xFF,0xFF,0xFF,0xFF,0xFF,0xFF,0xFF,0xFF,0xFF,0x80,0x00,
    0x00,0x3F,0xFF,0xFF,0xFF,0xFF,0xFF,0xFF,0xFF,0xFF,0xFF,0xFF,0xFF,0xFF,0x80,0x00,
    0x00,0x3F,0xFF,0xFF,0xFF,0xFF,0xFF,0xFF,0xFF,0xFF,0xFF,0xFF,0xFF,0xFF,0x80,0x00,
    0x00,0x3F,0xFF,0xFF,0xFF,0xFF,0xFF,0xFF,0xFF,0xFF,0xFF,0xFF,0xFF,0xFF,0x80,0x00,
    0x00,0x3F,0xFF,0xFF,0xFF,0xFF,0xFF,0xFF,0xFF,0xFF,0xFF,0xFF,0xFF,0xFF,0x80,0x00,
    0x00,0x3F,0xFF,0xFF,0xFF,0xFF,0xFF,0xFF,0xFF,0xFF,0xFF,0xFF,0xFF,0xFF,0x80,0x00,
    0x00,0x3F,0xFF,0xFF,0xFF,0xFF,0xFF,0xFF,0xFF,0xFF,0xFF,0xFF,0xFF,0xFF,0x80,0x00,
    0x00,0x3F,0xFF,0xFF,0xFF,0xFF,0xFF,0xFF,0xFF,0xFF,0xFF,0xFF,0xFF,0xFF,0x80,0x00,
    0x00,0x3F,0xFF,0xFF,0xFF,0xFF,0xFF,0xFF,0xFF,0xFF,0xFF,0xFF,0xFF,0xFF,0x80,0x00,
    0x00,0x3F,0xFF,0xFF,0xFF,0xFF,0xFF,0xFF,0xFF,0xFF,0xFF,0xFF,0xFF,0xFF,0x80,0x00,
    0x00,0x3F,0xFF,0xFF,0xFF,0xFF,0xFF,0xFF,0xFF,0xFF,0xFF,0xFF,0xFF,0xFF,0x80,0x00,
    0x00,0x3F,0xFF,0xFF,0xFF,0xFF,0xFF,0xFF,0xFF,0xFF,0xFF,0xFF,0xFF,0xFF,0x80,0x00,
    0x00,0x3F,0xFF,0xFF,0xFF,0xFF,0xFF,0xFF,0xFF,0xFF,0xFF,0xFF,0xFF,0xFF,0x80,0x00,
    0x00,0x3F,0xFF,0xFF,0xFF,0xFF,0xFF,0xFF,0xFF,0xFF,0xFF,0xFF,0xFF,0xFF,0x80,0x00,
    0x00,0x3F,0xFF,0xFF,0xFF,0xFF,0xFF,0xFF,0xFF,0xFF,0xFF,0xFF,0xFF,0xFF,0x80,0x00,
    0x00,0x3F,0xFF,0xFF,0xFF,0xFF,0xFF,0xFF,0xFF,0xFF,0xFF,0xFF,0xFF,0xFF,0x80,0x00,
    0x00,0x3F,0xFF,0xFF,0xFF,0xFF,0xFF,0xFF,0xFF,0xFF,0xFF,0xFF,0xFF,0xFF,0x00,0x00,
    0x00,0x00,0x00,0x00,0x00,0x00,0x00,0x00,0x00,0x00,0x7F,0xFF,0xFF,0xFE,0x00,0x00,
    0x00,0x00,0x00,0x00,0x00,0x00,0x00,0x00,0x00,0x00,0xFF,0xFF,0xFF,0xFC,0x00,0x00,
    0x00,0x00,0x00,0x00,0x00,0x00,0x00,0x00,0x00,0x00,0xFF,0xFF,0xFF,0xF8,0x00,0x00,
    0x00,0x00,0x00,0x00,0x00,0x00,0x00,0x00,0x00,0x01,0xFF,0xFF,0xFF,0xF0,0x00,0x00,
    0x00,0x00,0x00,0x00,0x00,0x00,0x00,0x00,0x00,0x03,0xFF,0xFF,0xFF,0xE0,0x00,0x00,
    0x00,0x00,0x00,0x00,0x00,0x00,0x00,0x00,0x00,0x07,0xFF,0xFF,0xFF,0xC0,0x00,0x00,
    0x00,0x00,0x00,0x00,0x00,0x00,0x00,0x00,0x00,0x07,0xFF,0xFF,0xFF,0x80,0x00,0x00,
    0x00,0x00,0x00,0x00,0x00,0x00,0x00,0x00,0x00,0x0F,0xFF,0xFF,0xFF,0x00,0x00,0x00,
    0x00,0x00,0x00,0x00,0x00,0x00,0x00,0x00,0x00,0x1F,0xFF,0xFF,0xFE,0x00,0x00,0x00,
    0x00,0x00,0x00,0x00,0x00,0x00,0x00,0x00,0x00,0x3F,0xFF,0xFF,0xFC,0x00,0x00,0x00,
    0x00,0x00,0x00,0x00,0x00,0x00,0x00,0x00,0x00,0x3F,0xFF,0xFF,0xF8,0x00,0x00,0x00,
    0x00,0x00,0x00,0x00,0x00,0x00,0x00,0x00,0x00,0x7F,0xFF,0xFF,0xF8,0x00,0x00,0x00,
    0x00,0x00,0x00,0x00,0x00,0x00,0x00,0x00,0x00,0xFF,0xFF,0xFF,0xF0,0x00,0x00,0x00,
    0x00,0x00,0x00,0x00,0x00,0x00,0x00,0x00,0x01,0xFF,0xFF,0xFF,0xE0,0x00,0x00,0x00,
    0x00,0x00,0x00,0x00,0x00,0x00,0x00,0x00,0x01,0xFF,0xFF,0xFF,0xC0,0x00,0x00,0x00,
    0x00,0x00,0x00,0x00,0x00,0x00,0x00,0x00,0x03,0xFF,0xFF,0xFF,0xC0,0x00,0x00,0x00,
    0x00,0x00,0x00,0x00,0x00,0x00,0x00,0x00,0x07,0xFF,0xFF,0xFF,0x80,0x00,0x00,0x00,
    0x00,0x00,0x00,0x00,0x00,0x00,0x00,0x00,0x07,0xFF,0xFF,0xFF,0x00,0x00,0x00,0x00,
    0x00,0x00,0x00,0x00,0x00,0x00,0x00,0x00,0x0F,0xFF,0xFF,0xFE,0x00,0x00,0x00,0x00,
    0x00,0x00,0x00,0x00,0x00,0x00,0x00,0x00,0x1F,0xFF,0xFF,0xFE,0x00,0x00,0x00,0x00,
    0x00,0x00,0x00,0x00,0x00,0x00,0x00,0x00,0x1F,0xFF,0xFF,0xFC,0x00,0x00,0x00,0x00,
    0x00,0x00,0x00,0x00,0x00,0x00,0x00,0x00,0x3F,0xFF,0xFF,0xF8,0x00,0x00,0x00,0x00,
    0x00,0x00,0x00,0x00,0x00,0x00,0x00,0x00,0x7F,0xFF,0xFF,0xF8,0x00,0x00,0x00,0x00,
    0x00,0x00,0x00,0x00,0x00,0x00,0x00,0x00,0x7F,0xFF,0xFF,0xF0,0x00,0x00,0x00,0x00,
    0x00,0x00,0x00,0x00,0x00,0x00,0x00,0x00,0xFF,0xFF,0xFF,0xF0,0x00,0x00,0x00,0x00,
    0x00,0x00,0x00,0x00,0x00,0x00,0x00,0x01,0xFF,0xFF,0xFF,0xE0,0x00,0x00,0x00,0x00,
    0x00,0x00,0x00,0x00,0x00,0x00,0x00,0x01,0xFF,0xFF,0xFF,0xC0,0x00,0x00,0x00,0x00,
    0x00,0x00,0x00,0x00,0x00,0x00,0x00,0x03,0xFF,0xFF,0xFF,0xC0,0x00,0x00,0x00,0x00,
    0x00,0x00,0x00,0x00,0x00,0x00,0x00,0x03,0xFF,0xFF,0xFF,0x80,0x00,0x00,0x00,0x00,
    0x00,0x00,0x00,0x00,0x00,0x00,0x00,0x07,0xFF,0xFF,0xFF,0x80,0x00,0x00,0x00,0x00,
    0x00,0x00,0x00,0x00,0x00,0x00,0x00,0x0F,0xFF,0xFF,0xFF,0x00,0x00,0x00,0x00,0x00,
    0x00,0x00,0x00,0x00,0x00,0x00,0x00,0x0F,0xFF,0xFF,0xFF,0x00,0x00,0x00,0x00,0x00,
    0x00,0x00,0x00,0x00,0x00,0x00,0x00,0x1F,0xFF,0xFF,0xFE,0x00,0x00,0x00,0x00,0x00,
    0x00,0x00,0x00,0x00,0x00,0x00,0x00,0x1F,0xFF,0xFF,0xFE,0x00,0x00,0x00,0x00,0x00,
    0x00,0x00,0x00,0x00,0x00,0x00,0x00,0x3F,0xFF,0xFF,0xFC,0x00,0x00,0x00,0x00,0x00,
    0x00,0x00,0x00,0x00,0x00,0x00,0x00,0x3F,0xFF,0xFF,0xFC,0x00,0x00,0x00,0x00,0x00,
    0x00,0x00,0x00,0x00,0x00,0x00,0x00,0x7F,0xFF,0xFF,0xF8,0x00,0x00,0x00,0x00,0x00,
    0x00,0x00,0x00,0x00,0x00,0x00,0x00,0xFF,0xFF,0xFF,0xF8,0x00,0x00,0x00,0x00,0x00,
    0x00,0x00,0x00,0x00,0x00,0x00,0x00,0xFF,0xFF,0xFF,0xF0,0x00,0x00,0x00,0x00,0x00,
    0x00,0x00,0x00,0x00,0x00,0x00,0x01,0xFF,0xFF,0xFF,0xF0,0x00,0x00,0x00,0x00,0x00,
    0x00,0x00,0x00,0x00,0x00,0x00,0x01,0xFF,0xFF,0xFF,0xE0,0x00,0x00,0x00,0x00,0x00,
    0x00,0x00,0x00,0x00,0x00,0x00,0x03,0xFF,0xFF,0xFF,0xE0,0x00,0x00,0x00,0x00,0x00,
    0x00,0x00,0x00,0x00,0x00,0x00,0x03,0xFF,0xFF,0xFF,0xC0,0x00,0x00,0x00,0x00,0x00,
    0x00,0x00,0x00,0x00,0x00,0x00,0x07,0xFF,0xFF,0xFF,0xC0,0x00,0x00,0x00,0x00,0x00,
    0x00,0x00,0x00,0x00,0x00,0x00,0x07,0xFF,0xFF,0xFF,0x80,0x00,0x00,0x00,0x00,0x00,
    0x00,0x00,0x00,0x00,0x00,0x00,0x0F,0xFF,0xFF,0xFF,0x80,0x00,0x00,0x00,0x00,0x00,
    0x00,0x00,0x00,0x00,0x00,0x00,0x0F,0xFF,0xFF,0xFF,0x00,0x00,0x00,0x00,0x00,0x00,
    0x00,0x00,0x00,0x00,0x00,0x00,0x1F,0xFF,0xFF,0xFF,0x00,0x00,0x00,0x00,0x00,0x00,
    0x00,0x00,0x00,0x00,0x00,0x00,0x1F,0xFF,0xFF,0xFF,0x00,0x00,0x00,0x00,0x00,0x00,
    0x00,0x00,0x00,0x00,0x00,0x00,0x3F,0xFF,0xFF,0xFE,0x00,0x00,0x00,0x00,0x00,0x00,
    0x00,0x00,0x00,0x00,0x00,0x00,0x3F,0xFF,0xFF,0xFE,0x00,0x00,0x00,0x00,0x00,0x00,
    0x00,0x00,0x00,0x00,0x00,0x00,0x7F,0xFF,0xFF,0xFC,0x00,0x00,0x00,0x00,0x00,0x00,
    0x00,0x00,0x00,0x00,0x00,0x00,0x7F,0xFF,0xFF,0xFC,0x00,0x00,0x00,0x00,0x00,0x00,
    0x00,0x00,0x00,0x00,0x00,0x00,0x7F,0xFF,0xFF,0xFC,0x00,0x00,0x00,0x00,0x00,0x00,
    0x00,0x00,0x00,0x00,0x00,0x00,0xFF,0xFF,0xFF,0xF8,0x00,0x00,0x00,0x00,0x00,0x00,
    0x00,0x00,0x00,0x00,0x00,0x00,0xFF,0xFF,0xFF,0xF8,0x00,0x00,0x00,0x00,0x00,0x00,
    0x00,0x00,0x00,0x00,0x00,0x01,0xFF,0xFF,0xFF,0xF8,0x00,0x00,0x00,0x00,0x00,0x00,
    0x00,0x00,0x00,0x00,0x00,0x01,0xFF,0xFF,0xFF,0xF0,0x00,0x00,0x00,0x00,0x00,0x00,
    0x00,0x00,0x00,0x00,0x00,0x03,0xFF,0xFF,0xFF,0xF0,0x00,0x00,0x00,0x00,0x00,0x00,
    0x00,0x00,0x00,0x00,0x00,0x03,0xFF,0xFF,0xFF,0xF0,0x00,0x00,0x00,0x00,0x00,0x00,
    0x00,0x00,0x00,0x00,0x00,0x03,0xFF,0xFF,0xFF,0xE0,0x00,0x00,0x00,0x00,0x00,0x00,
    0x00,0x00,0x00,0x00,0x00,0x07,0xFF,0xFF,0xFF,0xE0,0x00,0x00,0x00,0x00,0x00,0x00,
    0x00,0x00,0x00,0x00,0x00,0x07,0xFF,0xFF,0xFF,0xE0,0x00,0x00,0x00,0x00,0x00,0x00,
    0x00,0x00,0x00,0x00,0x00,0x0F,0xFF,0xFF,0xFF,0xC0,0x00,0x00,0x00,0x00,0x00,0x00,
    0x00,0x00,0x00,0x00,0x00,0x0F,0xFF,0xFF,0xFF,0xC0,0x00,0x00,0x00,0x00,0x00,0x00,
    0x00,0x00,0x00,0x00,0x00,0x0F,0xFF,0xFF,0xFF,0xC0,0x00,0x00,0x00,0x00,0x00,0x00,
    0x00,0x00,0x00,0x00,0x00,0x1F,0xFF,0xFF,0xFF,0x80,0x00,0x00,0x00,0x00,0x00,0x00,
    0x00,0x00,0x00,0x00,0x00,0x1F,0xFF,0xFF,0xFF,0x80,0x00,0x00,0x00,0x00,0x00,0x00,
    0x00,0x00,0x00,0x00,0x00,0x1F,0xFF,0xFF,0xFF,0x80,0x00,0x00,0x00,0x00,0x00,0x00,
    0x00,0x00,0x00,0x00,0x00,0x3F,0xFF,0xFF,0xFF,0x00,0x00,0x00,0x00,0x00,0x00,0x00,
    0x00,0x00,0x00,0x00,0x00,0x3F,0xFF,0xFF,0xFF,0x00,0x00,0x00,0x00,0x00,0x00,0x00,
    0x00,0x00,0x00,0x00,0x00,0x3F,0xFF,0xFF,0xFF,0x00,0x00,0x00,0x00,0x00,0x00,0x00,
    0x00,0x00,0x00,0x00,0x00,0x7F,0xFF,0xFF,0xFF,0x00,0x00,0x00,0x00,0x00,0x00,0x00,
    0x00,0x00,0x00,0x00,0x00,0x7F,0xFF,0xFF,0xFE,0x00,0x00,0x00,0x00,0x00,0x00,0x00,
    0x00,0x00,0x00,0x00,0x00,0x7F,0xFF,0xFF,0xFE,0x00,0x00,0x00,0x00,0x00,0x00,0x00,
    0x00,0x00,0x00,0x00,0x00,0xFF,0xFF,0xFF,0xFE,0x00,0x00,0x00,0x00,0x00,0x00,0x00,
    0x00,0x00,0x00,0x00,0x00,0xFF,0xFF,0xFF,0xFE,0x00,0x00,0x00,0x00,0x00,0x00,0x00,
    0x00,0x00,0x00,0x00,0x00,0xFF,0xFF,0xFF,0xFC,0x00,0x00,0x00,0x00,0x00,0x00,0x00,
    0x00,0x00,0x00,0x00,0x01,0xFF,0xFF,0xFF,0xFC,0x00,0x00,0x00,0x00,0x00,0x00,0x00,
    0x00,0x00,0x00,0x00,0x01,0xFF,0xFF,0xFF,0xFC,0x00,0x00,0x00,0x00,0x00,0x00,0x00,
    0x00,0x00,0x00,0x00,0x01,0xFF,0xFF,0xFF,0xF8,0x00,0x00,0x00,0x00,0x00,0x00,0x00,
    0x00,0x00,0x00,0x00,0x03,0xFF,0xFF,0xFF,0xF8,0x00,0x00,0x00,0x00,0x00,0x00,0x00,
    0x00,0x00,0x00,0x00,0x03,0xFF,0xFF,0xFF,0xF8,0x00,0x00,0x00,0x00,0x00,0x00,0x00,
    0x00,0x00,0x00,0x00,0x03,0xFF,0xFF,0xFF,0xF8,0x00,0x00,0x00,0x00,0x00,0x00,0x00,
    0x00,0x00,0x00,0x00,0x03,0xFF,0xFF,0xFF,0xF8,0x00,0x00,0x00,0x00,0x00,0x00,0x00,
    0x00,0x00,0x00,0x00,0x07,0xFF,0xFF,0xFF,0xF0,0x00,0x00,0x00,0x00,0x00,0x00,0x00,
    0x00,0x00,0x00,0x00,0x07,0xFF,0xFF,0xFF,0xF0,0x00,0x00,0x00,0x00,0x00,0x00,0x00,
    0x00,0x00,0x00,0x00,0x07,0xFF,0xFF,0xFF,0xF0,0x00,0x00,0x00,0x00,0x00,0x00,0x00,
    0x00,0x00,0x00,0x00,0x07,0xFF,0xFF,0xFF,0xF0,0x00,0x00,0x00,0x00,0x00,0x00,0x00,
    0x00,0x00,0x00,0x00,0x0F,0xFF,0xFF,0xFF,0xF0,0x00,0x00,0x00,0x00,0x00,0x00,0x00,
    0x00,0x00,0x00,0x00,0x0F,0xFF,0xFF,0xFF,0xE0,0x00,0x00,0x00,0x00,0x00,0x00,0x00,
    0x00,0x00,0x00,0x00,0x0F,0xFF,0xFF,0xFF,0xE0,0x00,0x00,0x00,0x00,0x00,0x00,0x00,
    0x00,0x00,0x00,0x00,0x0F,0xFF,0xFF,0xFF,0xE0,0x00,0x00,0x00,0x00,0x00,0x00,0x00,
    0x00,0x00,0x00,0x00,0x1F,0xFF,0xFF,0xFF,0xE0,0x00,0x00,0x00,0x00,0x00,0x00,0x00,
    0x00,0x00,0x00,0x00,0x1F,0xFF,0xFF,0xFF,0xE0,0x00,0x00,0x00,0x00,0x00,0x00,0x00,
    0x00,0x00,0x00,0x00,0x1F,0xFF,0xFF,0xFF,0xE0,0x00,0x00,0x00,0x00,0x00,0x00,0x00,
    0x00,0x00,0x00,0x00,0x1F,0xFF,0xFF,0xFF,0xC0,0x00,0x00,0x00,0x00,0x00,0x00,0x00,
    0x00,0x00,0x00,0x00,0x1F,0xFF,0xFF,0xFF,0xC0,0x00,0x00,0x00,0x00,0x00,0x00,0x00,
    0x00,0x00,0x00,0x00,0x3F,0xFF,0xFF,0xFF,0xC0,0x00,0x00,0x00,0x00,0x00,0x00,0x00,
    0x00,0x00,0x00,0x00,0x3F,0xFF,0xFF,0xFF,0xC0,0x00,0x00,0x00,0x00,0x00,0x00,0x00,
    0x00,0x00,0x00,0x00,0x3F,0xFF,0xFF,0xFF,0xC0,0x00,0x00,0x00,0x00,0x00,0x00,0x00,
    0x00,0x00,0x00,0x00,0x3F,0xFF,0xFF,0xFF,0xC0,0x00,0x00,0x00,0x00,0x00,0x00,0x00,
    0x00,0x00,0x00,0x00,0x3F,0xFF,0xFF,0xFF,0x80,0x00,0x00,0x00,0x00,0x00,0x00,0x00,
    0x00,0x00,0x00,0x00,0x7F,0xFF,0xFF,0xFF,0x80,0x00,0x00,0x00,0x00,0x00,0x00,0x00,
    0x00,0x00,0x00,0x00,0x7F,0xFF,0xFF,0xFF,0x80,0x00,0x00,0x00,0x00,0x00,0x00,0x00,
    0x00,0x00,0x00,0x00,0x7F,0xFF,0xFF,0xFF,0x80,0x00,0x00,0x00,0x00,0x00,0x00,0x00,
    0x00,0x00,0x00,0x00,0x7F,0xFF,0xFF,0xFF,0x80,0x00,0x00,0x00,0x00,0x00,0x00,0x00,
    0x00,0x00,0x00,0x00,0x7F,0xFF,0xFF,0xFF,0x80,0x00,0x00,0x00,0x00,0x00,0x00,0x00,
    0x00,0x00,0x00,0x00,0x7F,0xFF,0xFF,0xFF,0x80,0x00,0x00,0x00,0x00,0x00,0x00,0x00,
    0x00,0x00,0x00,0x00,0x7F,0xFF,0xFF,0xFF,0x80,0x00,0x00,0x00,0x00,0x00,0x00,0x00,
    0x00,0x00,0x00,0x00,0xFF,0xFF,0xFF,0xFF,0x80,0x00,0x00,0x00,0x00,0x00,0x00,0x00,
    0x00,0x00,0x00,0x00,0xFF,0xFF,0xFF,0xFF,0x80,0x00,0x00,0x00,0x00,0x00,0x00,0x00,
    0x00,0x00,0x00,0x00,0xFF,0xFF,0xFF,0xFF,0x00,0x00,0x00,0x00,0x00,0x00,0x00,0x00,
    0x00,0x00,0x00,0x00,0xFF,0xFF,0xFF,0xFF,0x00,0x00,0x00,0x00,0x00,0x00,0x00,0x00,
    0x00,0x00,0x00,0x00,0xFF,0xFF,0xFF,0xFF,0x00,0x00,0x00,0x00,0x00,0x00,0x00,0x00,
    0x00,0x00,0x00,0x00,0xFF,0xFF,0xFF,0xFF,0x00,0x00,0x00,0x00,0x00,0x00,0x00,0x00,
    0x00,0x00,0x00,0x00,0xFF,0xFF,0xFF,0xFF,0x00,0x00,0x00,0x00,0x00,0x00,0x00,0x00,
    0x00,0x00,0x00,0x00,0xFF,0xFF,0xFF,0xFF,0x00,0x00,0x00,0x00,0x00,0x00,0x00,0x00,
    0x00,0x00,0x00,0x00,0xFF,0xFF,0xFF,0xFF,0x00,0x00,0x00,0x00,0x00,0x00,0x00,0x00,
    0x00,0x00,0x00,0x01,0xFF,0xFF,0xFF,0xFF,0x00,0x00,0x00,0x00,0x00,0x00,0x00,0x00,
    0x00,0x00,0x00,0x01,0xFF,0xFF,0xFF,0xFF,0x00,0x00,0x00,0x00,0x00,0x00,0x00,0x00,
    0x00,0x00,0x00,0x01,0xFF,0xFF,0xFF,0xFF,0x00,0x00,0x00,0x00,0x00,0x00,0x00,0x00,
    0x00,0x00,0x00,0x00,0x00,0x00,0x00,0x00,0x00,0x00,0x00,0x00,0x00,0x00,0x00,0x00,
    0x00,0x00,0x00,0x00,0x00,0x00,0x00,0x00,0x00,0x00,0x00,0x00,0x00,0x00,0x00,0x00,
    0x00,0x00,0x00,0x00,0x00,0x00,0x00,0x00,0x00,0x00,0x00,0x00,0x00,0x00,0x00,0x00,
    0x00,0x00,0x00,0x00,0x00,0x00,0x00,0x00,0x00,0x00,0x00,0x00,0x00,0x00,0x00,0x00,
    0x00,0x00,0x00,0x00,0x00,0x00,0x00,0x00,0x00,0x00,0x00,0x00,0x00,0x00,0x00,0x00,
    0x00,0x00,0x00,0x00,0x00,0x00,0x00,0x00,0x00,0x00,0x00,0x00,0x00,0x00,0x00,0x00,
    0x00,0x00,0x00,0x00,0x00,0x00,0x00,0x00,0x00,0x00,0x00,0x00,0x00,0x00,0x00,0x00,
    0x00,0x00,0x00,0x00,0x00,0x00,0x00,0x00,0x00,0x00,0x00,0x00,0x00,0x00,0x00,0x00,
    0x00,0x00,0x00,0x00,0x00,0x00,0x00,0x00,0x00,0x00,0x00,0x00,0x00,0x00,0x00,0x00,
    0x00,0x00,0x00,0x00,0x00,0x00,0x00,0x00,0x00,0x00,0x00,0x00,0x00,0x00,0x00,0x00,
    0x00,0x00,0x00,0x00,0x00,0x00,0x00,0x00,0x00,0x00,0x00,0x00,0x00,0x00,0x00,0x00,
    0x00,0x00,0x00,0x00,0x00,0x00,0x00,0x00,0x00,0x00,0x00,0x00,0x00,0x00,0x00,0x00,
    0x00,0x00,0x00,0x00,0x00,0x00,0x00,0x00,0x00,0x00,0x00,0x00,0x00,0x00,0x00,0x00,
    0x00,0x00,0x00,0x00,0x00,0x00,0x00,0x00,0x00,0x00,0x00,0x00,0x00,0x00,0x00,0x00,
    0x00,0x00,0x00,0x00,0x00,0x00,0x00,0x00,0x00,0x00,0x00,0x00,0x00,0x00,0x00,0x00,
  },
{
    0x00,0x00,0x00,0x00,0x00,0x00,0x00,0x00,0x00,0x00,0x00,0x00,0x00,0x00,0x00,0x00,
    0x00,0x00,0x00,0x00,0x00,0x00,0x00,0x00,0x00,0x00,0x00,0x00,0x00,0x00,0x00,0x00,
    0x00,0x00,0x00,0x00,0x00,0x00,0x00,0x00,0x00,0x00,0x00,0x00,0x00,0x00,0x00,0x00,
    0x00,0x00,0x00,0x00,0x00,0x00,0x00,0x00,0x00,0x00,0x00,0x00,0x00,0x00,0x00,0x00,
    0x00,0x00,0x00,0x00,0x00,0x00,0x00,0x00,0x00,0x00,0x00,0x00,0x00,0x00,0x00,0x00,
    0x00,0x00,0x00,0x00,0x00,0x00,0x00,0x00,0x00,0x00,0x00,0x00,0x00,0x00,0x00,0x00,
    0x00,0x00,0x00,0x00,0x00,0x00,0x00,0x00,0x00,0x00,0x00,0x00,0x00,0x00,0x00,0x00,
    0x00,0x00,0x00,0x00,0x00,0x00,0x00,0x00,0x00,0x00,0x00,0x00,0x00,0x00,0x00,0x00,
    0x00,0x00,0x00,0x00,0x00,0x00,0x00,0x00,0x00,0x00,0x00,0x00,0x00,0x00,0x00,0x00,
    0x00,0x00,0x00,0x00,0x00,0x00,0x00,0x00,0x00,0x00,0x00,0x00,0x00,0x00,0x00,0x00,
    0x00,0x00,0x00,0x00,0x00,0x00,0x00,0x00,0x00,0x00,0x00,0x00,0x00,0x00,0x00,0x00,
    0x00,0x00,0x00,0x00,0x00,0x00,0x00,0x00,0x00,0x00,0x00,0x00,0x00,0x00,0x00,0x00,
    0x00,0x00,0x00,0x00,0x00,0x00,0x00,0x00,0x00,0x00,0x00,0x00,0x00,0x00,0x00,0x00,
    0x00,0x00,0x00,0x00,0x00,0x00,0x00,0x00,0x00,0x00,0x00,0x00,0x00,0x00,0x00,0x00,
    0x00,0x00,0x00,0x00,0x00,0x00,0x00,0x00,0x00,0x00,0x00,0x00,0x00,0x00,0x00,0x00,
    0x00,0x00,0x00,0x00,0x00,0x00,0x03,0xFF,0xFF,0x00,0x00,0x00,0x00,0x00,0x00,0x00,
    0x00,0x00,0x00,0x00,0x00,0x00,0x7F,0xFF,0xFF,0xF8,0x00,0x00,0x00,0x00,0x00,0x00,
    0x00,0x00,0x00,0x00,0x00,0x07,0xFF,0xFF,0xFF,0xFF,0x80,0x00,0x00,0x00,0x00,0x00,
    0x00,0x00,0x00,0x00,0x00,0x3F,0xFF,0xFF,0xFF,0xFF,0xF0,0x00,0x00,0x00,0x00,0x00,
    0x00,0x00,0x00,0x00,0x01,0xFF,0xFF,0xFF,0xFF,0xFF,0xFC,0x00,0x00,0x00,0x00,0x00,
    0x00,0x00,0x00,0x00,0x07,0xFF,0xFF,0xFF,0xFF,0xFF,0xFF,0x00,0x00,0x00,0x00,0x00,
    0x00,0x00,0x00,0x00,0x1F,0xFF,0xFF,0xFF,0xFF,0xFF,0xFF,0xC0,0x00,0x00,0x00,0x00,
    0x00,0x00,0x00,0x00,0x7F,0xFF,0xFF,0xFF,0xFF,0xFF,0xFF,0xF0,0x00,0x00,0x00,0x00,
    0x00,0x00,0x00,0x01,0xFF,0xFF,0xFF,0xFF,0xFF,0xFF,0xFF,0xF8,0x00,0x00,0x00,0x00,
    0x00,0x00,0x00,0x03,0xFF,0xFF,0xFF,0xFF,0xFF,0xFF,0xFF,0xFE,0x00,0x00,0x00,0x00,
    0x00,0x00,0x00,0x07,0xFF,0xFF,0xFF,0xFF,0xFF,0xFF,0xFF,0xFF,0x00,0x00,0x00,0x00,
    0x00,0x00,0x00,0x1F,0xFF,0xFF,0xFF,0xFF,0xFF,0xFF,0xFF,0xFF,0x80,0x00,0x00,0x00,
    0x00,0x00,0x00,0x3F,0xFF,0xFF,0xFF,0xFF,0xFF,0xFF,0xFF,0xFF,0xC0,0x00,0x00,0x00,
    0x00,0x00,0x00,0x7F,0xFF,0xFF,0xFF,0xFF,0xFF,0xFF,0xFF,0xFF,0xE0,0x00,0x00,0x00,
    0x00,0x00,0x00,0xFF,0xFF,0xFF,0xFF,0xFF,0xFF,0xFF,0xFF,0xFF,0xF0,0x00,0x00,0x00,
    0x00,0x00,0x01,0xFF,0xFF,0xFF,0xFF,0xFF,0xFF,0xFF,0xFF,0xFF,0xF8,0x00,0x00,0x00,
    0x00,0x00,0x03,0xFF,0xFF,0xFF,0xFF,0xFF,0xFF,0xFF,0xFF,0xFF,0xFC,0x00,0x00,0x00,
    0x00,0x00,0x07,0xFF,0xFF,0xFF,0xFF,0xFF,0xFF,0xFF,0xFF,0xFF,0xFE,0x00,0x00,0x00,
    0x00,0x00,0x07,0xFF,0xFF,0xFF,0xFF,0xFF,0xFF,0xFF,0xFF,0xFF,0xFF,0x00,0x00,0x00,
    0x00,0x00,0x0F,0xFF,0xFF,0xFF,0xFF,0xFF,0xFF,0xFF,0xFF,0xFF,0xFF,0x00,0x00,0x00,
    0x00,0x00,0x1F,0xFF,0xFF,0xFF,0xFF,0xFF,0xFF,0xFF,0xFF,0xFF,0xFF,0x80,0x00,0x00,
    0x00,0x00,0x1F,0xFF,0xFF,0xFF,0xFF,0xFF,0xFF,0xFF,0xFF,0xFF,0xFF,0xC0,0x00,0x00,
    0x00,0x00,0x3F,0xFF,0xFF,0xFF,0xFF,0xC0,0x0F,0xFF,0xFF,0xFF,0xFF,0xC0,0x00,0x00,
    0x00,0x00,0x7F,0xFF,0xFF,0xFF,0xFC,0x00,0x00,0xFF,0xFF,0xFF,0xFF,0xE0,0x00,0x00,
    0x00,0x00,0x7F,0xFF,0xFF,0xFF,0xE0,0x00,0x00,0x3F,0xFF,0xFF,0xFF,0xE0,0x00,0x00,
    0x00,0x00,0x7F,0xFF,0xFF,0xFF,0xC0,0x00,0x00,0x0F,0xFF,0xFF,0xFF,0xF0,0x00,0x00,
    0x00,0x00,0xFF,0xFF,0xFF,0xFF,0x00,0x00,0x00,0x07,0xFF,0xFF,0xFF,0xF0,0x00,0x00,
    0x00,0x00,0xFF,0xFF,0xFF,0xFE,0x00,0x00,0x00,0x03,0xFF,0xFF,0xFF,0xF8,0x00,0x00,
    0x00,0x01,0xFF,0xFF,0xFF,0xFC,0x00,0x00,0x00,0x01,0xFF,0xFF,0xFF,0xF8,0x00,0x00,
    0x00,0x01,0xFF,0xFF,0xFF,0xF8,0x00,0x00,0x00,0x00,0xFF,0xFF,0xFF,0xF8,0x00,0x00,
    0x00,0x01,0xFF,0xFF,0xFF,0xF0,0x00,0x00,0x00,0x00,0x7F,0xFF,0xFF,0xF8,0x00,0x00,
    0x00,0x01,0xFF,0xFF,0xFF,0xE0,0x00,0x00,0x00,0x00,0x3F,0xFF,0xFF,0xFC,0x00,0x00,
    0x00,0x03,0xFF,0xFF,0xFF,0xE0,0x00,0x00,0x00,0x00,0x3F,0xFF,0xFF,0xFC,0x00,0x00,
    0x00,0x03,0xFF,0xFF,0xFF,0xC0,0x00,0x00,0x00,0x00,0x3F,0xFF,0xFF,0xFC,0x00,0x00,
    0x00,0x03,0xFF,0xFF,0xFF,0xC0,0x00,0x00,0x00,0x00,0x1F,0xFF,0xFF,0xFC,0x00,0x00,
    0x00,0x03,0xFF,0xFF,0xFF,0x80,0x00,0x00,0x00,0x00,0x1F,0xFF,0xFF,0xFC,0x00,0x00,
    0x00,0x03,0xFF,0xFF,0xFF,0x80,0x00,0x00,0x00,0x00,0x1F,0xFF,0xFF,0xFE,0x00,0x00,
    0x00,0x03,0xFF,0xFF,0xFF,0x80,0x00,0x00,0x00,0x00,0x0F,0xFF,0xFF,0xFE,0x00,0x00,
    0x00,0x03,0xFF,0xFF,0xFF,0x80,0x00,0x00,0x00,0x00,0x0F,0xFF,0xFF,0xFE,0x00,0x00,
    0x00,0x03,0xFF,0xFF,0xFF,0x80,0x00,0x00,0x00,0x00,0x0F,0xFF,0xFF,0xFE,0x00,0x00,
    0x00,0x03,0xFF,0xFF,0xFF,0x80,0x00,0x00,0x00,0x00,0x0F,0xFF,0xFF,0xFE,0x00,0x00,
    0x00,0x03,0xFF,0xFF,0xFF,0x80,0x00,0x00,0x00,0x00,0x0F,0xFF,0xFF,0xFE,0x00,0x00,
    0x00,0x03,0xFF,0xFF,0xFF,0x80,0x00,0x00,0x00,0x00,0x0F,0xFF,0xFF,0xFE,0x00,0x00,
    0x00,0x03,0xFF,0xFF,0xFF,0x80,0x00,0x00,0x00,0x00,0x0F,0xFF,0xFF,0xFC,0x00,0x00,
    0x00,0x03,0xFF,0xFF,0xFF,0x80,0x00,0x00,0x00,0x00,0x0F,0xFF,0xFF,0xFC,0x00,0x00,
    0x00,0x03,0xFF,0xFF,0xFF,0x80,0x00,0x00,0x00,0x00,0x0F,0xFF,0xFF,0xFC,0x00,0x00,
    0x00,0x03,0xFF,0xFF,0xFF,0x80,0x00,0x00,0x00,0x00,0x0F,0xFF,0xFF,0xFC,0x00,0x00,
    0x00,0x01,0xFF,0xFF,0xFF,0x80,0x00,0x00,0x00,0x00,0x1F,0xFF,0xFF,0xFC,0x00,0x00,
    0x00,0x01,0xFF,0xFF,0xFF,0x80,0x00,0x00,0x00,0x00,0x1F,0xFF,0xFF,0xFC,0x00,0x00,
    0x00,0x01,0xFF,0xFF,0xFF,0xC0,0x00,0x00,0x00,0x00,0x1F,0xFF,0xFF,0xF8,0x00,0x00,
    0x00,0x01,0xFF,0xFF,0xFF,0xC0,0x00,0x00,0x00,0x00,0x3F,0xFF,0xFF,0xF8,0x00,0x00,
    0x00,0x00,0xFF,0xFF,0xFF,0xE0,0x00,0x00,0x00,0x00,0x3F,0xFF,0xFF,0xF8,0x00,0x00,
    0x00,0x00,0xFF,0xFF,0xFF,0xF0,0x00,0x00,0x00,0x00,0x7F,0xFF,0xFF,0xF0,0x00,0x00,
    0x00,0x00,0x7F,0xFF,0xFF,0xF0,0x00,0x00,0x00,0x00,0xFF,0xFF,0xFF,0xF0,0x00,0x00,
    0x00,0x00,0x7F,0xFF,0xFF,0xF8,0x00,0x00,0x00,0x00,0xFF,0xFF,0xFF,0xE0,0x00,0x00,
    0x00,0x00,0x3F,0xFF,0xFF,0xFC,0x00,0x00,0x00,0x01,0xFF,0xFF,0xFF,0xE0,0x00,0x00,
    0x00,0x00,0x3F,0xFF,0xFF,0xFF,0x00,0x00,0x00,0x07,0xFF,0xFF,0xFF,0xC0,0x00,0x00,
    0x00,0x00,0x1F,0xFF,0xFF,0xFF,0x80,0x00,0x00,0x0F,0xFF,0xFF,0xFF,0xC0,0x00,0x00,
    0x00,0x00,0x1F,0xFF,0xFF,0xFF,0xE0,0x00,0x00,0x3F,0xFF,0xFF,0xFF,0x80,0x00,0x00,
    0x00,0x00,0x0F,0xFF,0xFF,0xFF,0xFC,0x00,0x00,0xFF,0xFF,0xFF,0xFF,0x00,0x00,0x00,
    0x00,0x00,0x07,0xFF,0xFF,0xFF,0xFF,0x80,0x0F,0xFF,0xFF,0xFF,0xFE,0x00,0x00,0x00,
    0x00,0x00,0x03,0xFF,0xFF,0xFF,0xFF,0xFF,0xFF,0xFF,0xFF,0xFF,0xFC,0x00,0x00,0x00,
    0x00,0x00,0x01,0xFF,0xFF,0xFF,0xFF,0xFF,0xFF,0xFF,0xFF,0xFF,0xF8,0x00,0x00,0x00,
    0x00,0x00,0x00,0xFF,0xFF,0xFF,0xFF,0xFF,0xFF,0xFF,0xFF,0xFF,0xF0,0x00,0x00,0x00,
    0x00,0x00,0x00,0x7F,0xFF,0xFF,0xFF,0xFF,0xFF,0xFF,0xFF,0xFF,0xE0,0x00,0x00,0x00,
    0x00,0x00,0x00,0x1F,0xFF,0xFF,0xFF,0xFF,0xFF,0xFF,0xFF,0xFF,0xC0,0x00,0x00,0x00,
    0x00,0x00,0x00,0x0F,0xFF,0xFF,0xFF,0xFF,0xFF,0xFF,0xFF,0xFF,0x00,0x00,0x00,0x00,
    0x00,0x00,0x00,0x03,0xFF,0xFF,0xFF,0xFF,0xFF,0xFF,0xFF,0xFC,0x00,0x00,0x00,0x00,
    0x00,0x00,0x00,0x00,0x7F,0xFF,0xFF,0xFF,0xFF,0xFF,0xFF,0xF0,0x00,0x00,0x00,0x00,
    0x00,0x00,0x00,0x00,0x1F,0xFF,0xFF,0xFF,0xFF,0xFF,0xFF,0xC0,0x00,0x00,0x00,0x00,
    0x00,0x00,0x00,0x00,0xFF,0xFF,0xFF,0xFF,0xFF,0xFF,0xFF,0xF8,0x00,0x00,0x00,0x00,
    0x00,0x00,0x00,0x07,0xFF,0xFF,0xFF,0xFF,0xFF,0xFF,0xFF,0xFF,0x00,0x00,0x00,0x00,
    0x00,0x00,0x00,0x1F,0xFF,0xFF,0xFF,0xFF,0xFF,0xFF,0xFF,0xFF,0xC0,0x00,0x00,0x00,
    0x00,0x00,0x00,0x7F,0xFF,0xFF,0xFF,0xFF,0xFF,0xFF,0xFF,0xFF,0xF0,0x00,0x00,0x00,
    0x00,0x00,0x01,0xFF,0xFF,0xFF,0xFF,0xFF,0xFF,0xFF,0xFF,0xFF,0xFC,0x00,0x00,0x00,
    0x00,0x00,0x03,0xFF,0xFF,0xFF,0xFF,0xFF,0xFF,0xFF,0xFF,0xFF,0xFE,0x00,0x00,0x00,
    0x00,0x00,0x0F,0xFF,0xFF,0xFF,0xFF,0xFF,0xFF,0xFF,0xFF,0xFF,0xFF,0x80,0x00,0x00,
    0x00,0x00,0x1F,0xFF,0xFF,0xFF,0xFF,0xFF,0xFF,0xFF,0xFF,0xFF,0xFF,0xC0,0x00,0x00,
    0x00,0x00,0x3F,0xFF,0xFF,0xFF,0xFF,0xFF,0xFF,0xFF,0xFF,0xFF,0xFF,0xE0,0x00,0x00,
    0x00,0x00,0x7F,0xFF,0xFF,0xFF,0xFF,0xFF,0xFF,0xFF,0xFF,0xFF,0xFF,0xF0,0x00,0x00,
    0x00,0x00,0xFF,0xFF,0xFF,0xFF,0xFF,0xFF,0xFF,0xFF,0xFF,0xFF,0xFF,0xF8,0x00,0x00,
    0x00,0x01,0xFF,0xFF,0xFF,0xFF,0xFF,0x80,0x0F,0xFF,0xFF,0xFF,0xFF,0xF8,0x00,0x00,
    0x00,0x01,0xFF,0xFF,0xFF,0xFF,0xF8,0x00,0x00,0xFF,0xFF,0xFF,0xFF,0xFC,0x00,0x00,
    0x00,0x03,0xFF,0xFF,0xFF,0xFF,0xC0,0x00,0x00,0x3F,0xFF,0xFF,0xFF,0xFE,0x00,0x00,
    0x00,0x07,0xFF,0xFF,0xFF,0xFF,0x00,0x00,0x00,0x0F,0xFF,0xFF,0xFF,0xFE,0x00,0x00,
    0x00,0x07,0xFF,0xFF,0xFF,0xFE,0x00,0x00,0x00,0x03,0xFF,0xFF,0xFF,0xFF,0x00,0x00,
    0x00,0x0F,0xFF,0xFF,0xFF,0xF8,0x00,0x00,0x00,0x01,0xFF,0xFF,0xFF,0xFF,0x80,0x00,
    0x00,0x0F,0xFF,0xFF,0xFF,0xF0,0x00,0x00,0x00,0x00,0xFF,0xFF,0xFF,0xFF,0x80,0x00,
    0x00,0x1F,0xFF,0xFF,0xFF,0xE0,0x00,0x00,0x00,0x00,0x7F,0xFF,0xFF,0xFF,0xC0,0x00,
    0x00,0x1F,0xFF,0xFF,0xFF,0xC0,0x00,0x00,0x00,0x00,0x3F,0xFF,0xFF,0xFF,0xC0,0x00,
    0x00,0x3F,0xFF,0xFF,0xFF,0x80,0x00,0x00,0x00,0x00,0x1F,0xFF,0xFF,0xFF,0xC0,0x00,
    0x00,0x3F,0xFF,0xFF,0xFF,0x00,0x00,0x00,0x00,0x00,0x0F,0xFF,0xFF,0xFF,0xE0,0x00,
    0x00,0x3F,0xFF,0xFF,0xFF,0x00,0x00,0x00,0x00,0x00,0x0F,0xFF,0xFF,0xFF,0xE0,0x00,
    0x00,0x7F,0xFF,0xFF,0xFE,0x00,0x00,0x00,0x00,0x00,0x07,0xFF,0xFF,0xFF,0xE0,0x00,
    0x00,0x7F,0xFF,0xFF,0xFE,0x00,0x00,0x00,0x00,0x00,0x07,0xFF,0xFF,0xFF,0xF0,0x00,
    0x00,0x7F,0xFF,0xFF,0xFC,0x00,0x00,0x00,0x00,0x00,0x03,0xFF,0xFF,0xFF,0xF0,0x00,
    0x00,0x7F,0xFF,0xFF,0xFC,0x00,0x00,0x00,0x00,0x00,0x03,0xFF,0xFF,0xFF,0xF0,0x00,
    0x00,0xFF,0xFF,0xFF,0xFC,0x00,0x00,0x00,0x00,0x00,0x03,0xFF,0xFF,0xFF,0xF0,0x00,
    0x00,0xFF,0xFF,0xFF,0xFC,0x00,0x00,0x00,0x00,0x00,0x01,0xFF,0xFF,0xFF,0xF0,0x00,
    0x00,0xFF,0xFF,0xFF,0xFC,0x00,0x00,0x00,0x00,0x00,0x01,0xFF,0xFF,0xFF,0xF0,0x00,
    0x00,0xFF,0xFF,0xFF,0xF8,0x00,0x00,0x00,0x00,0x00,0x01,0xFF,0xFF,0xFF,0xF8,0x00,
    0x00,0xFF,0xFF,0xFF,0xF8,0x00,0x00,0x00,0x00,0x00,0x01,0xFF,0xFF,0xFF,0xF8,0x00,
    0x00,0xFF,0xFF,0xFF,0xF8,0x00,0x00,0x00,0x00,0x00,0x01,0xFF,0xFF,0xFF,0xF8,0x00,
    0x00,0xFF,0xFF,0xFF,0xF8,0x00,0x00,0x00,0x00,0x00,0x01,0xFF,0xFF,0xFF,0xF8,0x00,
    0x00,0xFF,0xFF,0xFF,0xF8,0x00,0x00,0x00,0x00,0x00,0x01,0xFF,0xFF,0xFF,0xF8,0x00,
    0x00,0xFF,0xFF,0xFF,0xF8,0x00,0x00,0x00,0x00,0x00,0x01,0xFF,0xFF,0xFF,0xF8,0x00,
    0x00,0xFF,0xFF,0xFF,0xF8,0x00,0x00,0x00,0x00,0x00,0x01,0xFF,0xFF,0xFF,0xF8,0x00,
    0x00,0xFF,0xFF,0xFF,0xFC,0x00,0x00,0x00,0x00,0x00,0x01,0xFF,0xFF,0xFF,0xF8,0x00,
    0x00,0xFF,0xFF,0xFF,0xFC,0x00,0x00,0x00,0x00,0x00,0x01,0xFF,0xFF,0xFF,0xF8,0x00,
    0x00,0xFF,0xFF,0xFF,0xFC,0x00,0x00,0x00,0x00,0x00,0x01,0xFF,0xFF,0xFF,0xF8,0x00,
    0x00,0xFF,0xFF,0xFF,0xFC,0x00,0x00,0x00,0x00,0x00,0x01,0xFF,0xFF,0xFF,0xF0,0x00,
    0x00,0xFF,0xFF,0xFF,0xFC,0x00,0x00,0x00,0x00,0x00,0x03,0xFF,0xFF,0xFF,0xF0,0x00,
    0x00,0xFF,0xFF,0xFF,0xFE,0x00,0x00,0x00,0x00,0x00,0x03,0xFF,0xFF,0xFF,0xF0,0x00,
    0x00,0xFF,0xFF,0xFF,0xFE,0x00,0x00,0x00,0x00,0x00,0x03,0xFF,0xFF,0xFF,0xF0,0x00,
    0x00,0x7F,0xFF,0xFF,0xFF,0x00,0x00,0x00,0x00,0x00,0x07,0xFF,0xFF,0xFF,0xF0,0x00,
    0x00,0x7F,0xFF,0xFF,0xFF,0x00,0x00,0x00,0x00,0x00,0x07,0xFF,0xFF,0xFF,0xF0,0x00,
    0x00,0x7F,0xFF,0xFF,0xFF,0x80,0x00,0x00,0x00,0x00,0x0F,0xFF,0xFF,0xFF,0xE0,0x00,
    0x00,0x7F,0xFF,0xFF,0xFF,0x80,0x00,0x00,0x00,0x00,0x1F,0xFF,0xFF,0xFF,0xE0,0x00,
    0x00,0x3F,0xFF,0xFF,0xFF,0xC0,0x00,0x00,0x00,0x00,0x1F,0xFF,0xFF,0xFF,0xE0,0x00,
    0x00,0x3F,0xFF,0xFF,0xFF,0xE0,0x00,0x00,0x00,0x00,0x3F,0xFF,0xFF,0xFF,0xC0,0x00,
    0x00,0x3F,0xFF,0xFF,0xFF,0xF0,0x00,0x00,0x00,0x00,0x7F,0xFF,0xFF,0xFF,0xC0,0x00,
    0x00,0x1F,0xFF,0xFF,0xFF,0xF8,0x00,0x00,0x00,0x00,0xFF,0xFF,0xFF,0xFF,0xC0,0x00,
    0x00,0x1F,0xFF,0xFF,0xFF,0xFC,0x00,0x00,0x00,0x01,0xFF,0xFF,0xFF,0xFF,0x80,0x00,
    0x00,0x0F,0xFF,0xFF,0xFF,0xFE,0x00,0x00,0x00,0x03,0xFF,0xFF,0xFF,0xFF,0x80,0x00,
    0x00,0x0F,0xFF,0xFF,0xFF,0xFF,0x80,0x00,0x00,0x0F,0xFF,0xFF,0xFF,0xFF,0x00,0x00,
    0x00,0x07,0xFF,0xFF,0xFF,0xFF,0xE0,0x00,0x00,0x3F,0xFF,0xFF,0xFF,0xFF,0x00,0x00,
    0x00,0x07,0xFF,0xFF,0xFF,0xFF,0xFC,0x00,0x00,0xFF,0xFF,0xFF,0xFF,0xFE,0x00,0x00,
    0x00,0x03,0xFF,0xFF,0xFF,0xFF,0xFF,0xC0,0x0F,0xFF,0xFF,0xFF,0xFF,0xFC,0x00,0x00,
    0x00,0x03,0xFF,0xFF,0xFF,0xFF,0xFF,0xFF,0xFF,0xFF,0xFF,0xFF,0xFF,0xFC,0x00,0x00,
    0x00,0x01,0xFF,0xFF,0xFF,0xFF,0xFF,0xFF,0xFF,0xFF,0xFF,0xFF,0xFF,0xF8,0x00,0x00,
    0x00,0x00,0xFF,0xFF,0xFF,0xFF,0xFF,0xFF,0xFF,0xFF,0xFF,0xFF,0xFF,0xF0,0x00,0x00,
    0x00,0x00,0x7F,0xFF,0xFF,0xFF,0xFF,0xFF,0xFF,0xFF,0xFF,0xFF,0xFF,0xF0,0x00,0x00,
    0x00,0x00,0x7F,0xFF,0xFF,0xFF,0xFF,0xFF,0xFF,0xFF,0xFF,0xFF,0xFF,0xE0,0x00,0x00,
    0x00,0x00,0x3F,0xFF,0xFF,0xFF,0xFF,0xFF,0xFF,0xFF,0xFF,0xFF,0xFF,0xC0,0x00,0x00,
    0x00,0x00,0x1F,0xFF,0xFF,0xFF,0xFF,0xFF,0xFF,0xFF,0xFF,0xFF,0xFF,0x80,0x00,0x00,
    0x00,0x00,0x0F,0xFF,0xFF,0xFF,0xFF,0xFF,0xFF,0xFF,0xFF,0xFF,0xFF,0x00,0x00,0x00,
    0x00,0x00,0x07,0xFF,0xFF,0xFF,0xFF,0xFF,0xFF,0xFF,0xFF,0xFF,0xFE,0x00,0x00,0x00,
    0x00,0x00,0x01,0xFF,0xFF,0xFF,0xFF,0xFF,0xFF,0xFF,0xFF,0xFF,0xFC,0x00,0x00,0x00,
    0x00,0x00,0x00,0xFF,0xFF,0xFF,0xFF,0xFF,0xFF,0xFF,0xFF,0xFF,0xF0,0x00,0x00,0x00,
    0x00,0x00,0x00,0x7F,0xFF,0xFF,0xFF,0xFF,0xFF,0xFF,0xFF,0xFF,0xE0,0x00,0x00,0x00,
    0x00,0x00,0x00,0x1F,0xFF,0xFF,0xFF,0xFF,0xFF,0xFF,0xFF,0xFF,0x80,0x00,0x00,0x00,
    0x00,0x00,0x00,0x0F,0xFF,0xFF,0xFF,0xFF,0xFF,0xFF,0xFF,0xFF,0x00,0x00,0x00,0x00,
    0x00,0x00,0x00,0x03,0xFF,0xFF,0xFF,0xFF,0xFF,0xFF,0xFF,0xFC,0x00,0x00,0x00,0x00,
    0x00,0x00,0x00,0x00,0xFF,0xFF,0xFF,0xFF,0xFF,0xFF,0xFF,0xF0,0x00,0x00,0x00,0x00,
    0x00,0x00,0x00,0x00,0x3F,0xFF,0xFF,0xFF,0xFF,0xFF,0xFF,0xC0,0x00,0x00,0x00,0x00,
    0x00,0x00,0x00,0x00,0x0F,0xFF,0xFF,0xFF,0xFF,0xFF,0xFF,0x00,0x00,0x00,0x00,0x00,
    0x00,0x00,0x00,0x00,0x01,0xFF,0xFF,0xFF,0xFF,0xFF,0xF8,0x00,0x00,0x00,0x00,0x00,
    0x00,0x00,0x00,0x00,0x00,0x3F,0xFF,0xFF,0xFF,0xFF,0xC0,0x00,0x00,0x00,0x00,0x00,
    0x00,0x00,0x00,0x00,0x00,0x01,0xFF,0xFF,0xFF,0xFC,0x00,0x00,0x00,0x00,0x00,0x00,
    0x00,0x00,0x00,0x00,0x00,0x00,0x07,0xFF,0xFF,0x00,0x00,0x00,0x00,0x00,0x00,0x00,
    0x00,0x00,0x00,0x00,0x00,0x00,0x00,0x00,0x00,0x00,0x00,0x00,0x00,0x00,0x00,0x00,
    0x00,0x00,0x00,0x00,0x00,0x00,0x00,0x00,0x00,0x00,0x00,0x00,0x00,0x00,0x00,0x00,
    0x00,0x00,0x00,0x00,0x00,0x00,0x00,0x00,0x00,0x00,0x00,0x00,0x00,0x00,0x00,0x00,
    0x00,0x00,0x00,0x00,0x00,0x00,0x00,0x00,0x00,0x00,0x00,0x00,0x00,0x00,0x00,0x00,
    0x00,0x00,0x00,0x00,0x00,0x00,0x00,0x00,0x00,0x00,0x00,0x00,0x00,0x00,0x00,0x00,
    0x00,0x00,0x00,0x00,0x00,0x00,0x00,0x00,0x00,0x00,0x00,0x00,0x00,0x00,0x00,0x00,
    0x00,0x00,0x00,0x00,0x00,0x00,0x00,0x00,0x00,0x00,0x00,0x00,0x00,0x00,0x00,0x00,
    0x00,0x00,0x00,0x00,0x00,0x00,0x00,0x00,0x00,0x00,0x00,0x00,0x00,0x00,0x00,0x00,
    0x00,0x00,0x00,0x00,0x00,0x00,0x00,0x00,0x00,0x00,0x00,0x00,0x00,0x00,0x00,0x00,
    0x00,0x00,0x00,0x00,0x00,0x00,0x00,0x00,0x00,0x00,0x00,0x00,0x00,0x00,0x00,0x00,
    0x00,0x00,0x00,0x00,0x00,0x00,0x00,0x00,0x00,0x00,0x00,0x00,0x00,0x00,0x00,0x00,
    0x00,0x00,0x00,0x00,0x00,0x00,0x00,0x00,0x00,0x00,0x00,0x00,0x00,0x00,0x00,0x00,
    0x00,0x00,0x00,0x00,0x00,0x00,0x00,0x00,0x00,0x00,0x00,0x00,0x00,0x00,0x00,0x00,
    0x00,0x00,0x00,0x00,0x00,0x00,0x00,0x00,0x00,0x00,0x00,0x00,0x00,0x00,0x00,0x00,
    0x00,0x00,0x00,0x00,0x00,0x00,0x00,0x00,0x00,0x00,0x00,0x00,0x00,0x00,0x00,0x00,
  },
{
    0x00,0x00,0x00,0x00,0x00,0x00,0x00,0x00,0x00,0x00,0x00,0x00,0x00,0x00,0x00,0x00,
    0x00,0x00,0x00,0x00,0x00,0x00,0x00,0x00,0x00,0x00,0x00,0x00,0x00,0x00,0x00,0x00,
    0x00,0x00,0x00,0x00,0x00,0x00,0x00,0x00,0x00,0x00,0x00,0x00,0x00,0x00,0x00,0x00,
    0x00,0x00,0x00,0x00,0x00,0x00,0x00,0x00,0x00,0x00,0x00,0x00,0x00,0x00,0x00,0x00,
    0x00,0x00,0x00,0x00,0x00,0x00,0x00,0x00,0x00,0x00,0x00,0x00,0x00,0x00,0x00,0x00,
    0x00,0x00,0x00,0x00,0x00,0x00,0x00,0x00,0x00,0x00,0x00,0x00,0x00,0x00,0x00,0x00,
    0x00,0x00,0x00,0x00,0x00,0x00,0x00,0x00,0x00,0x00,0x00,0x00,0x00,0x00,0x00,0x00,
    0x00,0x00,0x00,0x00,0x00,0x00,0x00,0x00,0x00,0x00,0x00,0x00,0x00,0x00,0x00,0x00,
    0x00,0x00,0x00,0x00,0x00,0x00,0x00,0x00,0x00,0x00,0x00,0x00,0x00,0x00,0x00,0x00,
    0x00,0x00,0x00,0x00,0x00,0x00,0x00,0x00,0x00,0x00,0x00,0x00,0x00,0x00,0x00,0x00,
    0x00,0x00,0x00,0x00,0x00,0x00,0x00,0x00,0x00,0x00,0x00,0x00,0x00,0x00,0x00,0x00,
    0x00,0x00,0x00,0x00,0x00,0x00,0x00,0x00,0x00,0x00,0x00,0x00,0x00,0x00,0x00,0x00,
    0x00,0x00,0x00,0x00,0x00,0x00,0x00,0x00,0x00,0x00,0x00,0x00,0x00,0x00,0x00,0x00,
    0x00,0x00,0x00,0x00,0x00,0x00,0x00,0x00,0x00,0x00,0x00,0x00,0x00,0x00,0x00,0x00,
    0x00,0x00,0x00,0x00,0x00,0x00,0x00,0x00,0x00,0x00,0x00,0x00,0x00,0x00,0x00,0x00,
    0x00,0x00,0x00,0x00,0x00,0x00,0x1F,0xFF,0xF0,0x00,0x00,0x00,0x00,0x00,0x00,0x00,
    0x00,0x00,0x00,0x00,0x00,0x03,0xFF,0xFF,0xFF,0xC0,0x00,0x00,0x00,0x00,0x00,0x00,
    0x00,0x00,0x00,0x00,0x00,0x3F,0xFF,0xFF,0xFF,0xF8,0x00,0x00,0x00,0x00,0x00,0x00,
    0x00,0x00,0x00,0x00,0x00,0xFF,0xFF,0xFF,0xFF,0xFF,0x00,0x00,0x00,0x00,0x00,0x00,
    0x00,0x00,0x00,0x00,0x07,0xFF,0xFF,0xFF,0xFF,0xFF,0xC0,0x00,0x00,0x00,0x00,0x00,
    0x00,0x00,0x00,0x00,0x1F,0xFF,0xFF,0xFF,0xFF,0xFF,0xF0,0x00,0x00,0x00,0x00,0x00,
    0x00,0x00,0x00,0x00,0x7F,0xFF,0xFF,0xFF,0xFF,0xFF,0xFC,0x00,0x00,0x00,0x00,0x00,
    0x00,0x00,0x00,0x00,0xFF,0xFF,0xFF,0xFF,0xFF,0xFF,0xFF,0x00,0x00,0x00,0x00,0x00,
    0x00,0x00,0x00,0x03,0xFF,0xFF,0xFF,0xFF,0xFF,0xFF,0xFF,0x80,0x00,0x00,0x00,0x00,
    0x00,0x00,0x00,0x07,0xFF,0xFF,0xFF,0xFF,0xFF,0xFF,0xFF,0xC0,0x00,0x00,0x00,0x00,
    0x00,0x00,0x00,0x0F,0xFF,0xFF,0xFF,0xFF,0xFF,0xFF,0xFF,0xF0,0x00,0x00,0x00,0x00,
    0x00,0x00,0x00,0x3F,0xFF,0xFF,0xFF,0xFF,0xFF,0xFF,0xFF,0xF8,0x00,0x00,0x00,0x00,
    0x00,0x00,0x00,0x7F,0xFF,0xFF,0xFF,0xFF,0xFF,0xFF,0xFF,0xFC,0x00,0x00,0x00,0x00,
    0x00,0x00,0x00,0xFF,0xFF,0xFF,0xFF,0xFF,0xFF,0xFF,0xFF,0xFE,0x00,0x00,0x00,0x00,
    0x00,0x00,0x01,0xFF,0xFF,0xFF,0xFF,0xFF,0xFF,0xFF,0xFF,0xFF,0x00,0x00,0x00,0x00,
    0x00,0x00,0x03,0xFF,0xFF,0xFF,0xFF,0xFF,0xFF,0xFF,0xFF,0xFF,0x80,0x00,0x00,0x00,
    0x00,0x00,0x07,0xFF,0xFF,0xFF,0xFF,0xFF,0xFF,0xFF,0xFF,0xFF,0xC0,0x00,0x00,0x00,
    0x00,0x00,0x0F,0xFF,0xFF,0xFF,0xFF,0xFF,0xFF,0xFF,0xFF,0xFF,0xE0,0x00,0x00,0x00,
    0x00,0x00,0x0F,0xFF,0xFF,0xFF,0xFF,0xFF,0xFF,0xFF,0xFF,0xFF,0xE0,0x00,0x00,0x00,
    0x00,0x00,0x1F,0xFF,0xFF,0xFF,0xFF,0xFF,0xFF,0xFF,0xFF,0xFF,0xF0,0x00,0x00,0x00,
    0x00,0x00,0x3F,0xFF,0xFF,0xFF,0xFF,0xFF,0xFF,0xFF,0xFF,0xFF,0xF8,0x00,0x00,0x00,
    0x00,0x00,0x7F,0xFF,0xFF,0xFF,0xFF,0xFF,0xFF,0xFF,0xFF,0xFF,0xFC,0x00,0x00,0x00,
    0x00,0x00,0x7F,0xFF,0xFF,0xFF,0xFF,0xFF,0xFF,0xFF,0xFF,0xFF,0xFC,0x00,0x00,0x00,
    0x00,0x00,0xFF,0xFF,0xFF,0xFF,0xFF,0xFF,0xFF,0xFF,0xFF,0xFF,0xFE,0x00,0x00,0x00,
    0x00,0x01,0xFF,0xFF,0xFF,0xFF,0xFF,0x00,0xFF,0xFF,0xFF,0xFF,0xFE,0x00,0x00,0x00,
    0x00,0x01,0xFF,0xFF,0xFF,0xFF,0xF0,0x00,0x0F,0xFF,0xFF,0xFF,0xFF,0x00,0x00,0x00,
    0x00,0x03,0xFF,0xFF,0xFF,0xFF,0xC0,0x00,0x03,0xFF,0xFF,0xFF,0xFF,0x00,0x00,0x00,
    0x00,0x03,0xFF,0xFF,0xFF,0xFF,0x80,0x00,0x01,0xFF,0xFF,0xFF,0xFF,0x80,0x00,0x00,
    0x00,0x07,0xFF,0xFF,0xFF,0xFE,0x00,0x00,0x00,0x7F,0xFF,0xFF,0xFF,0xC0,0x00,0x00,
    0x00,0x07,0xFF,0xFF,0xFF,0xFC,0x00,0x00,0x00,0x3F,0xFF,0xFF,0xFF,0xC0,0x00,0x00,
    0x00,0x07,0xFF,0xFF,0xFF,0xF8,0x00,0x00,0x00,0x1F,0xFF,0xFF,0xFF,0xC0,0x00,0x00,
    0x00,0x0F,0xFF,0xFF,0xFF,0xF0,0x00,0x00,0x00,0x0F,0xFF,0xFF,0xFF,0xE0,0x00,0x00,
    0x00,0x0F,0xFF,0xFF,0xFF,0xE0,0x00,0x00,0x00,0x07,0xFF,0xFF,0xFF,0xE0,0x00,0x00,
    0x00,0x1F,0xFF,0xFF,0xFF,0xE0,0x00,0x00,0x00,0x03,0xFF,0xFF,0xFF,0xF0,0x00,0x00,
    0x00,0x1F,0xFF,0xFF,0xFF,0xC0,0x00,0x00,0x00,0x03,0xFF,0xFF,0xFF,0xF0,0x00,0x00,
    0x00,0x1F,0xFF,0xFF,0xFF,0x80,0x00,0x00,0x00,0x01,0xFF,0xFF,0xFF,0xF8,0x00,0x00,
    0x00,0x3F,0xFF,0xFF,0xFF,0x80,0x00,0x00,0x00,0x01,0xFF,0xFF,0xFF,0xF8,0x00,0x00,
    0x00,0x3F,0xFF,0xFF,0xFF,0x00,0x00,0x00,0x00,0x00,0xFF,0xFF,0xFF,0xF8,0x00,0x00,
    0x00,0x3F,0xFF,0xFF,0xFF,0x00,0x00,0x00,0x00,0x00,0xFF,0xFF,0xFF,0xF8,0x00,0x00,
    0x00,0x3F,0xFF,0xFF,0xFF,0x00,0x00,0x00,0x00,0x00,0x7F,0xFF,0xFF,0xFC,0x00,0x00,
    0x00,0x3F,0xFF,0xFF,0xFE,0x00,0x00,0x00,0x00,0x00,0x7F,0xFF,0xFF,0xFC,0x00,0x00,
    0x00,0x7F,0xFF,0xFF,0xFE,0x00,0x00,0x00,0x00,0x00,0x7F,0xFF,0xFF,0xFC,0x00,0x00,
    0x00,0x7F,0xFF,0xFF,0xFE,0x00,0x00,0x00,0x00,0x00,0x3F,0xFF,0xFF,0xFE,0x00,0x00,
    0x00,0x7F,0xFF,0xFF,0xFC,0x00,0x00,0x00,0x00,0x00,0x3F,0xFF,0xFF,0xFE,0x00,0x00,
    0x00,0x7F,0xFF,0xFF,0xFC,0x00,0x00,0x00,0x00,0x00,0x3F,0xFF,0xFF,0xFE,0x00,0x00,
    0x00,0x7F,0xFF,0xFF,0xFC,0x00,0x00,0x00,0x00,0x00,0x3F,0xFF,0xFF,0xFE,0x00,0x00,
    0x00,0x7F,0xFF,0xFF,0xFC,0x00,0x00,0x00,0x00,0x00,0x3F,0xFF,0xFF,0xFF,0x00,0x00,
    0x00,0xFF,0xFF,0xFF,0xFC,0x00,0x00,0x00,0x00,0x00,0x1F,0xFF,0xFF,0xFF,0x00,0x00,
    0x00,0xFF,0xFF,0xFF,0xFC,0x00,0x00,0x00,0x00,0x00,0x1F,0xFF,0xFF,0xFF,0x00,0x00,
    0x00,0xFF,0xFF,0xFF,0xFC,0x00,0x00,0x00,0x00,0x00,0x1F,0xFF,0xFF,0xFF,0x00,0x00,
    0x00,0xFF,0xFF,0xFF,0xFC,0x00,0x00,0x00,0x00,0x00,0x1F,0xFF,0xFF,0xFF,0x00,0x00,
    0x00,0xFF,0xFF,0xFF,0xFC,0x00,0x00,0x00,0x00,0x00,0x1F,0xFF,0xFF,0xFF,0x00,0x00,
    0x00,0xFF,0xFF,0xFF,0xFC,0x00,0x00,0x00,0x00,0x00,0x1F,0xFF,0xFF,0xFF,0x80,0x00,
    0x00,0xFF,0xFF,0xFF,0xFC,0x00,0x00,0x00,0x00,0x00,0x1F,0xFF,0xFF,0xFF,0x80,0x00,
    0x00,0xFF,0xFF,0xFF,0xFC,0x00,0x00,0x00,0x00,0x00,0x1F,0xFF,0xFF,0xFF,0x80,0x00,
    0x00,0xFF,0xFF,0xFF,0xFC,0x00,0x00,0x00,0x00,0x00,0x1F,0xFF,0xFF,0xFF,0x80,0x00,
    0x00,0xFF,0xFF,0xFF,0xFC,0x00,0x00,0x00,0x00,0x00,0x3F,0xFF,0xFF,0xFF,0x80,0x00,
    0x00,0xFF,0xFF,0xFF,0xFC,0x00,0x00,0x00,0x00,0x00,0x3F,0xFF,0xFF,0xFF,0x80,0x00,
    0x00,0x7F,0xFF,0xFF,0xFC,0x00,0x00,0x00,0x00,0x00,0x3F,0xFF,0xFF,0xFF,0x80,0x00,
    0x00,0x7F,0xFF,0xFF,0xFE,0x00,0x00,0x00,0x00,0x00,0x3F,0xFF,0xFF,0xFF,0x80,0x00,
    0x00,0x7F,0xFF,0xFF,0xFE,0x00,0x00,0x00,0x00,0x00,0x3F,0xFF,0xFF,0xFF,0xC0,0x00,
    0x00,0x7F,0xFF,0xFF,0xFE,0x00,0x00,0x00,0x00,0x00,0x7F,0xFF,0xFF,0xFF,0xC0,0x00,
    0x00,0x7F,0xFF,0xFF,0xFF,0x00,0x00,0x00,0x00,0x00,0x7F,0xFF,0xFF,0xFF,0xC0,0x00,
    0x00,0x7F,0xFF,0xFF,0xFF,0x00,0x00,0x00,0x00,0x00,0x7F,0xFF,0xFF,0xFF,0xC0,0x00,
    0x00,0x3F,0xFF,0xFF,0xFF,0x00,0x00,0x00,0x00,0x00,0xFF,0xFF,0xFF,0xFF,0xC0,0x00,
    0x00,0x3F,0xFF,0xFF,0xFF,0x80,0x00,0x00,0x00,0x00,0xFF,0xFF,0xFF,0xFF,0xC0,0x00,
    0x00,0x3F,0xFF,0xFF,0xFF,0x80,0x00,0x00,0x00,0x01,0xFF,0xFF,0xFF,0xFF,0xC0,0x00,
    0x00,0x3F,0xFF,0xFF,0xFF,0xC0,0x00,0x00,0x00,0x01,0xFF,0xFF,0xFF,0xFF,0xC0,0x00,
    0x00,0x1F,0xFF,0xFF,0xFF,0xC0,0x00,0x00,0x00,0x03,0xFF,0xFF,0xFF,0xFF,0xC0,0x00,
    0x00,0x1F,0xFF,0xFF,0xFF,0xE0,0x00,0x00,0x00,0x07,0xFF,0xFF,0xFF,0xFF,0xC0,0x00,
    0x00,0x1F,0xFF,0xFF,0xFF,0xF0,0x00,0x00,0x00,0x07,0xFF,0xFF,0xFF,0xFF,0xC0,0x00,
    0x00,0x1F,0xFF,0xFF,0xFF,0xF8,0x00,0x00,0x00,0x0F,0xFF,0xFF,0xFF,0xFF,0xC0,0x00,
    0x00,0x0F,0xFF,0xFF,0xFF,0xFC,0x00,0x00,0x00,0x1F,0xFF,0xFF,0xFF,0xFF,0xC0,0x00,
    0x00,0x0F,0xFF,0xFF,0xFF,0xFE,0x00,0x00,0x00,0x7F,0xFF,0xFF,0xFF,0xFF,0xC0,0x00,
    0x00,0x07,0xFF,0xFF,0xFF,0xFF,0x00,0x00,0x00,0xFF,0xFF,0xFF,0xFF,0xFF,0xC0,0x00,
    0x00,0x07,0xFF,0xFF,0xFF,0xFF,0xC0,0x00,0x03,0xFF,0xFF,0xFF,0xFF,0xFF,0xC0,0x00,
    0x00,0x03,0xFF,0xFF,0xFF,0xFF,0xF0,0x00,0x0F,0xFF,0xFF,0xFF,0xFF,0xFF,0xC0,0x00,
    0x00,0x03,0xFF,0xFF,0xFF,0xFF,0xFE,0x00,0xFF,0xFF,0xFF,0xFF,0xFF,0xFF,0xC0,0x00,
    0x00,0x01,0xFF,0xFF,0xFF,0xFF,0xFF,0xFF,0xFF,0xFF,0xFF,0xFF,0xFF,0xFF,0xC0,0x00,
    0x00,0x01,0xFF,0xFF,0xFF,0xFF,0xFF,0xFF,0xFF,0xFF,0xFF,0xFF,0xFF,0xFF,0xC0,0x00,
    0x00,0x00,0xFF,0xFF,0xFF,0xFF,0xFF,0xFF,0xFF,0xFF,0xFF,0xFF,0xFF,0xFF,0xC0,0x00,
    0x00,0x00,0x7F,0xFF,0xFF,0xFF,0xFF,0xFF,0xFF,0xFF,0xFF,0xFF,0xFF,0xFF,0xC0,0x00,
    0x00,0x00,0x7F,0xFF,0xFF,0xFF,0xFF,0xFF,0xFF,0xFF,0xFF,0xFF,0xFF,0xFF,0xC0,0x00,
    0x00,0x00,0x3F,0xFF,0xFF,0xFF,0xFF,0xFF,0xFF,0xFF,0xFF,0xFF,0xFF,0xFF,0xC0,0x00,
    0x00,0x00,0x1F,0xFF,0xFF,0xFF,0xFF,0xFF,0xFF,0xFF,0xFF,0xFF,0xFF,0xFF,0xC0,0x00,
    0x00,0x00,0x0F,0xFF,0xFF,0xFF,0xFF,0xFF,0xFF,0xFF,0xF7,0xFF,0xFF,0xFF,0xC0,0x00,
    0x00,0x00,0x07,0xFF,0xFF,0xFF,0xFF,0xFF,0xFF,0xFF,0xE7,0xFF,0xFF,0xFF,0xC0,0x00,
    0x00,0x00,0x03,0xFF,0xFF,0xFF,0xFF,0xFF,0xFF,0xFF,0xE7,0xFF,0xFF,0xFF,0xC0,0x00,
    0x00,0x00,0x01,0xFF,0xFF,0xFF,0xFF,0xFF,0xFF,0xFF,0xC7,0xFF,0xFF,0xFF,0x80,0x00,
    0x00,0x00,0x00,0xFF,0xFF,0xFF,0xFF,0xFF,0xFF,0xFF,0x87,0xFF,0xFF,0xFF,0x80,0x00,
    0x00,0x00,0x00,0x7F,0xFF,0xFF,0xFF,0xFF,0xFF,0xFF,0x07,0xFF,0xFF,0xFF,0x80,0x00,
    0x00,0x00,0x00,0x1F,0xFF,0xFF,0xFF,0xFF,0xFF,0xFE,0x07,0xFF,0xFF,0xFF,0x80,0x00,
    0x00,0x00,0x00,0x0F,0xFF,0xFF,0xFF,0xFF,0xFF,0xF8,0x07,0xFF,0xFF,0xFF,0x80,0x00,
    0x00,0x00,0x00,0x03,0xFF,0xFF,0xFF,0xFF,0xFF,0xF0,0x0F,0xFF,0xFF,0xFF,0x80,0x00,
    0x00,0x00,0x00,0x01,0xFF,0xFF,0xFF,0xFF,0xFF,0xE0,0x0F,0xFF,0xFF,0xFF,0x80,0x00,
    0x00,0x00,0x00,0x00,0x7F,0xFF,0xFF,0xFF,0xFF,0x80,0x0F,0xFF,0xFF,0xFF,0x00,0x00,
    0x00,0x00,0x00,0x00,0x0F,0xFF,0xFF,0xFF,0xFE,0x00,0x0F,0xFF,0xFF,0xFF,0x00,0x00,
    0x00,0x00,0x00,0x00,0x03,0xFF,0xFF,0xFF,0xF0,0x00,0x0F,0xFF,0xFF,0xFF,0x00,0x00,
    0x00,0x00,0x00,0x00,0x00,0x7F,0xFF,0xFF,0x80,0x00,0x0F,0xFF,0xFF,0xFF,0x00,0x00,
    0x00,0x00,0x00,0x00,0x00,0x03,0xFF,0xF0,0x00,0x00,0x1F,0xFF,0xFF,0xFF,0x00,0x00,
    0x00,0x00,0x00,0x00,0x00,0x00,0x00,0x00,0x00,0x00,0x1F,0xFF,0xFF,0xFE,0x00,0x00,
    0x00,0x00,0x00,0x00,0x00,0x00,0x00,0x00,0x00,0x00,0x1F,0xFF,0xFF,0xFE,0x00,0x00,
    0x00,0x00,0x00,0x00,0x00,0x00,0x00,0x00,0x00,0x00,0x1F,0xFF,0xFF,0xFE,0x00,0x00,
    0x00,0x00,0x00,0x00,0x00,0x00,0x00,0x00,0x00,0x00,0x3F,0xFF,0xFF,0xFE,0x00,0x00,
    0x00,0x00,0x00,0x00,0x00,0x00,0x00,0x00,0x00,0x00,0x3F,0xFF,0xFF,0xFC,0x00,0x00,
    0x00,0x00,0x00,0x00,0x00,0x00,0x00,0x00,0x00,0x00,0x3F,0xFF,0xFF,0xFC,0x00,0x00,
    0x00,0x00,0x00,0x00,0x00,0x00,0x00,0x00,0x00,0x00,0x3F,0xFF,0xFF,0xFC,0x00,0x00,
    0x00,0x00,0x00,0x00,0x00,0x00,0x00,0x00,0x00,0x00,0x7F,0xFF,0xFF,0xFC,0x00,0x00,
    0x00,0x00,0x00,0x00,0x00,0x00,0x00,0x00,0x00,0x00,0x7F,0xFF,0xFF,0xF8,0x00,0x00,
    0x00,0x00,0x00,0x00,0x00,0x00,0x00,0x00,0x00,0x00,0xFF,0xFF,0xFF,0xF8,0x00,0x00,
    0x00,0x1F,0xFF,0xFF,0xFE,0x00,0x00,0x00,0x00,0x00,0xFF,0xFF,0xFF,0xF8,0x00,0x00,
    0x00,0x1F,0xFF,0xFF,0xFE,0x00,0x00,0x00,0x00,0x00,0xFF,0xFF,0xFF,0xF0,0x00,0x00,
    0x00,0x1F,0xFF,0xFF,0xFE,0x00,0x00,0x00,0x00,0x01,0xFF,0xFF,0xFF,0xF0,0x00,0x00,
    0x00,0x1F,0xFF,0xFF,0xFF,0x00,0x00,0x00,0x00,0x01,0xFF,0xFF,0xFF,0xE0,0x00,0x00,
    0x00,0x1F,0xFF,0xFF,0xFF,0x00,0x00,0x00,0x00,0x03,0xFF,0xFF,0xFF,0xE0,0x00,0x00,
    0x00,0x0F,0xFF,0xFF,0xFF,0x00,0x00,0x00,0x00,0x03,0xFF,0xFF,0xFF,0xE0,0x00,0x00,
    0x00,0x0F,0xFF,0xFF,0xFF,0x80,0x00,0x00,0x00,0x07,0xFF,0xFF,0xFF,0xC0,0x00,0x00,
    0x00,0x0F,0xFF,0xFF,0xFF,0x80,0x00,0x00,0x00,0x0F,0xFF,0xFF,0xFF,0xC0,0x00,0x00,
    0x00,0x0F,0xFF,0xFF,0xFF,0xC0,0x00,0x00,0x00,0x0F,0xFF,0xFF,0xFF,0x80,0x00,0x00,
    0x00,0x07,0xFF,0xFF,0xFF,0xE0,0x00,0x00,0x00,0x1F,0xFF,0xFF,0xFF,0x80,0x00,0x00,
    0x00,0x07,0xFF,0xFF,0xFF,0xE0,0x00,0x00,0x00,0x3F,0xFF,0xFF,0xFF,0x00,0x00,0x00,
    0x00,0x03,0xFF,0xFF,0xFF,0xF0,0x00,0x00,0x00,0x7F,0xFF,0xFF,0xFF,0x00,0x00,0x00,
    0x00,0x03,0xFF,0xFF,0xFF,0xF8,0x00,0x00,0x00,0xFF,0xFF,0xFF,0xFE,0x00,0x00,0x00,
    0x00,0x03,0xFF,0xFF,0xFF,0xFC,0x00,0x00,0x01,0xFF,0xFF,0xFF,0xFE,0x00,0x00,0x00,
    0x00,0x01,0xFF,0xFF,0xFF,0xFE,0x00,0x00,0x03,0xFF,0xFF,0xFF,0xFC,0x00,0x00,0x00,
    0x00,0x01,0xFF,0xFF,0xFF,0xFF,0x80,0x00,0x0F,0xFF,0xFF,0xFF,0xF8,0x00,0x00,0x00,
    0x00,0x00,0xFF,0xFF,0xFF,0xFF,0xE0,0x00,0x3F,0xFF,0xFF,0xFF,0xF8,0x00,0x00,0x00,
    0x00,0x00,0xFF,0xFF,0xFF,0xFF,0xFC,0x01,0xFF,0xFF,0xFF,0xFF,0xF0,0x00,0x00,0x00,
    0x00,0x00,0x7F,0xFF,0xFF,0xFF,0xFF,0xFF,0xFF,0xFF,0xFF,0xFF,0xE0,0x00,0x00,0x00,
    0x00,0x00,0x7F,0xFF,0xFF,0xFF,0xFF,0xFF,0xFF,0xFF,0xFF,0xFF,0xE0,0x00,0x00,0x00,
    0x00,0x00,0x3F,0xFF,0xFF,0xFF,0xFF,0xFF,0xFF,0xFF,0xFF,0xFF,0xC0,0x00,0x00,0x00,
    0x00,0x00,0x1F,0xFF,0xFF,0xFF,0xFF,0xFF,0xFF,0xFF,0xFF,0xFF,0x80,0x00,0x00,0x00,
    0x00,0x00,0x1F,0xFF,0xFF,0xFF,0xFF,0xFF,0xFF,0xFF,0xFF,0xFF,0x00,0x00,0x00,0x00,
    0x00,0x00,0x0F,0xFF,0xFF,0xFF,0xFF,0xFF,0xFF,0xFF,0xFF,0xFE,0x00,0x00,0x00,0x00,
    0x00,0x00,0x07,0xFF,0xFF,0xFF,0xFF,0xFF,0xFF,0xFF,0xFF,0xFE,0x00,0x00,0x00,0x00,
    0x00,0x00,0x03,0xFF,0xFF,0xFF,0xFF,0xFF,0xFF,0xFF,0xFF,0xFC,0x00,0x00,0x00,0x00,
    0x00,0x00,0x01,0xFF,0xFF,0xFF,0xFF,0xFF,0xFF,0xFF,0xFF,0xF8,0x00,0x00,0x00,0x00,
    0x00,0x00,0x00,0xFF,0xFF,0xFF,0xFF,0xFF,0xFF,0xFF,0xFF,0xE0,0x00,0x00,0x00,0x00,
    0x00,0x00,0x00,0x7F,0xFF,0xFF,0xFF,0xFF,0xFF,0xFF,0xFF,0xC0,0x00,0x00,0x00,0x00,
    0x00,0x00,0x00,0x3F,0xFF,0xFF,0xFF,0xFF,0xFF,0xFF,0xFF,0x80,0x00,0x00,0x00,0x00,
    0x00,0x00,0x00,0x1F,0xFF,0xFF,0xFF,0xFF,0xFF,0xFF,0xFF,0x00,0x00,0x00,0x00,0x00,
    0x00,0x00,0x00,0x0F,0xFF,0xFF,0xFF,0xFF,0xFF,0xFF,0xFC,0x00,0x00,0x00,0x00,0x00,
    0x00,0x00,0x00,0x03,0xFF,0xFF,0xFF,0xFF,0xFF,0xFF,0xF8,0x00,0x00,0x00,0x00,0x00,
    0x00,0x00,0x00,0x01,0xFF,0xFF,0xFF,0xFF,0xFF,0xFF,0xE0,0x00,0x00,0x00,0x00,0x00,
    0x00,0x00,0x00,0x00,0x7F,0xFF,0xFF,0xFF,0xFF,0xFF,0xC0,0x00,0x00,0x00,0x00,0x00,
    0x00,0x00,0x00,0x00,0x1F,0xFF,0xFF,0xFF,0xFF,0xFF,0x00,0x00,0x00,0x00,0x00,0x00,
    0x00,0x00,0x00,0x00,0x03,0xFF,0xFF,0xFF,0xFF,0xFC,0x00,0x00,0x00,0x00,0x00,0x00,
    0x00,0x00,0x00,0x00,0x00,0xFF,0xFF,0xFF,0xFF,0xE0,0x00,0x00,0x00,0x00,0x00,0x00,
    0x00,0x00,0x00,0x00,0x00,0x0F,0xFF,0xFF,0xFE,0x00,0x00,0x00,0x00,0x00,0x00,0x00,
    0x00,0x00,0x00,0x00,0x00,0x00,0x7F,0xFF,0xC0,0x00,0x00,0x00,0x00,0x00,0x00,0x00,
    0x00,0x00,0x00,0x00,0x00,0x00,0x00,0x00,0x00,0x00,0x00,0x00,0x00,0x00,0x00,0x00,
    0x00,0x00,0x00,0x00,0x00,0x00,0x00,0x00,0x00,0x00,0x00,0x00,0x00,0x00,0x00,0x00,
    0x00,0x00,0x00,0x00,0x00,0x00,0x00,0x00,0x00,0x00,0x00,0x00,0x00,0x00,0x00,0x00,
    0x00,0x00,0x00,0x00,0x00,0x00,0x00,0x00,0x00,0x00,0x00,0x00,0x00,0x00,0x00,0x00,
    0x00,0x00,0x00,0x00,0x00,0x00,0x00,0x00,0x00,0x00,0x00,0x00,0x00,0x00,0x00,0x00,
    0x00,0x00,0x00,0x00,0x00,0x00,0x00,0x00,0x00,0x00,0x00,0x00,0x00,0x00,0x00,0x00,
    0x00,0x00,0x00,0x00,0x00,0x00,0x00,0x00,0x00,0x00,0x00,0x00,0x00,0x00,0x00,0x00,
    0x00,0x00,0x00,0x00,0x00,0x00,0x00,0x00,0x00,0x00,0x00,0x00,0x00,0x00,0x00,0x00,
    0x00,0x00,0x00,0x00,0x00,0x00,0x00,0x00,0x00,0x00,0x00,0x00,0x00,0x00,0x00,0x00,
    0x00,0x00,0x00,0x00,0x00,0x00,0x00,0x00,0x00,0x00,0x00,0x00,0x00,0x00,0x00,0x00,
    0x00,0x00,0x00,0x00,0x00,0x00,0x00,0x00,0x00,0x00,0x00,0x00,0x00,0x00,0x00,0x00,
    0x00,0x00,0x00,0x00,0x00,0x00,0x00,0x00,0x00,0x00,0x00,0x00,0x00,0x00,0x00,0x00,
    0x00,0x00,0x00,0x00,0x00,0x00,0x00,0x00,0x00,0x00,0x00,0x00,0x00,0x00,0x00,0x00,
    0x00,0x00,0x00,0x00,0x00,0x00,0x00,0x00,0x00,0x00,0x00,0x00,0x00,0x00,0x00,0x00,
    0x00,0x00,0x00,0x00,0x00,0x00,0x00,0x00,0x00,0x00,0x00,0x00,0x00,0x00,0x00,0x00,
  }
};

// ---- b64：0123456789 @ 52x76 ----
const uint8_t cal_font_b64_digits[10][532] = {
  {
    0x00,0x00,0x00,0x00,0x00,0x00,0x00,
    0x00,0x00,0x00,0x00,0x00,0x00,0x00,
    0x00,0x00,0x00,0x00,0x00,0x00,0x00,
    0x00,0x00,0x00,0x00,0x00,0x00,0x00,
    0x00,0x00,0x00,0x00,0x00,0x00,0x00,
    0x00,0x00,0x00,0x00,0x00,0x00,0x00,
    0x00,0x00,0x0F,0xFE,0x00,0x00,0x00,
    0x00,0x00,0x7F,0xFF,0xC0,0x00,0x00,
    0x00,0x01,0xFF,0xFF,0xF8,0x00,0x00,
    0x00,0x07,0xFF,0xFF,0xFC,0x00,0x00,
    0x00,0x0F,0xFF,0xFF,0xFE,0x00,0x00,
    0x00,0x1F,0xFF,0xFF,0xFF,0x80,0x00,
    0x00,0x3F,0xFF,0xFF,0xFF,0xC0,0x00,
    0x00,0x7F,0xFF,0xFF,0xFF,0xC0,0x00,
    0x00,0xFF,0xFF,0xFF,0xFF,0xE0,0x00,
    0x00,0xFF,0xFF,0xFF,0xFF,0xF0,0x00,
    0x01,0xFF,0xFE,0x0F,0xFF,0xF0,0x00,
    0x01,0xFF,0xF8,0x03,0xFF,0xF8,0x00,
    0x03,0xFF,0xF0,0x00,0xFF,0xF8,0x00,
    0x03,0xFF,0xE0,0x00,0xFF,0xFC,0x00,
    0x07,0xFF,0xC0,0x00,0x7F,0xFC,0x00,
    0x07,0xFF,0xC0,0x00,0x3F,0xFC,0x00,
    0x07,0xFF,0x80,0x00,0x3F,0xFE,0x00,
    0x0F,0xFF,0x80,0x00,0x3F,0xFE,0x00,
    0x0F,0xFF,0x80,0x00,0x1F,0xFE,0x00,
    0x0F,0xFF,0x80,0x00,0x1F,0xFF,0x00,
    0x0F,0xFF,0x00,0x00,0x1F,0xFF,0x00,
    0x0F,0xFF,0x00,0x00,0x1F,0xFF,0x00,
    0x1F,0xFF,0x00,0x00,0x1F,0xFF,0x00,
    0x1F,0xFF,0x00,0x00,0x0F,0xFF,0x00,
    0x1F,0xFF,0x00,0x00,0x0F,0xFF,0x00,
    0x1F,0xFF,0x00,0x00,0x0F,0xFF,0x00,
    0x1F,0xFF,0x00,0x00,0x0F,0xFF,0x00,
    0x1F,0xFF,0x00,0x00,0x0F,0xFF,0x80,
    0x1F,0xFF,0x00,0x00,0x0F,0xFF,0x80,
    0x1F,0xFF,0x00,0x00,0x0F,0xFF,0x80,
    0x1F,0xFF,0x00,0x00,0x0F,0xFF,0x80,
    0x1F,0xFF,0x00,0x00,0x0F,0xFF,0x80,
    0x1F,0xFF,0x00,0x00,0x0F,0xFF,0x80,
    0x1F,0xFF,0x00,0x00,0x0F,0xFF,0x80,
    0x1F,0xFF,0x00,0x00,0x0F,0xFF,0x80,
    0x1F,0xFF,0x00,0x00,0x0F,0xFF,0x80,
    0x1F,0xFF,0x00,0x00,0x0F,0xFF,0x80,
    0x1F,0xFF,0x00,0x00,0x0F,0xFF,0x00,
    0x1F,0xFF,0x00,0x00,0x0F,0xFF,0x00,
    0x1F,0xFF,0x00,0x00,0x0F,0xFF,0x00,
    0x1F,0xFF,0x00,0x00,0x1F,0xFF,0x00,
    0x1F,0xFF,0x00,0x00,0x1F,0xFF,0x00,
    0x0F,0xFF,0x00,0x00,0x1F,0xFF,0x00,
    0x0F,0xFF,0x00,0x00,0x1F,0xFF,0x00,
    0x0F,0xFF,0x80,0x00,0x1F,0xFF,0x00,
    0x0F,0xFF,0x80,0x00,0x1F,0xFE,0x00,
    0x0F,0xFF,0x80,0x00,0x3F,0xFE,0x00,
    0x07,0xFF,0xC0,0x00,0x3F,0xFE,0x00,
    0x07,0xFF,0xC0,0x00,0x3F,0xFC,0x00,
    0x07,0xFF,0xC0,0x00,0x7F,0xFC,0x00,
    0x03,0xFF,0xE0,0x00,0xFF,0xFC,0x00,
    0x03,0xFF,0xF0,0x00,0xFF,0xF8,0x00,
    0x01,0xFF,0xF8,0x03,0xFF,0xF8,0x00,
    0x01,0xFF,0xFE,0x0F,0xFF,0xF0,0x00,
    0x00,0xFF,0xFF,0xFF,0xFF,0xF0,0x00,
    0x00,0xFF,0xFF,0xFF,0xFF,0xE0,0x00,
    0x00,0x7F,0xFF,0xFF,0xFF,0xC0,0x00,
    0x00,0x3F,0xFF,0xFF,0xFF,0xC0,0x00,
    0x00,0x1F,0xFF,0xFF,0xFF,0x80,0x00,
    0x00,0x0F,0xFF,0xFF,0xFE,0x00,0x00,
    0x00,0x07,0xFF,0xFF,0xFC,0x00,0x00,
    0x00,0x01,0xFF,0xFF,0xF8,0x00,0x00,
    0x00,0x00,0x7F,0xFF,0xC0,0x00,0x00,
    0x00,0x00,0x0F,0xFE,0x00,0x00,0x00,
    0x00,0x00,0x00,0x00,0x00,0x00,0x00,
    0x00,0x00,0x00,0x00,0x00,0x00,0x00,
    0x00,0x00,0x00,0x00,0x00,0x00,0x00,
    0x00,0x00,0x00,0x00,0x00,0x00,0x00,
    0x00,0x00,0x00,0x00,0x00,0x00,0x00,
    0x00,0x00,0x00,0x00,0x00,0x00,0x00,
  },
{
    0x00,0x00,0x00,0x00,0x00,0x00,0x00,
    0x00,0x00,0x00,0x00,0x00,0x00,0x00,
    0x00,0x00,0x00,0x00,0x00,0x00,0x00,
    0x00,0x00,0x00,0x00,0x00,0x00,0x00,
    0x00,0x00,0x00,0x00,0x00,0x00,0x00,
    0x00,0x00,0x00,0x00,0x00,0x00,0x00,
    0x00,0x00,0x00,0x07,0xFF,0x00,0x00,
    0x00,0x00,0x00,0x07,0xFF,0x00,0x00,
    0x00,0x00,0x00,0x07,0xFF,0x00,0x00,
    0x00,0x00,0x00,0x07,0xFF,0x00,0x00,
    0x00,0x00,0x00,0x0F,0xFF,0x00,0x00,
    0x00,0x00,0x00,0x1F,0xFF,0x00,0x00,
    0x00,0x00,0x00,0x1F,0xFF,0x00,0x00,
    0x00,0x00,0x00,0x3F,0xFF,0x00,0x00,
    0x00,0x00,0x00,0xFF,0xFF,0x00,0x00,
    0x00,0x00,0x01,0xFF,0xFF,0x00,0x00,
    0x00,0x00,0x07,0xFF,0xFF,0x00,0x00,
    0x00,0x00,0x7F,0xFF,0xFF,0x00,0x00,
    0x00,0x1F,0xFF,0xFF,0xFF,0x00,0x00,
    0x00,0x1F,0xFF,0xFF,0xFF,0x00,0x00,
    0x00,0x1F,0xFF,0xFF,0xFF,0x00,0x00,
    0x00,0x1F,0xFF,0xFF,0xFF,0x00,0x00,
    0x00,0x1F,0xFF,0xFF,0xFF,0x00,0x00,
    0x00,0x1F,0xFF,0xFF,0xFF,0x00,0x00,
    0x00,0x1F,0xFF,0xFF,0xFF,0x00,0x00,
    0x00,0x1F,0xFF,0xFF,0xFF,0x00,0x00,
    0x00,0x1F,0xFF,0xFF,0xFF,0x00,0x00,
    0x00,0x1F,0xFF,0xFF,0xFF,0x00,0x00,
    0x00,0x00,0x00,0x1F,0xFF,0x00,0x00,
    0x00,0x00,0x00,0x1F,0xFF,0x00,0x00,
    0x00,0x00,0x00,0x1F,0xFF,0x00,0x00,
    0x00,0x00,0x00,0x1F,0xFF,0x00,0x00,
    0x00,0x00,0x00,0x1F,0xFF,0x00,0x00,
    0x00,0x00,0x00,0x1F,0xFF,0x00,0x00,
    0x00,0x00,0x00,0x1F,0xFF,0x00,0x00,
    0x00,0x00,0x00,0x1F,0xFF,0x00,0x00,
    0x00,0x00,0x00,0x1F,0xFF,0x00,0x00,
    0x00,0x00,0x00,0x1F,0xFF,0x00,0x00,
    0x00,0x00,0x00,0x1F,0xFF,0x00,0x00,
    0x00,0x00,0x00,0x1F,0xFF,0x00,0x00,
    0x00,0x00,0x00,0x1F,0xFF,0x00,0x00,
    0x00,0x00,0x00,0x1F,0xFF,0x00,0x00,
    0x00,0x00,0x00,0x1F,0xFF,0x00,0x00,
    0x00,0x00,0x00,0x1F,0xFF,0x00,0x00,
    0x00,0x00,0x00,0x1F,0xFF,0x00,0x00,
    0x00,0x00,0x00,0x1F,0xFF,0x00,0x00,
    0x00,0x00,0x00,0x1F,0xFF,0x00,0x00,
    0x00,0x00,0x00,0x1F,0xFF,0x00,0x00,
    0x00,0x00,0x00,0x1F,0xFF,0x00,0x00,
    0x00,0x00,0x00,0x1F,0xFF,0x00,0x00,
    0x00,0x00,0x00,0x1F,0xFF,0x00,0x00,
    0x00,0x00,0x00,0x1F,0xFF,0x00,0x00,
    0x00,0x00,0x00,0x1F,0xFF,0x00,0x00,
    0x00,0x00,0x00,0x1F,0xFF,0x00,0x00,
    0x00,0x00,0x00,0x1F,0xFF,0x00,0x00,
    0x00,0x00,0x00,0x1F,0xFF,0x00,0x00,
    0x00,0x00,0x00,0x1F,0xFF,0x00,0x00,
    0x00,0x00,0x00,0x1F,0xFF,0x00,0x00,
    0x00,0x00,0x00,0x1F,0xFF,0x00,0x00,
    0x00,0x00,0x00,0x1F,0xFF,0x00,0x00,
    0x00,0x00,0x00,0x1F,0xFF,0x00,0x00,
    0x00,0x00,0x00,0x1F,0xFF,0x00,0x00,
    0x00,0x00,0x00,0x1F,0xFF,0x00,0x00,
    0x00,0x00,0x00,0x1F,0xFF,0x00,0x00,
    0x00,0x00,0x00,0x1F,0xFF,0x00,0x00,
    0x00,0x00,0x00,0x1F,0xFF,0x00,0x00,
    0x00,0x00,0x00,0x1F,0xFF,0x00,0x00,
    0x00,0x00,0x00,0x1F,0xFF,0x00,0x00,
    0x00,0x00,0x00,0x1F,0xFF,0x00,0x00,
    0x00,0x00,0x00,0x1F,0xFF,0x00,0x00,
    0x00,0x00,0x00,0x00,0x00,0x00,0x00,
    0x00,0x00,0x00,0x00,0x00,0x00,0x00,
    0x00,0x00,0x00,0x00,0x00,0x00,0x00,
    0x00,0x00,0x00,0x00,0x00,0x00,0x00,
    0x00,0x00,0x00,0x00,0x00,0x00,0x00,
    0x00,0x00,0x00,0x00,0x00,0x00,0x00,
  },
{
    0x00,0x00,0x00,0x00,0x00,0x00,0x00,
    0x00,0x00,0x00,0x00,0x00,0x00,0x00,
    0x00,0x00,0x00,0x00,0x00,0x00,0x00,
    0x00,0x00,0x00,0x00,0x00,0x00,0x00,
    0x00,0x00,0x00,0x00,0x00,0x00,0x00,
    0x00,0x00,0x00,0x00,0x00,0x00,0x00,
    0x00,0x00,0x03,0xFF,0x80,0x00,0x00,
    0x00,0x00,0x3F,0xFF,0xF0,0x00,0x00,
    0x00,0x00,0xFF,0xFF,0xFC,0x00,0x00,
    0x00,0x03,0xFF,0xFF,0xFF,0x00,0x00,
    0x00,0x07,0xFF,0xFF,0xFF,0x80,0x00,
    0x00,0x0F,0xFF,0xFF,0xFF,0xE0,0x00,
    0x00,0x1F,0xFF,0xFF,0xFF,0xF0,0x00,
    0x00,0x3F,0xFF,0xFF,0xFF,0xF8,0x00,
    0x00,0x7F,0xFF,0xFF,0xFF,0xF8,0x00,
    0x00,0xFF,0xFF,0xFF,0xFF,0xFC,0x00,
    0x00,0xFF,0xFF,0xFF,0xFF,0xFE,0x00,
    0x01,0xFF,0xFF,0x03,0xFF,0xFE,0x00,
    0x01,0xFF,0xFC,0x00,0xFF,0xFF,0x00,
    0x03,0xFF,0xF8,0x00,0x7F,0xFF,0x00,
    0x03,0xFF,0xF0,0x00,0x3F,0xFF,0x00,
    0x03,0xFF,0xE0,0x00,0x1F,0xFF,0x00,
    0x07,0xFF,0xC0,0x00,0x1F,0xFF,0x80,
    0x07,0xFF,0xC0,0x00,0x0F,0xFF,0x80,
    0x07,0xFF,0xC0,0x00,0x0F,0xFF,0x80,
    0x07,0xFF,0x80,0x00,0x0F,0xFF,0x80,
    0x0F,0xFF,0x80,0x00,0x0F,0xFF,0x80,
    0x0F,0xFF,0x80,0x00,0x0F,0xFF,0x80,
    0x0F,0xFF,0x80,0x00,0x0F,0xFF,0x80,
    0x0F,0xFF,0x80,0x00,0x0F,0xFF,0x80,
    0x0F,0xFF,0x80,0x00,0x1F,0xFF,0x00,
    0x07,0xFF,0x00,0x00,0x1F,0xFF,0x00,
    0x00,0x00,0x00,0x00,0x3F,0xFF,0x00,
    0x00,0x00,0x00,0x00,0x7F,0xFE,0x00,
    0x00,0x00,0x00,0x00,0x7F,0xFE,0x00,
    0x00,0x00,0x00,0x00,0xFF,0xFC,0x00,
    0x00,0x00,0x00,0x01,0xFF,0xFC,0x00,
    0x00,0x00,0x00,0x07,0xFF,0xF8,0x00,
    0x00,0x00,0x00,0x0F,0xFF,0xF0,0x00,
    0x00,0x00,0x00,0x3F,0xFF,0xF0,0x00,
    0x00,0x00,0x00,0x7F,0xFF,0xE0,0x00,
    0x00,0x00,0x01,0xFF,0xFF,0x80,0x00,
    0x00,0x00,0x03,0xFF,0xFF,0x00,0x00,
    0x00,0x00,0x07,0xFF,0xFE,0x00,0x00,
    0x00,0x00,0x1F,0xFF,0xFC,0x00,0x00,
    0x00,0x00,0x3F,0xFF,0xF0,0x00,0x00,
    0x00,0x00,0xFF,0xFF,0xE0,0x00,0x00,
    0x00,0x01,0xFF,0xFF,0x80,0x00,0x00,
    0x00,0x03,0xFF,0xFF,0x00,0x00,0x00,
    0x00,0x0F,0xFF,0xFC,0x00,0x00,0x00,
    0x00,0x1F,0xFF,0xF8,0x00,0x00,0x00,
    0x00,0x3F,0xFF,0xE0,0x00,0x00,0x00,
    0x00,0x7F,0xFF,0xC0,0x00,0x00,0x00,
    0x00,0x7F,0xFF,0x80,0x00,0x00,0x00,
    0x00,0xFF,0xFF,0x00,0x00,0x00,0x00,
    0x01,0xFF,0xFC,0x00,0x00,0x00,0x00,
    0x03,0xFF,0xFC,0x00,0x00,0x00,0x00,
    0x03,0xFF,0xF8,0x00,0x00,0x00,0x00,
    0x07,0xFF,0xF0,0x00,0x00,0x00,0x00,
    0x07,0xFF,0xFF,0xFF,0xFF,0xFF,0x80,
    0x0F,0xFF,0xFF,0xFF,0xFF,0xFF,0x80,
    0x0F,0xFF,0xFF,0xFF,0xFF,0xFF,0x80,
    0x0F,0xFF,0xFF,0xFF,0xFF,0xFF,0x80,
    0x0F,0xFF,0xFF,0xFF,0xFF,0xFF,0x80,
    0x1F,0xFF,0xFF,0xFF,0xFF,0xFF,0x80,
    0x1F,0xFF,0xFF,0xFF,0xFF,0xFF,0x80,
    0x1F,0xFF,0xFF,0xFF,0xFF,0xFF,0x80,
    0x1F,0xFF,0xFF,0xFF,0xFF,0xFF,0x80,
    0x1F,0xFF,0xFF,0xFF,0xFF,0xFF,0x80,
    0x1F,0xFF,0xFF,0xFF,0xFF,0xFF,0x80,
    0x00,0x00,0x00,0x00,0x00,0x00,0x00,
    0x00,0x00,0x00,0x00,0x00,0x00,0x00,
    0x00,0x00,0x00,0x00,0x00,0x00,0x00,
    0x00,0x00,0x00,0x00,0x00,0x00,0x00,
    0x00,0x00,0x00,0x00,0x00,0x00,0x00,
    0x00,0x00,0x00,0x00,0x00,0x00,0x00,
  },
{
    0x00,0x00,0x00,0x00,0x00,0x00,0x00,
    0x00,0x00,0x00,0x00,0x00,0x00,0x00,
    0x00,0x00,0x00,0x00,0x00,0x00,0x00,
    0x00,0x00,0x00,0x00,0x00,0x00,0x00,
    0x00,0x00,0x00,0x00,0x00,0x00,0x00,
    0x00,0x00,0x00,0x00,0x00,0x00,0x00,
    0x00,0x00,0x0F,0xFE,0x00,0x00,0x00,
    0x00,0x00,0x7F,0xFF,0xC0,0x00,0x00,
    0x00,0x01,0xFF,0xFF,0xF8,0x00,0x00,
    0x00,0x07,0xFF,0xFF,0xFE,0x00,0x00,
    0x00,0x0F,0xFF,0xFF,0xFF,0x00,0x00,
    0x00,0x3F,0xFF,0xFF,0xFF,0x80,0x00,
    0x00,0x7F,0xFF,0xFF,0xFF,0xC0,0x00,
    0x00,0x7F,0xFF,0xFF,0xFF,0xE0,0x00,
    0x00,0xFF,0xFF,0xFF,0xFF,0xF0,0x00,
    0x01,0xFF,0xFF,0xFF,0xFF,0xF8,0x00,
    0x01,0xFF,0xFE,0x07,0xFF,0xF8,0x00,
    0x03,0xFF,0xF0,0x01,0xFF,0xFC,0x00,
    0x03,0xFF,0xE0,0x00,0xFF,0xFC,0x00,
    0x07,0xFF,0xC0,0x00,0x7F,0xFC,0x00,
    0x07,0xFF,0xC0,0x00,0x3F,0xFC,0x00,
    0x07,0xFF,0x80,0x00,0x3F,0xFE,0x00,
    0x07,0xFF,0x80,0x00,0x3F,0xFE,0x00,
    0x0F,0xFF,0x80,0x00,0x3F,0xFE,0x00,
    0x0F,0xFF,0x00,0x00,0x3F,0xFE,0x00,
    0x0F,0xFF,0x00,0x00,0x3F,0xFC,0x00,
    0x0F,0xFF,0x00,0x00,0x3F,0xFC,0x00,
    0x00,0x00,0x00,0x00,0x3F,0xFC,0x00,
    0x00,0x00,0x00,0x00,0x7F,0xFC,0x00,
    0x00,0x00,0x00,0x00,0xFF,0xF8,0x00,
    0x00,0x00,0x00,0x01,0xFF,0xF8,0x00,
    0x00,0x00,0x00,0x0F,0xFF,0xF0,0x00,
    0x00,0x00,0x07,0xFF,0xFF,0xE0,0x00,
    0x00,0x00,0x07,0xFF,0xFF,0xC0,0x00,
    0x00,0x00,0x07,0xFF,0xFF,0x80,0x00,
    0x00,0x00,0x07,0xFF,0xFC,0x00,0x00,
    0x00,0x00,0x07,0xFF,0xFF,0x00,0x00,
    0x00,0x00,0x07,0xFF,0xFF,0xC0,0x00,
    0x00,0x00,0x07,0xFF,0xFF,0xF0,0x00,
    0x00,0x00,0x07,0xFF,0xFF,0xF8,0x00,
    0x00,0x00,0x07,0xFF,0xFF,0xFC,0x00,
    0x00,0x00,0x00,0x0F,0xFF,0xFE,0x00,
    0x00,0x00,0x00,0x01,0xFF,0xFE,0x00,
    0x00,0x00,0x00,0x00,0x7F,0xFF,0x00,
    0x00,0x00,0x00,0x00,0x3F,0xFF,0x00,
    0x00,0x00,0x00,0x00,0x1F,0xFF,0x00,
    0x00,0x00,0x00,0x00,0x1F,0xFF,0x80,
    0x00,0x00,0x00,0x00,0x1F,0xFF,0x80,
    0x1F,0xFE,0x00,0x00,0x0F,0xFF,0x80,
    0x1F,0xFE,0x00,0x00,0x0F,0xFF,0x80,
    0x1F,0xFE,0x00,0x00,0x0F,0xFF,0x80,
    0x1F,0xFE,0x00,0x00,0x0F,0xFF,0x80,
    0x1F,0xFF,0x00,0x00,0x1F,0xFF,0x80,
    0x1F,0xFF,0x00,0x00,0x1F,0xFF,0x80,
    0x1F,0xFF,0x00,0x00,0x1F,0xFF,0x00,
    0x1F,0xFF,0x80,0x00,0x3F,0xFF,0x00,
    0x0F,0xFF,0xC0,0x00,0x7F,0xFF,0x00,
    0x0F,0xFF,0xE0,0x00,0x7F,0xFE,0x00,
    0x07,0xFF,0xF0,0x01,0xFF,0xFE,0x00,
    0x07,0xFF,0xFC,0x07,0xFF,0xFC,0x00,
    0x03,0xFF,0xFF,0xFF,0xFF,0xFC,0x00,
    0x03,0xFF,0xFF,0xFF,0xFF,0xF8,0x00,
    0x01,0xFF,0xFF,0xFF,0xFF,0xF0,0x00,
    0x00,0xFF,0xFF,0xFF,0xFF,0xE0,0x00,
    0x00,0x7F,0xFF,0xFF,0xFF,0xC0,0x00,
    0x00,0x3F,0xFF,0xFF,0xFF,0x80,0x00,
    0x00,0x0F,0xFF,0xFF,0xFE,0x00,0x00,
    0x00,0x03,0xFF,0xFF,0xFC,0x00,0x00,
    0x00,0x00,0xFF,0xFF,0xE0,0x00,0x00,
    0x00,0x00,0x0F,0xFE,0x00,0x00,0x00,
    0x00,0x00,0x00,0x00,0x00,0x00,0x00,
    0x00,0x00,0x00,0x00,0x00,0x00,0x00,
    0x00,0x00,0x00,0x00,0x00,0x00,0x00,
    0x00,0x00,0x00,0x00,0x00,0x00,0x00,
    0x00,0x00,0x00,0x00,0x00,0x00,0x00,
    0x00,0x00,0x00,0x00,0x00,0x00,0x00,
  },
{
    0x00,0x00,0x00,0x00,0x00,0x00,0x00,
    0x00,0x00,0x00,0x00,0x00,0x00,0x00,
    0x00,0x00,0x00,0x00,0x00,0x00,0x00,
    0x00,0x00,0x00,0x00,0x00,0x00,0x00,
    0x00,0x00,0x00,0x00,0x00,0x00,0x00,
    0x00,0x00,0x00,0x00,0x00,0x00,0x00,
    0x00,0x00,0x00,0x07,0xFF,0x80,0x00,
    0x00,0x00,0x00,0x0F,0xFF,0x80,0x00,
    0x00,0x00,0x00,0x1F,0xFF,0x80,0x00,
    0x00,0x00,0x00,0x1F,0xFF,0x80,0x00,
    0x00,0x00,0x00,0x3F,0xFF,0x80,0x00,
    0x00,0x00,0x00,0x7F,0xFF,0x80,0x00,
    0x00,0x00,0x00,0xFF,0xFF,0x80,0x00,
    0x00,0x00,0x00,0xFF,0xFF,0x80,0x00,
    0x00,0x00,0x01,0xFF,0xFF,0x80,0x00,
    0x00,0x00,0x03,0xFF,0xFF,0x80,0x00,
    0x00,0x00,0x07,0xFF,0xFF,0x80,0x00,
    0x00,0x00,0x07,0xFF,0xFF,0x80,0x00,
    0x00,0x00,0x0F,0xFF,0xFF,0x80,0x00,
    0x00,0x00,0x1F,0xFF,0xFF,0x80,0x00,
    0x00,0x00,0x3F,0xFF,0xFF,0x80,0x00,
    0x00,0x00,0x3F,0xFF,0xFF,0x80,0x00,
    0x00,0x00,0x7F,0xF7,0xFF,0x80,0x00,
    0x00,0x00,0xFF,0xE7,0xFF,0x80,0x00,
    0x00,0x01,0xFF,0xC7,0xFF,0x80,0x00,
    0x00,0x01,0xFF,0xC7,0xFF,0x80,0x00,
    0x00,0x03,0xFF,0x87,0xFF,0x80,0x00,
    0x00,0x07,0xFF,0x07,0xFF,0x80,0x00,
    0x00,0x0F,0xFE,0x07,0xFF,0x80,0x00,
    0x00,0x0F,0xFE,0x07,0xFF,0x80,0x00,
    0x00,0x1F,0xFC,0x07,0xFF,0x80,0x00,
    0x00,0x3F,0xF8,0x07,0xFF,0x80,0x00,
    0x00,0x7F,0xF0,0x07,0xFF,0x80,0x00,
    0x00,0x7F,0xF0,0x07,0xFF,0x80,0x00,
    0x00,0xFF,0xE0,0x07,0xFF,0x80,0x00,
    0x01,0xFF,0xC0,0x07,0xFF,0x80,0x00,
    0x03,0xFF,0x80,0x07,0xFF,0x80,0x00,
    0x03,0xFF,0x80,0x07,0xFF,0x80,0x00,
    0x07,0xFF,0x00,0x07,0xFF,0x80,0x00,
    0x0F,0xFE,0x00,0x07,0xFF,0x80,0x00,
    0x1F,0xFC,0x00,0x07,0xFF,0x80,0x00,
    0x1F,0xFC,0x00,0x07,0xFF,0x80,0x00,
    0x3F,0xF8,0x00,0x07,0xFF,0x80,0x00,
    0x7F,0xF0,0x00,0x07,0xFF,0x80,0x00,
    0x7F,0xFF,0xFF,0xFF,0xFF,0xFF,0xC0,
    0x7F,0xFF,0xFF,0xFF,0xFF,0xFF,0xC0,
    0x7F,0xFF,0xFF,0xFF,0xFF,0xFF,0xC0,
    0x7F,0xFF,0xFF,0xFF,0xFF,0xFF,0xC0,
    0x7F,0xFF,0xFF,0xFF,0xFF,0xFF,0xC0,
    0x7F,0xFF,0xFF,0xFF,0xFF,0xFF,0xC0,
    0x7F,0xFF,0xFF,0xFF,0xFF,0xFF,0xC0,
    0x7F,0xFF,0xFF,0xFF,0xFF,0xFF,0xC0,
    0x7F,0xFF,0xFF,0xFF,0xFF,0xFF,0xC0,
    0x7F,0xFF,0xFF,0xFF,0xFF,0xFF,0xC0,
    0x7F,0xFF,0xFF,0xFF,0xFF,0xFF,0xC0,
    0x00,0x00,0x00,0x07,0xFF,0x80,0x00,
    0x00,0x00,0x00,0x07,0xFF,0x80,0x00,
    0x00,0x00,0x00,0x07,0xFF,0x80,0x00,
    0x00,0x00,0x00,0x07,0xFF,0x80,0x00,
    0x00,0x00,0x00,0x07,0xFF,0x80,0x00,
    0x00,0x00,0x00,0x07,0xFF,0x80,0x00,
    0x00,0x00,0x00,0x07,0xFF,0x80,0x00,
    0x00,0x00,0x00,0x07,0xFF,0x80,0x00,
    0x00,0x00,0x00,0x07,0xFF,0x80,0x00,
    0x00,0x00,0x00,0x07,0xFF,0x80,0x00,
    0x00,0x00,0x00,0x07,0xFF,0x80,0x00,
    0x00,0x00,0x00,0x07,0xFF,0x80,0x00,
    0x00,0x00,0x00,0x07,0xFF,0x80,0x00,
    0x00,0x00,0x00,0x07,0xFF,0x80,0x00,
    0x00,0x00,0x00,0x07,0xFF,0x80,0x00,
    0x00,0x00,0x00,0x00,0x00,0x00,0x00,
    0x00,0x00,0x00,0x00,0x00,0x00,0x00,
    0x00,0x00,0x00,0x00,0x00,0x00,0x00,
    0x00,0x00,0x00,0x00,0x00,0x00,0x00,
    0x00,0x00,0x00,0x00,0x00,0x00,0x00,
    0x00,0x00,0x00,0x00,0x00,0x00,0x00,
  },
{
    0x00,0x00,0x00,0x00,0x00,0x00,0x00,
    0x00,0x00,0x00,0x00,0x00,0x00,0x00,
    0x00,0x00,0x00,0x00,0x00,0x00,0x00,
    0x00,0x00,0x00,0x00,0x00,0x00,0x00,
    0x00,0x00,0x00,0x00,0x00,0x00,0x00,
    0x00,0x00,0x00,0x00,0x00,0x00,0x00,
    0x00,0x1F,0xFF,0xFF,0xFF,0xFC,0x00,
    0x00,0x3F,0xFF,0xFF,0xFF,0xFC,0x00,
    0x00,0x3F,0xFF,0xFF,0xFF,0xFC,0x00,
    0x00,0x3F,0xFF,0xFF,0xFF,0xFC,0x00,
    0x00,0x3F,0xFF,0xFF,0xFF,0xFC,0x00,
    0x00,0x3F,0xFF,0xFF,0xFF,0xFC,0x00,
    0x00,0x3F,0xFF,0xFF,0xFF,0xFC,0x00,
    0x00,0x7F,0xFF,0xFF,0xFF,0xFC,0x00,
    0x00,0x7F,0xFF,0xFF,0xFF,0xFC,0x00,
    0x00,0x7F,0xFF,0xFF,0xFF,0xFC,0x00,
    0x00,0x7F,0xFF,0xFF,0xFF,0xFC,0x00,
    0x00,0x7F,0xF0,0x00,0x00,0x00,0x00,
    0x00,0x7F,0xF0,0x00,0x00,0x00,0x00,
    0x00,0xFF,0xF0,0x00,0x00,0x00,0x00,
    0x00,0xFF,0xE0,0x00,0x00,0x00,0x00,
    0x00,0xFF,0xE0,0x00,0x00,0x00,0x00,
    0x00,0xFF,0xE0,0x00,0x00,0x00,0x00,
    0x00,0xFF,0xE0,0x00,0x00,0x00,0x00,
    0x01,0xFF,0xE0,0x00,0x00,0x00,0x00,
    0x01,0xFF,0xE0,0x00,0x00,0x00,0x00,
    0x01,0xFF,0xC0,0x7F,0xE0,0x00,0x00,
    0x01,0xFF,0xC3,0xFF,0xFC,0x00,0x00,
    0x01,0xFF,0xC7,0xFF,0xFF,0x00,0x00,
    0x01,0xFF,0xDF,0xFF,0xFF,0x80,0x00,
    0x03,0xFF,0xFF,0xFF,0xFF,0xE0,0x00,
    0x03,0xFF,0xFF,0xFF,0xFF,0xF0,0x00,
    0x03,0xFF,0xFF,0xFF,0xFF,0xF8,0x00,
    0x03,0xFF,0xFF,0xFF,0xFF,0xF8,0x00,
    0x03,0xFF,0xFF,0xFF,0xFF,0xFC,0x00,
    0x03,0xFF,0xFF,0xFF,0xFF,0xFE,0x00,
    0x07,0xFF,0xFC,0x07,0xFF,0xFE,0x00,
    0x07,0xFF,0xF0,0x01,0xFF,0xFF,0x00,
    0x07,0xFF,0xC0,0x00,0x7F,0xFF,0x00,
    0x07,0xFF,0x80,0x00,0x3F,0xFF,0x00,
    0x07,0xFF,0x80,0x00,0x3F,0xFF,0x80,
    0x00,0x00,0x00,0x00,0x1F,0xFF,0x80,
    0x00,0x00,0x00,0x00,0x0F,0xFF,0x80,
    0x00,0x00,0x00,0x00,0x0F,0xFF,0x80,
    0x00,0x00,0x00,0x00,0x0F,0xFF,0x80,
    0x00,0x00,0x00,0x00,0x0F,0xFF,0x80,
    0x00,0x00,0x00,0x00,0x0F,0xFF,0x80,
    0x00,0x00,0x00,0x00,0x07,0xFF,0x80,
    0x00,0x00,0x00,0x00,0x07,0xFF,0x80,
    0x00,0x00,0x00,0x00,0x0F,0xFF,0x80,
    0x1F,0xFE,0x00,0x00,0x0F,0xFF,0x80,
    0x1F,0xFF,0x00,0x00,0x0F,0xFF,0x80,
    0x1F,0xFF,0x00,0x00,0x0F,0xFF,0x80,
    0x1F,0xFF,0x00,0x00,0x1F,0xFF,0x80,
    0x1F,0xFF,0x80,0x00,0x1F,0xFF,0x00,
    0x1F,0xFF,0x80,0x00,0x3F,0xFF,0x00,
    0x1F,0xFF,0xC0,0x00,0x7F,0xFF,0x00,
    0x0F,0xFF,0xE0,0x00,0xFF,0xFE,0x00,
    0x0F,0xFF,0xF0,0x01,0xFF,0xFE,0x00,
    0x07,0xFF,0xFE,0x07,0xFF,0xFC,0x00,
    0x07,0xFF,0xFF,0xFF,0xFF,0xF8,0x00,
    0x03,0xFF,0xFF,0xFF,0xFF,0xF0,0x00,
    0x01,0xFF,0xFF,0xFF,0xFF,0xF0,0x00,
    0x00,0xFF,0xFF,0xFF,0xFF,0xE0,0x00,
    0x00,0x7F,0xFF,0xFF,0xFF,0xC0,0x00,
    0x00,0x3F,0xFF,0xFF,0xFF,0x00,0x00,
    0x00,0x0F,0xFF,0xFF,0xFE,0x00,0x00,
    0x00,0x07,0xFF,0xFF,0xF8,0x00,0x00,
    0x00,0x00,0xFF,0xFF,0xE0,0x00,0x00,
    0x00,0x00,0x0F,0xFF,0x00,0x00,0x00,
    0x00,0x00,0x00,0x00,0x00,0x00,0x00,
    0x00,0x00,0x00,0x00,0x00,0x00,0x00,
    0x00,0x00,0x00,0x00,0x00,0x00,0x00,
    0x00,0x00,0x00,0x00,0x00,0x00,0x00,
    0x00,0x00,0x00,0x00,0x00,0x00,0x00,
    0x00,0x00,0x00,0x00,0x00,0x00,0x00,
  },
{
    0x00,0x00,0x00,0x00,0x00,0x00,0x00,
    0x00,0x00,0x00,0x00,0x00,0x00,0x00,
    0x00,0x00,0x00,0x00,0x00,0x00,0x00,
    0x00,0x00,0x00,0x00,0x00,0x00,0x00,
    0x00,0x00,0x00,0x00,0x00,0x00,0x00,
    0x00,0x00,0x00,0x00,0x00,0x00,0x00,
    0x00,0x00,0x03,0xFF,0x00,0x00,0x00,
    0x00,0x00,0x3F,0xFF,0xF0,0x00,0x00,
    0x00,0x00,0x7F,0xFF,0xFC,0x00,0x00,
    0x00,0x01,0xFF,0xFF,0xFE,0x00,0x00,
    0x00,0x03,0xFF,0xFF,0xFF,0x80,0x00,
    0x00,0x0F,0xFF,0xFF,0xFF,0xC0,0x00,
    0x00,0x1F,0xFF,0xFF,0xFF,0xE0,0x00,
    0x00,0x1F,0xFF,0xFF,0xFF,0xE0,0x00,
    0x00,0x3F,0xFF,0xFF,0xFF,0xF0,0x00,
    0x00,0x7F,0xFF,0x07,0xFF,0xF8,0x00,
    0x00,0xFF,0xFC,0x01,0xFF,0xF8,0x00,
    0x00,0xFF,0xF8,0x00,0xFF,0xFC,0x00,
    0x01,0xFF,0xF0,0x00,0x7F,0xFC,0x00,
    0x01,0xFF,0xE0,0x00,0x3F,0xFC,0x00,
    0x03,0xFF,0xE0,0x00,0x3F,0xFE,0x00,
    0x03,0xFF,0xC0,0x00,0x1F,0xFE,0x00,
    0x07,0xFF,0xC0,0x00,0x1F,0xFE,0x00,
    0x07,0xFF,0x80,0x00,0x00,0x00,0x00,
    0x07,0xFF,0x80,0x00,0x00,0x00,0x00,
    0x0F,0xFF,0x80,0x00,0x00,0x00,0x00,
    0x0F,0xFF,0x00,0x00,0x00,0x00,0x00,
    0x0F,0xFF,0x00,0x00,0x00,0x00,0x00,
    0x0F,0xFF,0x00,0xFF,0xC0,0x00,0x00,
    0x0F,0xFF,0x07,0xFF,0xF8,0x00,0x00,
    0x1F,0xFF,0x1F,0xFF,0xFE,0x00,0x00,
    0x1F,0xFE,0x3F,0xFF,0xFF,0x00,0x00,
    0x1F,0xFE,0x7F,0xFF,0xFF,0xC0,0x00,
    0x1F,0xFE,0xFF,0xFF,0xFF,0xE0,0x00,
    0x1F,0xFF,0xFF,0xFF,0xFF,0xF0,0x00,
    0x1F,0xFF,0xFF,0xFF,0xFF,0xF0,0x00,
    0x1F,0xFF,0xFF,0xFF,0xFF,0xF8,0x00,
    0x1F,0xFF,0xFE,0x07,0xFF,0xFC,0x00,
    0x1F,0xFF,0xF8,0x01,0xFF,0xFC,0x00,
    0x1F,0xFF,0xF0,0x00,0xFF,0xFE,0x00,
    0x1F,0xFF,0xE0,0x00,0x7F,0xFE,0x00,
    0x1F,0xFF,0xC0,0x00,0x3F,0xFE,0x00,
    0x1F,0xFF,0xC0,0x00,0x3F,0xFF,0x00,
    0x1F,0xFF,0x80,0x00,0x1F,0xFF,0x00,
    0x1F,0xFF,0x80,0x00,0x1F,0xFF,0x00,
    0x1F,0xFF,0x80,0x00,0x1F,0xFF,0x00,
    0x1F,0xFF,0x00,0x00,0x1F,0xFF,0x00,
    0x1F,0xFF,0x00,0x00,0x1F,0xFF,0x00,
    0x0F,0xFF,0x00,0x00,0x1F,0xFF,0x00,
    0x0F,0xFF,0x00,0x00,0x1F,0xFF,0x00,
    0x0F,0xFF,0x00,0x00,0x1F,0xFF,0x00,
    0x0F,0xFF,0x80,0x00,0x1F,0xFF,0x00,
    0x0F,0xFF,0x80,0x00,0x1F,0xFF,0x00,
    0x07,0xFF,0x80,0x00,0x1F,0xFE,0x00,
    0x07,0xFF,0xC0,0x00,0x3F,0xFE,0x00,
    0x07,0xFF,0xC0,0x00,0x3F,0xFE,0x00,
    0x03,0xFF,0xE0,0x00,0x7F,0xFE,0x00,
    0x03,0xFF,0xF0,0x00,0xFF,0xFC,0x00,
    0x01,0xFF,0xF8,0x01,0xFF,0xFC,0x00,
    0x01,0xFF,0xFE,0x07,0xFF,0xF8,0x00,
    0x00,0xFF,0xFF,0xFF,0xFF,0xF8,0x00,
    0x00,0x7F,0xFF,0xFF,0xFF,0xF0,0x00,
    0x00,0x7F,0xFF,0xFF,0xFF,0xE0,0x00,
    0x00,0x3F,0xFF,0xFF,0xFF,0xC0,0x00,
    0x00,0x1F,0xFF,0xFF,0xFF,0x80,0x00,
    0x00,0x0F,0xFF,0xFF,0xFF,0x00,0x00,
    0x00,0x03,0xFF,0xFF,0xFE,0x00,0x00,
    0x00,0x01,0xFF,0xFF,0xF8,0x00,0x00,
    0x00,0x00,0x7F,0xFF,0xE0,0x00,0x00,
    0x00,0x00,0x07,0xFF,0x00,0x00,0x00,
    0x00,0x00,0x00,0x00,0x00,0x00,0x00,
    0x00,0x00,0x00,0x00,0x00,0x00,0x00,
    0x00,0x00,0x00,0x00,0x00,0x00,0x00,
    0x00,0x00,0x00,0x00,0x00,0x00,0x00,
    0x00,0x00,0x00,0x00,0x00,0x00,0x00,
    0x00,0x00,0x00,0x00,0x00,0x00,0x00,
  },
{
    0x00,0x00,0x00,0x00,0x00,0x00,0x00,
    0x00,0x00,0x00,0x00,0x00,0x00,0x00,
    0x00,0x00,0x00,0x00,0x00,0x00,0x00,
    0x00,0x00,0x00,0x00,0x00,0x00,0x00,
    0x00,0x00,0x00,0x00,0x00,0x00,0x00,
    0x00,0x00,0x00,0x00,0x00,0x00,0x00,
    0x0F,0xFF,0xFF,0xFF,0xFF,0xFF,0x00,
    0x0F,0xFF,0xFF,0xFF,0xFF,0xFF,0x00,
    0x0F,0xFF,0xFF,0xFF,0xFF,0xFF,0x00,
    0x0F,0xFF,0xFF,0xFF,0xFF,0xFF,0x00,
    0x0F,0xFF,0xFF,0xFF,0xFF,0xFF,0x00,
    0x0F,0xFF,0xFF,0xFF,0xFF,0xFF,0x00,
    0x0F,0xFF,0xFF,0xFF,0xFF,0xFF,0x00,
    0x0F,0xFF,0xFF,0xFF,0xFF,0xFF,0x00,
    0x0F,0xFF,0xFF,0xFF,0xFF,0xFF,0x00,
    0x0F,0xFF,0xFF,0xFF,0xFF,0xFF,0x00,
    0x0F,0xFF,0xFF,0xFF,0xFF,0xFF,0x00,
    0x0F,0xFF,0xFF,0xFF,0xFF,0xFE,0x00,
    0x00,0x00,0x00,0x00,0x3F,0xFC,0x00,
    0x00,0x00,0x00,0x00,0x7F,0xF8,0x00,
    0x00,0x00,0x00,0x00,0xFF,0xF0,0x00,
    0x00,0x00,0x00,0x01,0xFF,0xE0,0x00,
    0x00,0x00,0x00,0x01,0xFF,0xE0,0x00,
    0x00,0x00,0x00,0x03,0xFF,0xC0,0x00,
    0x00,0x00,0x00,0x07,0xFF,0x80,0x00,
    0x00,0x00,0x00,0x0F,0xFF,0x00,0x00,
    0x00,0x00,0x00,0x0F,0xFF,0x00,0x00,
    0x00,0x00,0x00,0x1F,0xFE,0x00,0x00,
    0x00,0x00,0x00,0x3F,0xFC,0x00,0x00,
    0x00,0x00,0x00,0x3F,0xFC,0x00,0x00,
    0x00,0x00,0x00,0x7F,0xF8,0x00,0x00,
    0x00,0x00,0x00,0x7F,0xF8,0x00,0x00,
    0x00,0x00,0x00,0xFF,0xF0,0x00,0x00,
    0x00,0x00,0x00,0xFF,0xF0,0x00,0x00,
    0x00,0x00,0x01,0xFF,0xE0,0x00,0x00,
    0x00,0x00,0x03,0xFF,0xE0,0x00,0x00,
    0x00,0x00,0x03,0xFF,0xC0,0x00,0x00,
    0x00,0x00,0x07,0xFF,0xC0,0x00,0x00,
    0x00,0x00,0x07,0xFF,0x80,0x00,0x00,
    0x00,0x00,0x07,0xFF,0x80,0x00,0x00,
    0x00,0x00,0x0F,0xFF,0x80,0x00,0x00,
    0x00,0x00,0x0F,0xFF,0x00,0x00,0x00,
    0x00,0x00,0x1F,0xFF,0x00,0x00,0x00,
    0x00,0x00,0x1F,0xFE,0x00,0x00,0x00,
    0x00,0x00,0x3F,0xFE,0x00,0x00,0x00,
    0x00,0x00,0x3F,0xFE,0x00,0x00,0x00,
    0x00,0x00,0x3F,0xFC,0x00,0x00,0x00,
    0x00,0x00,0x7F,0xFC,0x00,0x00,0x00,
    0x00,0x00,0x7F,0xFC,0x00,0x00,0x00,
    0x00,0x00,0x7F,0xFC,0x00,0x00,0x00,
    0x00,0x00,0xFF,0xF8,0x00,0x00,0x00,
    0x00,0x00,0xFF,0xF8,0x00,0x00,0x00,
    0x00,0x00,0xFF,0xF8,0x00,0x00,0x00,
    0x00,0x01,0xFF,0xF8,0x00,0x00,0x00,
    0x00,0x01,0xFF,0xF0,0x00,0x00,0x00,
    0x00,0x01,0xFF,0xF0,0x00,0x00,0x00,
    0x00,0x01,0xFF,0xF0,0x00,0x00,0x00,
    0x00,0x03,0xFF,0xF0,0x00,0x00,0x00,
    0x00,0x03,0xFF,0xF0,0x00,0x00,0x00,
    0x00,0x03,0xFF,0xF0,0x00,0x00,0x00,
    0x00,0x03,0xFF,0xE0,0x00,0x00,0x00,
    0x00,0x03,0xFF,0xE0,0x00,0x00,0x00,
    0x00,0x07,0xFF,0xE0,0x00,0x00,0x00,
    0x00,0x07,0xFF,0xE0,0x00,0x00,0x00,
    0x00,0x07,0xFF,0xE0,0x00,0x00,0x00,
    0x00,0x07,0xFF,0xE0,0x00,0x00,0x00,
    0x00,0x07,0xFF,0xE0,0x00,0x00,0x00,
    0x00,0x07,0xFF,0xE0,0x00,0x00,0x00,
    0x00,0x07,0xFF,0xE0,0x00,0x00,0x00,
    0x00,0x0F,0xFF,0xE0,0x00,0x00,0x00,
    0x00,0x00,0x00,0x00,0x00,0x00,0x00,
    0x00,0x00,0x00,0x00,0x00,0x00,0x00,
    0x00,0x00,0x00,0x00,0x00,0x00,0x00,
    0x00,0x00,0x00,0x00,0x00,0x00,0x00,
    0x00,0x00,0x00,0x00,0x00,0x00,0x00,
    0x00,0x00,0x00,0x00,0x00,0x00,0x00,
  },
{
    0x00,0x00,0x00,0x00,0x00,0x00,0x00,
    0x00,0x00,0x00,0x00,0x00,0x00,0x00,
    0x00,0x00,0x00,0x00,0x00,0x00,0x00,
    0x00,0x00,0x00,0x00,0x00,0x00,0x00,
    0x00,0x00,0x00,0x00,0x00,0x00,0x00,
    0x00,0x00,0x00,0x00,0x00,0x00,0x00,
    0x00,0x00,0x0F,0xFE,0x00,0x00,0x00,
    0x00,0x00,0xFF,0xFF,0xE0,0x00,0x00,
    0x00,0x03,0xFF,0xFF,0xF8,0x00,0x00,
    0x00,0x0F,0xFF,0xFF,0xFE,0x00,0x00,
    0x00,0x1F,0xFF,0xFF,0xFF,0x00,0x00,
    0x00,0x3F,0xFF,0xFF,0xFF,0x80,0x00,
    0x00,0x7F,0xFF,0xFF,0xFF,0xC0,0x00,
    0x00,0xFF,0xFF,0xFF,0xFF,0xE0,0x00,
    0x01,0xFF,0xFF,0xFF,0xFF,0xF0,0x00,
    0x01,0xFF,0xFE,0x07,0xFF,0xF0,0x00,
    0x03,0xFF,0xF0,0x01,0xFF,0xF8,0x00,
    0x03,0xFF,0xE0,0x00,0xFF,0xF8,0x00,
    0x07,0xFF,0xC0,0x00,0x7F,0xFC,0x00,
    0x07,0xFF,0x80,0x00,0x3F,0xFC,0x00,
    0x07,0xFF,0x80,0x00,0x3F,0xFC,0x00,
    0x07,0xFF,0x00,0x00,0x3F,0xFC,0x00,
    0x07,0xFF,0x00,0x00,0x1F,0xFC,0x00,
    0x07,0xFF,0x00,0x00,0x1F,0xFC,0x00,
    0x07,0xFF,0x00,0x00,0x1F,0xFC,0x00,
    0x07,0xFF,0x00,0x00,0x1F,0xFC,0x00,
    0x07,0xFF,0x80,0x00,0x3F,0xFC,0x00,
    0x07,0xFF,0x80,0x00,0x3F,0xF8,0x00,
    0x03,0xFF,0xC0,0x00,0x7F,0xF8,0x00,
    0x03,0xFF,0xE0,0x00,0xFF,0xF0,0x00,
    0x01,0xFF,0xF0,0x01,0xFF,0xF0,0x00,
    0x00,0xFF,0xFC,0x07,0xFF,0xE0,0x00,
    0x00,0x7F,0xFF,0xFF,0xFF,0xC0,0x00,
    0x00,0x3F,0xFF,0xFF,0xFF,0x80,0x00,
    0x00,0x0F,0xFF,0xFF,0xFE,0x00,0x00,
    0x00,0x07,0xFF,0xFF,0xFC,0x00,0x00,
    0x00,0x1F,0xFF,0xFF,0xFF,0x00,0x00,
    0x00,0x7F,0xFF,0xFF,0xFF,0xC0,0x00,
    0x01,0xFF,0xFF,0xFF,0xFF,0xF0,0x00,
    0x03,0xFF,0xFF,0xFF,0xFF,0xF8,0x00,
    0x07,0xFF,0xFC,0x07,0xFF,0xFC,0x00,
    0x07,0xFF,0xF0,0x01,0xFF,0xFC,0x00,
    0x0F,0xFF,0xC0,0x00,0x7F,0xFE,0x00,
    0x0F,0xFF,0x80,0x00,0x3F,0xFE,0x00,
    0x1F,0xFF,0x00,0x00,0x3F,0xFF,0x00,
    0x1F,0xFF,0x00,0x00,0x1F,0xFF,0x00,
    0x1F,0xFE,0x00,0x00,0x1F,0xFF,0x00,
    0x3F,0xFE,0x00,0x00,0x0F,0xFF,0x80,
    0x3F,0xFE,0x00,0x00,0x0F,0xFF,0x80,
    0x3F,0xFE,0x00,0x00,0x0F,0xFF,0x80,
    0x3F,0xFE,0x00,0x00,0x0F,0xFF,0x80,
    0x3F,0xFE,0x00,0x00,0x0F,0xFF,0x80,
    0x3F,0xFE,0x00,0x00,0x0F,0xFF,0x80,
    0x3F,0xFE,0x00,0x00,0x0F,0xFF,0x80,
    0x1F,0xFF,0x00,0x00,0x1F,0xFF,0x00,
    0x1F,0xFF,0x00,0x00,0x1F,0xFF,0x00,
    0x1F,0xFF,0x80,0x00,0x3F,0xFF,0x00,
    0x1F,0xFF,0xC0,0x00,0x3F,0xFF,0x00,
    0x0F,0xFF,0xE0,0x00,0x7F,0xFE,0x00,
    0x0F,0xFF,0xF0,0x01,0xFF,0xFE,0x00,
    0x07,0xFF,0xFE,0x07,0xFF,0xFC,0x00,
    0x03,0xFF,0xFF,0xFF,0xFF,0xF8,0x00,
    0x03,0xFF,0xFF,0xFF,0xFF,0xF0,0x00,
    0x01,0xFF,0xFF,0xFF,0xFF,0xF0,0x00,
    0x00,0xFF,0xFF,0xFF,0xFF,0xC0,0x00,
    0x00,0x3F,0xFF,0xFF,0xFF,0x80,0x00,
    0x00,0x1F,0xFF,0xFF,0xFF,0x00,0x00,
    0x00,0x07,0xFF,0xFF,0xFC,0x00,0x00,
    0x00,0x01,0xFF,0xFF,0xE0,0x00,0x00,
    0x00,0x00,0x1F,0xFE,0x00,0x00,0x00,
    0x00,0x00,0x00,0x00,0x00,0x00,0x00,
    0x00,0x00,0x00,0x00,0x00,0x00,0x00,
    0x00,0x00,0x00,0x00,0x00,0x00,0x00,
    0x00,0x00,0x00,0x00,0x00,0x00,0x00,
    0x00,0x00,0x00,0x00,0x00,0x00,0x00,
    0x00,0x00,0x00,0x00,0x00,0x00,0x00,
  },
{
    0x00,0x00,0x00,0x00,0x00,0x00,0x00,
    0x00,0x00,0x00,0x00,0x00,0x00,0x00,
    0x00,0x00,0x00,0x00,0x00,0x00,0x00,
    0x00,0x00,0x00,0x00,0x00,0x00,0x00,
    0x00,0x00,0x00,0x00,0x00,0x00,0x00,
    0x00,0x00,0x00,0x00,0x00,0x00,0x00,
    0x00,0x00,0x0F,0xFC,0x00,0x00,0x00,
    0x00,0x00,0xFF,0xFF,0xC0,0x00,0x00,
    0x00,0x03,0xFF,0xFF,0xF0,0x00,0x00,
    0x00,0x07,0xFF,0xFF,0xFC,0x00,0x00,
    0x00,0x1F,0xFF,0xFF,0xFE,0x00,0x00,
    0x00,0x3F,0xFF,0xFF,0xFF,0x00,0x00,
    0x00,0x7F,0xFF,0xFF,0xFF,0x80,0x00,
    0x00,0xFF,0xFF,0xFF,0xFF,0xC0,0x00,
    0x01,0xFF,0xFF,0xFF,0xFF,0xE0,0x00,
    0x01,0xFF,0xFF,0xFF,0xFF,0xE0,0x00,
    0x03,0xFF,0xFC,0x0F,0xFF,0xF0,0x00,
    0x07,0xFF,0xF0,0x03,0xFF,0xF8,0x00,
    0x07,0xFF,0xE0,0x01,0xFF,0xF8,0x00,
    0x0F,0xFF,0xC0,0x00,0xFF,0xFC,0x00,
    0x0F,0xFF,0x80,0x00,0x7F,0xFC,0x00,
    0x0F,0xFF,0x80,0x00,0x3F,0xFC,0x00,
    0x0F,0xFF,0x00,0x00,0x3F,0xFE,0x00,
    0x1F,0xFF,0x00,0x00,0x3F,0xFE,0x00,
    0x1F,0xFF,0x00,0x00,0x1F,0xFE,0x00,
    0x1F,0xFF,0x00,0x00,0x1F,0xFE,0x00,
    0x1F,0xFF,0x00,0x00,0x1F,0xFF,0x00,
    0x1F,0xFF,0x00,0x00,0x1F,0xFF,0x00,
    0x1F,0xFF,0x00,0x00,0x1F,0xFF,0x00,
    0x1F,0xFF,0x00,0x00,0x1F,0xFF,0x00,
    0x1F,0xFF,0x00,0x00,0x1F,0xFF,0x00,
    0x1F,0xFF,0x00,0x00,0x3F,0xFF,0x00,
    0x1F,0xFF,0x00,0x00,0x3F,0xFF,0x00,
    0x1F,0xFF,0x80,0x00,0x3F,0xFF,0x80,
    0x0F,0xFF,0x80,0x00,0x7F,0xFF,0x80,
    0x0F,0xFF,0xC0,0x00,0x7F,0xFF,0x80,
    0x0F,0xFF,0xE0,0x00,0xFF,0xFF,0x80,
    0x0F,0xFF,0xF0,0x03,0xFF,0xFF,0x80,
    0x07,0xFF,0xFC,0x0F,0xFF,0xFF,0x80,
    0x07,0xFF,0xFF,0xFF,0xFF,0xFF,0x80,
    0x03,0xFF,0xFF,0xFF,0xFF,0xFF,0x80,
    0x01,0xFF,0xFF,0xFF,0xFF,0xFF,0x80,
    0x00,0xFF,0xFF,0xFF,0xFF,0xFF,0x00,
    0x00,0x7F,0xFF,0xFF,0xEF,0xFF,0x00,
    0x00,0x3F,0xFF,0xFF,0xCF,0xFF,0x00,
    0x00,0x1F,0xFF,0xFF,0x8F,0xFF,0x00,
    0x00,0x07,0xFF,0xFF,0x0F,0xFF,0x00,
    0x00,0x01,0xFF,0xFC,0x1F,0xFF,0x00,
    0x00,0x00,0x3F,0xE0,0x1F,0xFE,0x00,
    0x00,0x00,0x00,0x00,0x1F,0xFE,0x00,
    0x00,0x00,0x00,0x00,0x1F,0xFE,0x00,
    0x00,0x00,0x00,0x00,0x3F,0xFE,0x00,
    0x00,0x00,0x00,0x00,0x3F,0xFC,0x00,
    0x0F,0xFF,0x00,0x00,0x3F,0xFC,0x00,
    0x0F,0xFF,0x00,0x00,0x7F,0xFC,0x00,
    0x0F,0xFF,0x80,0x00,0x7F,0xF8,0x00,
    0x07,0xFF,0x80,0x00,0xFF,0xF8,0x00,
    0x07,0xFF,0xC0,0x01,0xFF,0xF0,0x00,
    0x07,0xFF,0xE0,0x03,0xFF,0xF0,0x00,
    0x03,0xFF,0xF0,0x07,0xFF,0xE0,0x00,
    0x03,0xFF,0xFC,0x1F,0xFF,0xC0,0x00,
    0x01,0xFF,0xFF,0xFF,0xFF,0xC0,0x00,
    0x00,0xFF,0xFF,0xFF,0xFF,0x80,0x00,
    0x00,0xFF,0xFF,0xFF,0xFF,0x00,0x00,
    0x00,0x7F,0xFF,0xFF,0xFE,0x00,0x00,
    0x00,0x3F,0xFF,0xFF,0xFC,0x00,0x00,
    0x00,0x0F,0xFF,0xFF,0xF0,0x00,0x00,
    0x00,0x07,0xFF,0xFF,0xE0,0x00,0x00,
    0x00,0x01,0xFF,0xFF,0x80,0x00,0x00,
    0x00,0x00,0x1F,0xFC,0x00,0x00,0x00,
    0x00,0x00,0x00,0x00,0x00,0x00,0x00,
    0x00,0x00,0x00,0x00,0x00,0x00,0x00,
    0x00,0x00,0x00,0x00,0x00,0x00,0x00,
    0x00,0x00,0x00,0x00,0x00,0x00,0x00,
    0x00,0x00,0x00,0x00,0x00,0x00,0x00,
    0x00,0x00,0x00,0x00,0x00,0x00,0x00,
  }
};

// ---- c32：年月日星期一二三四五六已过今天节未至 @ 32x32 ----
static const uint32_t cal_font_c32_cps[18] = { 0x5E74, 0x6708, 0x65E5, 0x661F, 0x671F, 0x4E00, 0x4E8C, 0x4E09, 0x56DB, 0x4E94, 0x516D, 0x5DF2, 0x8FC7, 0x4ECA, 0x5929, 0x8282, 0x672A, 0x81F3 };
static const uint8_t cal_font_c32_rows[18][128] = {
  {
    0x00,0x00,0x00,0x00,
    0x00,0x40,0x00,0x00,
    0x00,0x70,0x00,0x00,
    0x00,0xF0,0x00,0x00,
    0x00,0xF0,0x00,0x00,
    0x01,0xFF,0xFF,0xF0,
    0x01,0xFF,0xFF,0xF0,
    0x03,0xFF,0xFF,0xF0,
    0x07,0x80,0xE0,0x00,
    0x0F,0x80,0xE0,0x00,
    0x1F,0x00,0xE0,0x00,
    0x1E,0x00,0xE0,0x00,
    0x1D,0xFF,0xFF,0xE0,
    0x09,0xFF,0xFF,0xE0,
    0x01,0xFF,0xFF,0xE0,
    0x01,0xE0,0xE0,0x00,
    0x01,0xE0,0xE0,0x00,
    0x01,0xE0,0xE0,0x00,
    0x01,0xE0,0xE0,0x00,
    0x01,0xE0,0xE0,0x00,
    0x3F,0xFF,0xFF,0xF8,
    0x3F,0xFF,0xFF,0xF8,
    0x3F,0xFF,0xFF,0xF8,
    0x00,0x00,0xE0,0x00,
    0x00,0x00,0xE0,0x00,
    0x00,0x00,0xE0,0x00,
    0x00,0x00,0xE0,0x00,
    0x00,0x00,0xE0,0x00,
    0x00,0x00,0xE0,0x00,
    0x00,0x00,0xE0,0x00,
    0x00,0x00,0x00,0x00,
    0x00,0x00,0x00,0x00,
  },
{
    0x00,0x00,0x00,0x00,
    0x00,0x00,0x00,0x00,
    0x00,0xFF,0xFF,0xF0,
    0x00,0xFF,0xFF,0xF0,
    0x00,0xFF,0xFF,0xF0,
    0x00,0xF0,0x00,0xF0,
    0x00,0xF0,0x00,0xF0,
    0x00,0xF0,0x00,0xF0,
    0x00,0xF0,0x00,0xF0,
    0x00,0xF0,0x00,0xF0,
    0x00,0xFF,0xFF,0xF0,
    0x00,0xFF,0xFF,0xF0,
    0x00,0xFF,0xFF,0xF0,
    0x00,0xF0,0x00,0xF0,
    0x00,0xF0,0x00,0xF0,
    0x00,0xE0,0x00,0xF0,
    0x00,0xE0,0x00,0xF0,
    0x00,0xFF,0xFF,0xF0,
    0x01,0xFF,0xFF,0xF0,
    0x01,0xFF,0xFF,0xF0,
    0x01,0xE0,0x00,0xF0,
    0x01,0xE0,0x00,0xF0,
    0x03,0xE0,0x00,0xF0,
    0x03,0xC0,0x00,0xF0,
    0x03,0xC0,0x00,0xF0,
    0x07,0x80,0x00,0xF0,
    0x0F,0x80,0x10,0xF0,
    0x0F,0x80,0x1F,0xF0,
    0x07,0x00,0x1F,0xF0,
    0x02,0x00,0x1F,0xE0,
    0x00,0x00,0x00,0x00,
    0x00,0x00,0x00,0x00,
  },
{
    0x00,0x00,0x00,0x00,
    0x0F,0xFF,0xFF,0xE0,
    0x0F,0xFF,0xFF,0xE0,
    0x0F,0xFF,0xFF,0xE0,
    0x0F,0xFF,0xFF,0xE0,
    0x0F,0x00,0x01,0xE0,
    0x0F,0x00,0x01,0xE0,
    0x0F,0x00,0x01,0xE0,
    0x0F,0x00,0x01,0xE0,
    0x0F,0x00,0x01,0xE0,
    0x0F,0x00,0x01,0xE0,
    0x0F,0x00,0x01,0xE0,
    0x0F,0x00,0x01,0xE0,
    0x0F,0xFF,0xFF,0xE0,
    0x0F,0xFF,0xFF,0xE0,
    0x0F,0xFF,0xFF,0xE0,
    0x0F,0xFF,0xFF,0xE0,
    0x0F,0x00,0x01,0xE0,
    0x0F,0x00,0x01,0xE0,
    0x0F,0x00,0x01,0xE0,
    0x0F,0x00,0x01,0xE0,
    0x0F,0x00,0x01,0xE0,
    0x0F,0x00,0x01,0xE0,
    0x0F,0x00,0x01,0xE0,
    0x0F,0x00,0x01,0xE0,
    0x0F,0xFF,0xFF,0xE0,
    0x0F,0xFF,0xFF,0xE0,
    0x0F,0xFF,0xFF,0xE0,
    0x0F,0xFF,0xFF,0xE0,
    0x0F,0x00,0x01,0xE0,
    0x0F,0x00,0x01,0xE0,
    0x00,0x00,0x00,0x00,
  },
{
    0x00,0x00,0x00,0x00,
    0x00,0x00,0x00,0x00,
    0x07,0xFF,0xFF,0xE0,
    0x07,0xFF,0xFF,0xE0,
    0x07,0xFF,0xFF,0xE0,
    0x07,0x00,0x00,0xE0,
    0x07,0x00,0x00,0xE0,
    0x07,0xFF,0xFF,0xE0,
    0x07,0xFF,0xFF,0xE0,
    0x07,0xFF,0xFF,0xE0,
    0x07,0x00,0x00,0xE0,
    0x07,0xFF,0xFF,0xE0,
    0x07,0xFF,0xFF,0xE0,
    0x07,0xFF,0xFF,0xE0,
    0x01,0x83,0xC0,0x00,
    0x03,0xC3,0xC0,0x00,
    0x03,0xC3,0xC0,0x00,
    0x07,0xFF,0xFF,0xF8,
    0x0F,0xFF,0xFF,0xF8,
    0x1F,0xFF,0xFF,0xF8,
    0x3E,0x03,0xC0,0x00,
    0x7C,0x03,0xC0,0x00,
    0x3B,0xFF,0xFF,0xE0,
    0x13,0xFF,0xFF,0xE0,
    0x03,0xFF,0xFF,0xE0,
    0x00,0x03,0xC0,0x00,
    0x00,0x03,0xC0,0x00,
    0x7F,0xFF,0xFF,0xFC,
    0x7F,0xFF,0xFF,0xFC,
    0x7F,0xFF,0xFF,0xFC,
    0x00,0x00,0x00,0x00,
    0x00,0x00,0x00,0x00,
  },
{
    0x00,0x00,0x00,0x00,
    0x07,0x0F,0x00,0x00,
    0x07,0x0F,0x3F,0xFC,
    0x07,0x0F,0x3F,0xFC,
    0x3F,0xFF,0xFF,0xFC,
    0x3F,0xFF,0xDC,0x3C,
    0x3F,0xFF,0xDC,0x3C,
    0x07,0x0F,0x1C,0x3C,
    0x07,0x0F,0x3C,0x3C,
    0x07,0xFF,0x3C,0x3C,
    0x07,0xFF,0x3F,0xFC,
    0x07,0xFF,0x3F,0xFC,
    0x07,0x0F,0x3F,0xFC,
    0x07,0x0F,0x3C,0x3C,
    0x07,0xFF,0x3C,0x3C,
    0x07,0xFF,0x3C,0x3C,
    0x07,0xFF,0x3C,0x3C,
    0x07,0x0F,0x3F,0xFC,
    0x07,0x0F,0x3F,0xFC,
    0x07,0x0F,0x3F,0xFC,
    0x3F,0xFF,0xB8,0x3C,
    0x3F,0xFF,0xB8,0x3C,
    0x3F,0xFF,0xF8,0x3C,
    0x02,0x08,0x38,0x3C,
    0x03,0x9C,0x78,0x3C,
    0x07,0x9E,0x70,0x3C,
    0x0F,0x0F,0xF0,0x3C,
    0x1F,0x07,0xF1,0xFC,
    0x1E,0x04,0xE1,0xF8,
    0x0C,0x00,0x61,0xF8,
    0x00,0x00,0x00,0x00,
    0x00,0x00,0x00,0x00,
  },
{
    0x00,0x00,0x00,0x00,
    0x00,0x00,0x00,0x00,
    0x00,0x00,0x00,0x00,
    0x00,0x00,0x00,0x00,
    0x00,0x00,0x00,0x00,
    0x00,0x00,0x00,0x00,
    0x00,0x00,0x00,0x00,
    0x00,0x00,0x00,0x00,
    0x00,0x00,0x00,0x00,
    0x00,0x00,0x00,0x00,
    0x00,0x00,0x00,0x00,
    0x00,0x00,0x00,0x00,
    0x00,0x00,0x00,0x00,
    0x00,0x00,0x00,0x00,
    0x7F,0xFF,0xFF,0xFE,
    0x7F,0xFF,0xFF,0xFE,
    0x7F,0xFF,0xFF,0xFE,
    0x7F,0xFF,0xFF,0xFE,
    0x00,0x00,0x00,0x00,
    0x00,0x00,0x00,0x00,
    0x00,0x00,0x00,0x00,
    0x00,0x00,0x00,0x00,
    0x00,0x00,0x00,0x00,
    0x00,0x00,0x00,0x00,
    0x00,0x00,0x00,0x00,
    0x00,0x00,0x00,0x00,
    0x00,0x00,0x00,0x00,
    0x00,0x00,0x00,0x00,
    0x00,0x00,0x00,0x00,
    0x00,0x00,0x00,0x00,
    0x00,0x00,0x00,0x00,
    0x00,0x00,0x00,0x00,
  },
{
    0x00,0x00,0x00,0x00,
    0x00,0x00,0x00,0x00,
    0x00,0x00,0x00,0x00,
    0x1F,0xFF,0xFF,0xF0,
    0x1F,0xFF,0xFF,0xF0,
    0x1F,0xFF,0xFF,0xF0,
    0x1F,0xFF,0xFF,0xF0,
    0x00,0x00,0x00,0x00,
    0x00,0x00,0x00,0x00,
    0x00,0x00,0x00,0x00,
    0x00,0x00,0x00,0x00,
    0x00,0x00,0x00,0x00,
    0x00,0x00,0x00,0x00,
    0x00,0x00,0x00,0x00,
    0x00,0x00,0x00,0x00,
    0x00,0x00,0x00,0x00,
    0x00,0x00,0x00,0x00,
    0x00,0x00,0x00,0x00,
    0x00,0x00,0x00,0x00,
    0x00,0x00,0x00,0x00,
    0x00,0x00,0x00,0x00,
    0x00,0x00,0x00,0x00,
    0x00,0x00,0x00,0x00,
    0x00,0x00,0x00,0x00,
    0x00,0x00,0x00,0x00,
    0xFF,0xFF,0xFF,0xFF,
    0xFF,0xFF,0xFF,0xFF,
    0xFF,0xFF,0xFF,0xFF,
    0xFF,0xFF,0xFF,0xFF,
    0x00,0x00,0x00,0x00,
    0x00,0x00,0x00,0x00,
    0x00,0x00,0x00,0x00,
  },
{
    0x00,0x00,0x00,0x00,
    0x00,0x00,0x00,0x00,
    0x1F,0xFF,0xFF,0xF8,
    0x1F,0xFF,0xFF,0xF8,
    0x1F,0xFF,0xFF,0xF8,
    0x1F,0xFF,0xFF,0xF8,
    0x00,0x00,0x00,0x00,
    0x00,0x00,0x00,0x00,
    0x00,0x00,0x00,0x00,
    0x00,0x00,0x00,0x00,
    0x00,0x00,0x00,0x00,
    0x00,0x00,0x00,0x00,
    0x00,0x00,0x00,0x00,
    0x07,0xFF,0xFF,0xE0,
    0x07,0xFF,0xFF,0xE0,
    0x07,0xFF,0xFF,0xE0,
    0x07,0xFF,0xFF,0xE0,
    0x00,0x00,0x00,0x00,
    0x00,0x00,0x00,0x00,
    0x00,0x00,0x00,0x00,
    0x00,0x00,0x00,0x00,
    0x00,0x00,0x00,0x00,
    0x00,0x00,0x00,0x00,
    0x00,0x00,0x00,0x00,
    0x00,0x00,0x00,0x00,
    0x00,0x00,0x00,0x00,
    0x7F,0xFF,0xFF,0xFE,
    0x7F,0xFF,0xFF,0xFE,
    0x7F,0xFF,0xFF,0xFE,
    0x7F,0xFF,0xFF,0xFE,
    0x00,0x00,0x00,0x00,
    0x00,0x00,0x00,0x00,
  },
{
    0x00,0x00,0x00,0x00,
    0x00,0x00,0x00,0x00,
    0x7F,0xFF,0xFF,0xFC,
    0x7F,0xFF,0xFF,0xFC,
    0x7F,0xFF,0xFF,0xFC,
    0x7C,0x3C,0xF8,0x3C,
    0x78,0x3C,0x70,0x3C,
    0x78,0x3C,0x70,0x3C,
    0x78,0x3C,0x70,0x3C,
    0x78,0x38,0x70,0x3C,
    0x78,0x38,0x70,0x3C,
    0x78,0x38,0x70,0x3C,
    0x78,0x78,0x70,0x3C,
    0x78,0x78,0x70,0x3C,
    0x78,0x78,0x70,0x3C,
    0x78,0xF0,0x70,0x3C,
    0x79,0xF0,0x78,0xBC,
    0x7B,0xE0,0x7F,0xBC,
    0x7F,0xE0,0x7F,0xBC,
    0x7F,0xC0,0x3F,0xBC,
    0x7B,0x80,0x00,0x3C,
    0x79,0x00,0x00,0x3C,
    0x78,0x00,0x00,0x3C,
    0x78,0x00,0x00,0x3C,
    0x78,0x00,0x00,0x3C,
    0x7F,0xFF,0xFF,0xFC,
    0x7F,0xFF,0xFF,0xFC,
    0x7F,0xFF,0xFF,0xFC,
    0x7C,0x00,0x00,0x3C,
    0x78,0x00,0x00,0x3C,
    0x00,0x00,0x00,0x00,
    0x00,0x00,0x00,0x00,
  },
{
    0x00,0x00,0x00,0x00,
    0x1F,0xFF,0xFF,0xFC,
    0x3F,0xFF,0xFF,0xFC,
    0x3F,0xFF,0xFF,0xFC,
    0x3F,0xFF,0xFF,0xFC,
    0x00,0x0F,0x80,0x00,
    0x00,0x0F,0x00,0x00,
    0x00,0x0F,0x00,0x00,
    0x00,0x0F,0x00,0x00,
    0x00,0x0F,0x00,0x00,
    0x00,0x0F,0x00,0x00,
    0x00,0x0F,0x00,0x00,
    0x0F,0xFF,0xFF,0xC0,
    0x0F,0xFF,0xFF,0xC0,
    0x0F,0xFF,0xFF,0xC0,
    0x07,0xFF,0xFF,0xC0,
    0x00,0x1E,0x03,0xC0,
    0x00,0x3C,0x03,0xC0,
    0x00,0x3C,0x03,0xC0,
    0x00,0x3C,0x03,0xC0,
    0x00,0x3C,0x03,0xC0,
    0x00,0x78,0x03,0xC0,
    0x00,0x78,0x03,0xC0,
    0x00,0x78,0x03,0xC0,
    0x00,0x78,0x03,0xC0,
    0x00,0xF0,0x03,0xC0,
    0x00,0xF0,0x03,0xC0,
    0x7F,0xFF,0xFF,0xFE,
    0x7F,0xFF,0xFF,0xFE,
    0x7F,0xFF,0xFF,0xFE,
    0x7F,0xFF,0xFF,0xFE,
    0x00,0x00,0x00,0x00,
  },
{
    0x00,0x00,0x00,0x00,
    0x00,0x00,0x00,0x00,
    0x00,0x06,0x00,0x00,
    0x00,0x1F,0x00,0x00,
    0x00,0x0F,0x00,0x00,
    0x00,0x07,0x80,0x00,
    0x00,0x07,0x80,0x00,
    0x00,0x03,0xC0,0x00,
    0x3F,0xFF,0xFF,0xF8,
    0x3F,0xFF,0xFF,0xF8,
    0x3F,0xFF,0xFF,0xF8,
    0x3F,0xFF,0xFF,0xF8,
    0x00,0x00,0x00,0x00,
    0x00,0x00,0x00,0x00,
    0x00,0x40,0x04,0x00,
    0x00,0xF0,0x1E,0x00,
    0x00,0xF0,0x1E,0x00,
    0x00,0xF0,0x1F,0x00,
    0x01,0xF0,0x0F,0x00,
    0x01,0xE0,0x0F,0x80,
    0x01,0xE0,0x07,0x80,
    0x03,0xC0,0x07,0xC0,
    0x07,0xC0,0x03,0xC0,
    0x07,0x80,0x03,0xE0,
    0x0F,0x80,0x01,0xE0,
    0x0F,0x00,0x01,0xF0,
    0x1F,0x00,0x00,0xF0,
    0x3E,0x00,0x00,0xF0,
    0x7C,0x00,0x00,0xF8,
    0x38,0x00,0x00,0x70,
    0x08,0x00,0x00,0x40,
    0x00,0x00,0x00,0x00,
  },
{
    0x00,0x00,0x00,0x00,
    0x3F,0xFF,0xFF,0xE0,
    0x3F,0xFF,0xFF,0xE0,
    0x3F,0xFF,0xFF,0xE0,
    0x3F,0xFF,0xFF,0xE0,
    0x00,0x00,0x01,0xE0,
    0x00,0x00,0x01,0xE0,
    0x3E,0x00,0x01,0xE0,
    0x1E,0x00,0x01,0xE0,
    0x1E,0x00,0x01,0xE0,
    0x1E,0x00,0x01,0xE0,
    0x1E,0x00,0x01,0xE0,
    0x1E,0x00,0x01,0xE0,
    0x1F,0xFF,0xFF,0xE0,
    0x1F,0xFF,0xFF,0xE0,
    0x1F,0xFF,0xFF,0xE0,
    0x1F,0xFF,0xFF,0xE0,
    0x1E,0x00,0x00,0x00,
    0x1E,0x00,0x00,0x00,
    0x1E,0x00,0x00,0x00,
    0x1E,0x00,0x00,0x00,
    0x1E,0x00,0x00,0x30,
    0x1E,0x00,0x00,0x3C,
    0x1E,0x00,0x00,0x3C,
    0x1E,0x00,0x00,0x3C,
    0x1E,0x00,0x00,0x3C,
    0x1E,0x00,0x00,0x7C,
    0x1F,0xFF,0xFF,0xF8,
    0x1F,0xFF,0xFF,0xF8,
    0x0F,0xFF,0xFF,0xF0,
    0x03,0xFF,0xFF,0xC0,
    0x00,0x00,0x00,0x00,
  },
{
    0x00,0x00,0x00,0x00,
    0x00,0x00,0x00,0x00,
    0x00,0x00,0x03,0x80,
    0x0C,0x00,0x03,0x80,
    0x1E,0x00,0x03,0x80,
    0x0F,0x00,0x03,0x80,
    0x0F,0x80,0x03,0x80,
    0x07,0xDF,0xFF,0xF8,
    0x03,0xDF,0xFF,0xF8,
    0x01,0x9F,0xFF,0xF8,
    0x00,0x00,0x03,0x80,
    0x00,0x00,0x03,0x80,
    0x00,0x06,0x03,0x80,
    0x00,0x0F,0x03,0x80,
    0x3F,0xCF,0x03,0x80,
    0x3F,0xC7,0x83,0x80,
    0x3F,0xC3,0xC3,0x80,
    0x03,0xC3,0xE3,0x80,
    0x03,0xC1,0xC3,0x80,
    0x03,0xC1,0x83,0x80,
    0x03,0xC0,0x03,0x80,
    0x03,0xC0,0x07,0x80,
    0x03,0xC0,0xFF,0x80,
    0x03,0xC0,0x7F,0x80,
    0x07,0xC0,0x7F,0x00,
    0x0F,0xF0,0x00,0x00,
    0x1F,0xFC,0x00,0x1C,
    0x3E,0x7F,0xFF,0xFC,
    0x1C,0x3F,0xFF,0xFC,
    0x18,0x0F,0xFF,0xFC,
    0x00,0x00,0x00,0x00,
    0x00,0x00,0x00,0x00,
  },
{
    0x00,0x00,0x00,0x00,
    0x00,0x03,0x00,0x00,
    0x00,0x03,0xC0,0x00,
    0x00,0x07,0xC0,0x00,
    0x00,0x0F,0xE0,0x00,
    0x00,0x0F,0xF0,0x00,
    0x00,0x1E,0xF8,0x00,
    0x00,0x3E,0x7C,0x00,
    0x00,0xFC,0x3F,0x00,
    0x01,0xF8,0x1F,0x80,
    0x07,0xE6,0x0F,0xE0,
    0x0F,0xCF,0x87,0xF8,
    0x3F,0x8F,0xE1,0xFC,
    0x3F,0x07,0xF8,0xFC,
    0x1C,0x00,0xF0,0x38,
    0x10,0x00,0x30,0x08,
    0x00,0x00,0x00,0x00,
    0x07,0xFF,0xFF,0xC0,
    0x07,0xFF,0xFF,0xE0,
    0x07,0xFF,0xFF,0xE0,
    0x00,0x00,0x03,0xC0,
    0x00,0x00,0x07,0x80,
    0x00,0x00,0x0F,0x80,
    0x00,0x00,0x1F,0x00,
    0x00,0x00,0x1E,0x00,
    0x00,0x00,0x3C,0x00,
    0x00,0x00,0x7C,0x00,
    0x00,0x00,0xF8,0x00,
    0x00,0x01,0xF0,0x00,
    0x00,0x00,0xE0,0x00,
    0x00,0x00,0x20,0x00,
    0x00,0x00,0x00,0x00,
  },
{
    0x00,0x00,0x00,0x00,
    0x00,0x00,0x00,0x00,
    0x3F,0xFF,0xFF,0xF8,
    0x3F,0xFF,0xFF,0xF8,
    0x3F,0xFF,0xFF,0xF8,
    0x00,0x07,0x80,0x00,
    0x00,0x07,0x80,0x00,
    0x00,0x07,0x80,0x00,
    0x00,0x07,0x80,0x00,
    0x00,0x07,0x80,0x00,
    0x00,0x07,0x80,0x00,
    0x7F,0xFF,0xFF,0xFC,
    0x7F,0xFF,0xFF,0xFC,
    0x7F,0xFF,0xFF,0xFC,
    0x40,0x0F,0xC0,0x04,
    0x00,0x0F,0xC0,0x00,
    0x00,0x0F,0xE0,0x00,
    0x00,0x1F,0xE0,0x00,
    0x00,0x1E,0xF0,0x00,
    0x00,0x3E,0xF0,0x00,
    0x00,0x3C,0x78,0x00,
    0x00,0x7C,0x7C,0x00,
    0x00,0xF8,0x3E,0x00,
    0x01,0xF0,0x1F,0x00,
    0x03,0xF0,0x0F,0xC0,
    0x0F,0xE0,0x07,0xE0,
    0x7F,0x80,0x03,0xFC,
    0xFF,0x00,0x01,0xFE,
    0x7E,0x00,0x00,0xFC,
    0x38,0x00,0x00,0x38,
    0x20,0x00,0x00,0x08,
    0x00,0x00,0x00,0x00,
  },
{
    0x00,0x00,0x00,0x00,
    0x00,0x70,0x3C,0x00,
    0x00,0x70,0x3C,0x00,
    0x00,0x70,0x3C,0x00,
    0x7F,0xFF,0xFF,0xF8,
    0x7F,0xFF,0xFF,0xF8,
    0x7F,0xFF,0xFF,0xF8,
    0x00,0x70,0x3C,0x00,
    0x00,0x70,0x3C,0x00,
    0x00,0x70,0x18,0x00,
    0x00,0x00,0x00,0x00,
    0x1F,0xFF,0xFF,0xE0,
    0x1F,0xFF,0xFF,0xE0,
    0x1F,0xFF,0xFF,0xE0,
    0x00,0x3C,0x01,0xE0,
    0x00,0x3C,0x01,0xE0,
    0x00,0x3C,0x01,0xE0,
    0x00,0x3C,0x01,0xE0,
    0x00,0x3C,0x01,0xE0,
    0x00,0x3C,0x01,0xE0,
    0x00,0x3C,0x01,0xE0,
    0x00,0x3C,0x01,0xE0,
    0x00,0x3C,0x01,0xE0,
    0x00,0x3C,0x3F,0xE0,
    0x00,0x3C,0x3F,0xE0,
    0x00,0x3C,0x3F,0xC0,
    0x00,0x3C,0x00,0x00,
    0x00,0x3C,0x00,0x00,
    0x00,0x3C,0x00,0x00,
    0x00,0x3C,0x00,0x00,
    0x00,0x3C,0x00,0x00,
    0x00,0x00,0x00,0x00,
  },
{
    0x00,0x00,0x00,0x00,
    0x00,0x00,0x00,0x00,
    0x00,0x03,0x80,0x00,
    0x00,0x03,0x80,0x00,
    0x00,0x03,0x80,0x00,
    0x00,0x03,0x80,0x00,
    0x0F,0xFF,0xFF,0xF0,
    0x0F,0xFF,0xFF,0xF0,
    0x0F,0xFF,0xFF,0xF0,
    0x00,0x03,0x80,0x00,
    0x00,0x03,0x80,0x00,
    0x00,0x03,0x80,0x00,
    0x00,0x03,0x80,0x00,
    0x1F,0xFF,0xFF,0xF8,
    0x1F,0xFF,0xFF,0xF8,
    0x1F,0xFF,0xFF,0xF8,
    0x00,0x0F,0xE0,0x00,
    0x00,0x1F,0xF0,0x00,
    0x00,0x1F,0xF8,0x00,
    0x00,0x3F,0xFC,0x00,
    0x00,0x7B,0xBE,0x00,
    0x00,0xF3,0x9F,0x00,
    0x03,0xE3,0x8F,0x80,
    0x07,0xE3,0x87,0xC0,
    0x0F,0xC3,0x83,0xF0,
    0x3F,0x03,0x81,0xFC,
    0x3E,0x03,0x80,0xF8,
    0x1C,0x03,0x80,0x38,
    0x00,0x03,0xC0,0x10,
    0x00,0x03,0xC0,0x00,
    0x00,0x00,0x00,0x00,
    0x00,0x00,0x00,0x00,
  },
{
    0x00,0x00,0x00,0x00,
    0x00,0x00,0x00,0x00,
    0x3F,0xFF,0xFF,0xFC,
    0x3F,0xFF,0xFF,0xFC,
    0x3F,0xFF,0xFF,0xFC,
    0x00,0x3E,0x00,0x00,
    0x00,0x3C,0x04,0x00,
    0x00,0x78,0x1F,0x00,
    0x00,0xF8,0x0F,0x80,
    0x01,0xF0,0x07,0xC0,
    0x03,0xE0,0x07,0xC0,
    0x0F,0xFF,0xFF,0xE0,
    0x0F,0xFF,0xFF,0xF0,
    0x0F,0xFF,0xFF,0xF8,
    0x07,0xF8,0x00,0x78,
    0x00,0x03,0xC0,0x20,
    0x00,0x03,0xC0,0x00,
    0x00,0x03,0xC0,0x00,
    0x00,0x03,0xC0,0x00,
    0x07,0xFF,0xFF,0xE0,
    0x07,0xFF,0xFF,0xE0,
    0x07,0xFF,0xFF,0xE0,
    0x00,0x03,0xC0,0x00,
    0x00,0x03,0xC0,0x00,
    0x00,0x03,0xC0,0x00,
    0x00,0x03,0xC0,0x00,
    0x00,0x03,0xC0,0x00,
    0x3F,0xFF,0xFF,0xFC,
    0x3F,0xFF,0xFF,0xFC,
    0x3F,0xFF,0xFF,0xFC,
    0x00,0x00,0x00,0x00,
    0x00,0x00,0x00,0x00,
  }
};
const uint8_t *cal_font_c32_get(uint32_t cp)
{
    for (unsigned i = 0; i < sizeof(cal_font_c32_cps) / sizeof(uint32_t); i++)
        if (cal_font_c32_cps[i] == cp) return cal_font_c32_rows[i];
    return NULL;
}

// ---- l48：ABCDEFGHIJKLMNOPQRSTUVWXYZabcdefghijklmnopqrstuvwxyz0123456789 ·/ @ 48x48 ----   整表字号 49（基线 36，下降余量 12）
static const uint32_t cal_font_l48_cps[65] = { 0x41, 0x42, 0x43, 0x44, 0x45, 0x46, 0x47, 0x48, 0x49, 0x4A, 0x4B, 0x4C, 0x4D, 0x4E, 0x4F, 0x50, 0x51, 0x52, 0x53, 0x54, 0x55, 0x56, 0x57, 0x58, 0x59, 0x5A, 0x61, 0x62, 0x63, 0x64, 0x65, 0x66, 0x67, 0x68, 0x69, 0x6A, 0x6B, 0x6C, 0x6D, 0x6E, 0x6F, 0x70, 0x71, 0x72, 0x73, 0x74, 0x75, 0x76, 0x77, 0x78, 0x79, 0x7A, 0x30, 0x31, 0x32, 0x33, 0x34, 0x35, 0x36, 0x37, 0x38, 0x39, 0x20, 0xB7, 0x2F };
static const uint8_t cal_font_l48_adv[65] = { 34, 35, 36, 36, 32, 29, 37, 36, 14, 27, 35, 29, 44, 36, 38, 33, 38, 35, 32, 30, 36, 31, 46, 33, 33, 32, 28, 30, 28, 30, 28, 16, 30, 29, 13, 14, 28, 13, 44, 29, 30, 30, 30, 19, 26, 17, 29, 25, 40, 26, 25, 25, 27, 27, 27, 27, 27, 27, 27, 27, 27, 27, 14, 14, 18 };
static const uint8_t cal_font_l48_rows[65][288] = {
  {
    0x00,0x00,0x00,0x00,0x00,0x00,
    0x00,0x03,0xFC,0x00,0x00,0x00,
    0x00,0x07,0xFC,0x00,0x00,0x00,
    0x00,0x07,0xFE,0x00,0x00,0x00,
    0x00,0x07,0xFE,0x00,0x00,0x00,
    0x00,0x0F,0xFF,0x00,0x00,0x00,
    0x00,0x0F,0xFF,0x00,0x00,0x00,
    0x00,0x1F,0xFF,0x00,0x00,0x00,
    0x00,0x1F,0xFF,0x80,0x00,0x00,
    0x00,0x1F,0xFF,0x80,0x00,0x00,
    0x00,0x3F,0xFF,0x80,0x00,0x00,
    0x00,0x3F,0xBF,0xC0,0x00,0x00,
    0x00,0x3F,0x9F,0xC0,0x00,0x00,
    0x00,0x7F,0x1F,0xE0,0x00,0x00,
    0x00,0x7F,0x0F,0xE0,0x00,0x00,
    0x00,0xFF,0x0F,0xE0,0x00,0x00,
    0x00,0xFE,0x0F,0xF0,0x00,0x00,
    0x00,0xFE,0x07,0xF0,0x00,0x00,
    0x01,0xFE,0x07,0xF0,0x00,0x00,
    0x01,0xFC,0x07,0xF8,0x00,0x00,
    0x03,0xFC,0x03,0xF8,0x00,0x00,
    0x03,0xF8,0x03,0xFC,0x00,0x00,
    0x03,0xFF,0xFF,0xFC,0x00,0x00,
    0x07,0xFF,0xFF,0xFC,0x00,0x00,
    0x07,0xFF,0xFF,0xFE,0x00,0x00,
    0x07,0xFF,0xFF,0xFE,0x00,0x00,
    0x0F,0xFF,0xFF,0xFE,0x00,0x00,
    0x0F,0xFF,0xFF,0xFF,0x00,0x00,
    0x1F,0xE0,0x00,0xFF,0x00,0x00,
    0x1F,0xE0,0x00,0x7F,0x80,0x00,
    0x1F,0xC0,0x00,0x7F,0x80,0x00,
    0x3F,0xC0,0x00,0x7F,0x80,0x00,
    0x3F,0xC0,0x00,0x3F,0xC0,0x00,
    0x3F,0x80,0x00,0x3F,0xC0,0x00,
    0x7F,0x80,0x00,0x3F,0xC0,0x00,
    0x7F,0x80,0x00,0x1F,0xE0,0x00,
    0x00,0x00,0x00,0x00,0x00,0x00,
    0x00,0x00,0x00,0x00,0x00,0x00,
    0x00,0x00,0x00,0x00,0x00,0x00,
    0x00,0x00,0x00,0x00,0x00,0x00,
    0x00,0x00,0x00,0x00,0x00,0x00,
    0x00,0x00,0x00,0x00,0x00,0x00,
    0x00,0x00,0x00,0x00,0x00,0x00,
    0x00,0x00,0x00,0x00,0x00,0x00,
    0x00,0x00,0x00,0x00,0x00,0x00,
    0x00,0x00,0x00,0x00,0x00,0x00,
    0x00,0x00,0x00,0x00,0x00,0x00,
    0x00,0x00,0x00,0x00,0x00,0x00,
  },
{
    0x00,0x00,0x00,0x00,0x00,0x00,
    0xFF,0xFF,0xFC,0x00,0x00,0x00,
    0xFF,0xFF,0xFF,0x00,0x00,0x00,
    0xFF,0xFF,0xFF,0xC0,0x00,0x00,
    0xFF,0xFF,0xFF,0xE0,0x00,0x00,
    0xFF,0xFF,0xFF,0xE0,0x00,0x00,
    0xFF,0xFF,0xFF,0xF0,0x00,0x00,
    0xFF,0x00,0x3F,0xF0,0x00,0x00,
    0xFF,0x00,0x0F,0xF0,0x00,0x00,
    0xFF,0x00,0x0F,0xF0,0x00,0x00,
    0xFF,0x00,0x0F,0xF0,0x00,0x00,
    0xFF,0x00,0x0F,0xF0,0x00,0x00,
    0xFF,0x00,0x0F,0xF0,0x00,0x00,
    0xFF,0x00,0x0F,0xE0,0x00,0x00,
    0xFF,0x00,0x3F,0xC0,0x00,0x00,
    0xFF,0xFF,0xFF,0x80,0x00,0x00,
    0xFF,0xFF,0xFF,0x00,0x00,0x00,
    0xFF,0xFF,0xFF,0x80,0x00,0x00,
    0xFF,0xFF,0xFF,0xE0,0x00,0x00,
    0xFF,0xFF,0xFF,0xF0,0x00,0x00,
    0xFF,0x00,0x1F,0xF0,0x00,0x00,
    0xFF,0x00,0x07,0xF8,0x00,0x00,
    0xFF,0x00,0x07,0xF8,0x00,0x00,
    0xFF,0x00,0x03,0xFC,0x00,0x00,
    0xFF,0x00,0x03,0xFC,0x00,0x00,
    0xFF,0x00,0x03,0xFC,0x00,0x00,
    0xFF,0x00,0x03,0xFC,0x00,0x00,
    0xFF,0x00,0x07,0xFC,0x00,0x00,
    0xFF,0x00,0x07,0xF8,0x00,0x00,
    0xFF,0x00,0x1F,0xF8,0x00,0x00,
    0xFF,0xFF,0xFF,0xF8,0x00,0x00,
    0xFF,0xFF,0xFF,0xF0,0x00,0x00,
    0xFF,0xFF,0xFF,0xE0,0x00,0x00,
    0xFF,0xFF,0xFF,0xC0,0x00,0x00,
    0xFF,0xFF,0xFF,0x00,0x00,0x00,
    0xFF,0xFF,0xFC,0x00,0x00,0x00,
    0x00,0x00,0x00,0x00,0x00,0x00,
    0x00,0x00,0x00,0x00,0x00,0x00,
    0x00,0x00,0x00,0x00,0x00,0x00,
    0x00,0x00,0x00,0x00,0x00,0x00,
    0x00,0x00,0x00,0x00,0x00,0x00,
    0x00,0x00,0x00,0x00,0x00,0x00,
    0x00,0x00,0x00,0x00,0x00,0x00,
    0x00,0x00,0x00,0x00,0x00,0x00,
    0x00,0x00,0x00,0x00,0x00,0x00,
    0x00,0x00,0x00,0x00,0x00,0x00,
    0x00,0x00,0x00,0x00,0x00,0x00,
    0x00,0x00,0x00,0x00,0x00,0x00,
  },
{
    0x00,0x07,0xFE,0x00,0x00,0x00,
    0x00,0x1F,0xFF,0xC0,0x00,0x00,
    0x00,0x7F,0xFF,0xE0,0x00,0x00,
    0x01,0xFF,0xFF,0xF8,0x00,0x00,
    0x03,0xFF,0xFF,0xFC,0x00,0x00,
    0x07,0xFF,0xFF,0xFE,0x00,0x00,
    0x0F,0xFE,0x07,0xFE,0x00,0x00,
    0x0F,0xF8,0x01,0xFF,0x00,0x00,
    0x1F,0xF0,0x00,0xFF,0x00,0x00,
    0x1F,0xE0,0x00,0x7F,0x80,0x00,
    0x3F,0xC0,0x00,0x7F,0x80,0x00,
    0x3F,0xC0,0x00,0x7F,0x80,0x00,
    0x3F,0xC0,0x00,0x00,0x00,0x00,
    0x7F,0x80,0x00,0x00,0x00,0x00,
    0x7F,0x80,0x00,0x00,0x00,0x00,
    0x7F,0x80,0x00,0x00,0x00,0x00,
    0x7F,0x80,0x00,0x00,0x00,0x00,
    0x7F,0x80,0x00,0x00,0x00,0x00,
    0x7F,0x80,0x00,0x00,0x00,0x00,
    0x7F,0x80,0x00,0x00,0x00,0x00,
    0x7F,0x80,0x00,0x00,0x00,0x00,
    0x7F,0x80,0x00,0x00,0x00,0x00,
    0x7F,0x80,0x00,0x00,0x00,0x00,
    0x7F,0x80,0x00,0x3F,0x80,0x00,
    0x3F,0xC0,0x00,0x3F,0x80,0x00,
    0x3F,0xC0,0x00,0x7F,0x80,0x00,
    0x3F,0xC0,0x00,0x7F,0x80,0x00,
    0x1F,0xE0,0x00,0xFF,0x80,0x00,
    0x1F,0xF0,0x00,0xFF,0x00,0x00,
    0x0F,0xF8,0x01,0xFF,0x00,0x00,
    0x0F,0xFE,0x07,0xFE,0x00,0x00,
    0x07,0xFF,0xFF,0xFE,0x00,0x00,
    0x03,0xFF,0xFF,0xFC,0x00,0x00,
    0x01,0xFF,0xFF,0xF8,0x00,0x00,
    0x00,0x7F,0xFF,0xE0,0x00,0x00,
    0x00,0x1F,0xFF,0x80,0x00,0x00,
    0x00,0x07,0xFE,0x00,0x00,0x00,
    0x00,0x00,0x00,0x00,0x00,0x00,
    0x00,0x00,0x00,0x00,0x00,0x00,
    0x00,0x00,0x00,0x00,0x00,0x00,
    0x00,0x00,0x00,0x00,0x00,0x00,
    0x00,0x00,0x00,0x00,0x00,0x00,
    0x00,0x00,0x00,0x00,0x00,0x00,
    0x00,0x00,0x00,0x00,0x00,0x00,
    0x00,0x00,0x00,0x00,0x00,0x00,
    0x00,0x00,0x00,0x00,0x00,0x00,
    0x00,0x00,0x00,0x00,0x00,0x00,
    0x00,0x00,0x00,0x00,0x00,0x00,
  },
{
    0x00,0x00,0x00,0x00,0x00,0x00,
    0xFF,0xFF,0xF0,0x00,0x00,0x00,
    0xFF,0xFF,0xFE,0x00,0x00,0x00,
    0xFF,0xFF,0xFF,0x80,0x00,0x00,
    0xFF,0xFF,0xFF,0xC0,0x00,0x00,
    0xFF,0xFF,0xFF,0xE0,0x00,0x00,
    0xFF,0xFF,0xFF,0xF0,0x00,0x00,
    0xFF,0x00,0x7F,0xF8,0x00,0x00,
    0xFF,0x00,0x1F,0xF8,0x00,0x00,
    0xFF,0x00,0x07,0xFC,0x00,0x00,
    0xFF,0x00,0x07,0xFC,0x00,0x00,
    0xFF,0x00,0x03,0xFC,0x00,0x00,
    0xFF,0x00,0x01,0xFE,0x00,0x00,
    0xFF,0x00,0x01,0xFE,0x00,0x00,
    0xFF,0x00,0x01,0xFE,0x00,0x00,
    0xFF,0x00,0x01,0xFE,0x00,0x00,
    0xFF,0x00,0x01,0xFE,0x00,0x00,
    0xFF,0x00,0x00,0xFE,0x00,0x00,
    0xFF,0x00,0x00,0xFE,0x00,0x00,
    0xFF,0x00,0x00,0xFE,0x00,0x00,
    0xFF,0x00,0x01,0xFE,0x00,0x00,
    0xFF,0x00,0x01,0xFE,0x00,0x00,
    0xFF,0x00,0x01,0xFE,0x00,0x00,
    0xFF,0x00,0x01,0xFE,0x00,0x00,
    0xFF,0x00,0x01,0xFE,0x00,0x00,
    0xFF,0x00,0x03,0xFC,0x00,0x00,
    0xFF,0x00,0x03,0xFC,0x00,0x00,
    0xFF,0x00,0x07,0xFC,0x00,0x00,
    0xFF,0x00,0x0F,0xF8,0x00,0x00,
    0xFF,0x00,0x3F,0xF8,0x00,0x00,
    0xFF,0xFF,0xFF,0xF0,0x00,0x00,
    0xFF,0xFF,0xFF,0xE0,0x00,0x00,
    0xFF,0xFF,0xFF,0xC0,0x00,0x00,
    0xFF,0xFF,0xFF,0x80,0x00,0x00,
    0xFF,0xFF,0xFE,0x00,0x00,0x00,
    0xFF,0xFF,0xF0,0x00,0x00,0x00,
    0x00,0x00,0x00,0x00,0x00,0x00,
    0x00,0x00,0x00,0x00,0x00,0x00,
    0x00,0x00,0x00,0x00,0x00,0x00,
    0x00,0x00,0x00,0x00,0x00,0x00,
    0x00,0x00,0x00,0x00,0x00,0x00,
    0x00,0x00,0x00,0x00,0x00,0x00,
    0x00,0x00,0x00,0x00,0x00,0x00,
    0x00,0x00,0x00,0x00,0x00,0x00,
    0x00,0x00,0x00,0x00,0x00,0x00,
    0x00,0x00,0x00,0x00,0x00,0x00,
    0x00,0x00,0x00,0x00,0x00,0x00,
    0x00,0x00,0x00,0x00,0x00,0x00,
  },
{
    0x00,0x00,0x00,0x00,0x00,0x00,
    0xFF,0xFF,0xFF,0xE0,0x00,0x00,
    0xFF,0xFF,0xFF,0xE0,0x00,0x00,
    0xFF,0xFF,0xFF,0xE0,0x00,0x00,
    0xFF,0xFF,0xFF,0xE0,0x00,0x00,
    0xFF,0xFF,0xFF,0xE0,0x00,0x00,
    0xFF,0xFF,0xFF,0xE0,0x00,0x00,
    0xFF,0x00,0x00,0x00,0x00,0x00,
    0xFF,0x00,0x00,0x00,0x00,0x00,
    0xFF,0x00,0x00,0x00,0x00,0x00,
    0xFF,0x00,0x00,0x00,0x00,0x00,
    0xFF,0x00,0x00,0x00,0x00,0x00,
    0xFF,0x00,0x00,0x00,0x00,0x00,
    0xFF,0x00,0x00,0x00,0x00,0x00,
    0xFF,0x00,0x00,0x00,0x00,0x00,
    0xFF,0xFF,0xFF,0x80,0x00,0x00,
    0xFF,0xFF,0xFF,0x80,0x00,0x00,
    0xFF,0xFF,0xFF,0x80,0x00,0x00,
    0xFF,0xFF,0xFF,0x80,0x00,0x00,
    0xFF,0xFF,0xFF,0x80,0x00,0x00,
    0xFF,0xFF,0xFF,0x80,0x00,0x00,
    0xFF,0x00,0x00,0x00,0x00,0x00,
    0xFF,0x00,0x00,0x00,0x00,0x00,
    0xFF,0x00,0x00,0x00,0x00,0x00,
    0xFF,0x00,0x00,0x00,0x00,0x00,
    0xFF,0x00,0x00,0x00,0x00,0x00,
    0xFF,0x00,0x00,0x00,0x00,0x00,
    0xFF,0x00,0x00,0x00,0x00,0x00,
    0xFF,0x00,0x00,0x00,0x00,0x00,
    0xFF,0x00,0x00,0x00,0x00,0x00,
    0xFF,0xFF,0xFF,0xE0,0x00,0x00,
    0xFF,0xFF,0xFF,0xE0,0x00,0x00,
    0xFF,0xFF,0xFF,0xE0,0x00,0x00,
    0xFF,0xFF,0xFF,0xE0,0x00,0x00,
    0xFF,0xFF,0xFF,0xE0,0x00,0x00,
    0xFF,0xFF,0xFF,0xE0,0x00,0x00,
    0x00,0x00,0x00,0x00,0x00,0x00,
    0x00,0x00,0x00,0x00,0x00,0x00,
    0x00,0x00,0x00,0x00,0x00,0x00,
    0x00,0x00,0x00,0x00,0x00,0x00,
    0x00,0x00,0x00,0x00,0x00,0x00,
    0x00,0x00,0x00,0x00,0x00,0x00,
    0x00,0x00,0x00,0x00,0x00,0x00,
    0x00,0x00,0x00,0x00,0x00,0x00,
    0x00,0x00,0x00,0x00,0x00,0x00,
    0x00,0x00,0x00,0x00,0x00,0x00,
    0x00,0x00,0x00,0x00,0x00,0x00,
    0x00,0x00,0x00,0x00,0x00,0x00,
  },
{
    0x00,0x00,0x00,0x00,0x00,0x00,
    0xFF,0xFF,0xFF,0x80,0x00,0x00,
    0xFF,0xFF,0xFF,0x80,0x00,0x00,
    0xFF,0xFF,0xFF,0x80,0x00,0x00,
    0xFF,0xFF,0xFF,0x80,0x00,0x00,
    0xFF,0xFF,0xFF,0x80,0x00,0x00,
    0xFF,0xFF,0xFF,0x80,0x00,0x00,
    0xFF,0x00,0x00,0x00,0x00,0x00,
    0xFF,0x00,0x00,0x00,0x00,0x00,
    0xFF,0x00,0x00,0x00,0x00,0x00,
    0xFF,0x00,0x00,0x00,0x00,0x00,
    0xFF,0x00,0x00,0x00,0x00,0x00,
    0xFF,0x00,0x00,0x00,0x00,0x00,
    0xFF,0x00,0x00,0x00,0x00,0x00,
    0xFF,0x00,0x00,0x00,0x00,0x00,
    0xFF,0x00,0x00,0x00,0x00,0x00,
    0xFF,0xFF,0xFE,0x00,0x00,0x00,
    0xFF,0xFF,0xFE,0x00,0x00,0x00,
    0xFF,0xFF,0xFE,0x00,0x00,0x00,
    0xFF,0xFF,0xFE,0x00,0x00,0x00,
    0xFF,0xFF,0xFE,0x00,0x00,0x00,
    0xFF,0xFF,0xFE,0x00,0x00,0x00,
    0xFF,0x00,0x00,0x00,0x00,0x00,
    0xFF,0x00,0x00,0x00,0x00,0x00,
    0xFF,0x00,0x00,0x00,0x00,0x00,
    0xFF,0x00,0x00,0x00,0x00,0x00,
    0xFF,0x00,0x00,0x00,0x00,0x00,
    0xFF,0x00,0x00,0x00,0x00,0x00,
    0xFF,0x00,0x00,0x00,0x00,0x00,
    0xFF,0x00,0x00,0x00,0x00,0x00,
    0xFF,0x00,0x00,0x00,0x00,0x00,
    0xFF,0x00,0x00,0x00,0x00,0x00,
    0xFF,0x00,0x00,0x00,0x00,0x00,
    0xFF,0x00,0x00,0x00,0x00,0x00,
    0xFF,0x00,0x00,0x00,0x00,0x00,
    0xFF,0x00,0x00,0x00,0x00,0x00,
    0x00,0x00,0x00,0x00,0x00,0x00,
    0x00,0x00,0x00,0x00,0x00,0x00,
    0x00,0x00,0x00,0x00,0x00,0x00,
    0x00,0x00,0x00,0x00,0x00,0x00,
    0x00,0x00,0x00,0x00,0x00,0x00,
    0x00,0x00,0x00,0x00,0x00,0x00,
    0x00,0x00,0x00,0x00,0x00,0x00,
    0x00,0x00,0x00,0x00,0x00,0x00,
    0x00,0x00,0x00,0x00,0x00,0x00,
    0x00,0x00,0x00,0x00,0x00,0x00,
    0x00,0x00,0x00,0x00,0x00,0x00,
    0x00,0x00,0x00,0x00,0x00,0x00,
  },
{
    0x00,0x07,0xFC,0x00,0x00,0x00,
    0x00,0x1F,0xFF,0x80,0x00,0x00,
    0x00,0x7F,0xFF,0xE0,0x00,0x00,
    0x01,0xFF,0xFF,0xF8,0x00,0x00,
    0x03,0xFF,0xFF,0xFC,0x00,0x00,
    0x07,0xFF,0xFF,0xFC,0x00,0x00,
    0x0F,0xFE,0x07,0xFE,0x00,0x00,
    0x0F,0xF8,0x01,0xFF,0x00,0x00,
    0x1F,0xF0,0x00,0xFF,0x00,0x00,
    0x1F,0xE0,0x00,0xFF,0x00,0x00,
    0x3F,0xC0,0x00,0x7F,0x80,0x00,
    0x3F,0xC0,0x00,0x7F,0x80,0x00,
    0x3F,0xC0,0x00,0x00,0x00,0x00,
    0x7F,0x80,0x00,0x00,0x00,0x00,
    0x7F,0x80,0x00,0x00,0x00,0x00,
    0x7F,0x80,0x00,0x00,0x00,0x00,
    0x7F,0x80,0x00,0x00,0x00,0x00,
    0x7F,0x80,0x1F,0xFF,0x80,0x00,
    0x7F,0x80,0x1F,0xFF,0x80,0x00,
    0x7F,0x80,0x1F,0xFF,0x80,0x00,
    0x7F,0x80,0x1F,0xFF,0x80,0x00,
    0x7F,0x80,0x1F,0xFF,0x80,0x00,
    0x7F,0x80,0x1F,0xFF,0x80,0x00,
    0x7F,0x80,0x00,0x3F,0x80,0x00,
    0x3F,0xC0,0x00,0x3F,0x80,0x00,
    0x3F,0xC0,0x00,0x3F,0x80,0x00,
    0x3F,0xC0,0x00,0x7F,0x80,0x00,
    0x1F,0xE0,0x00,0x7F,0x80,0x00,
    0x1F,0xF0,0x00,0xFF,0x80,0x00,
    0x0F,0xF8,0x01,0xFF,0x80,0x00,
    0x0F,0xFE,0x07,0xFF,0x80,0x00,
    0x07,0xFF,0xFF,0xFF,0x80,0x00,
    0x03,0xFF,0xFF,0xFF,0x80,0x00,
    0x01,0xFF,0xFF,0xEF,0x80,0x00,
    0x00,0x7F,0xFF,0xCF,0x80,0x00,
    0x00,0x1F,0xFF,0x0F,0x80,0x00,
    0x00,0x07,0xFC,0x07,0x80,0x00,
    0x00,0x00,0x00,0x00,0x00,0x00,
    0x00,0x00,0x00,0x00,0x00,0x00,
    0x00,0x00,0x00,0x00,0x00,0x00,
    0x00,0x00,0x00,0x00,0x00,0x00,
    0x00,0x00,0x00,0x00,0x00,0x00,
    0x00,0x00,0x00,0x00,0x00,0x00,
    0x00,0x00,0x00,0x00,0x00,0x00,
    0x00,0x00,0x00,0x00,0x00,0x00,
    0x00,0x00,0x00,0x00,0x00,0x00,
    0x00,0x00,0x00,0x00,0x00,0x00,
    0x00,0x00,0x00,0x00,0x00,0x00,
  },
{
    0x00,0x00,0x00,0x00,0x00,0x00,
    0xFF,0x00,0x03,0xFC,0x00,0x00,
    0xFF,0x00,0x03,0xFC,0x00,0x00,
    0xFF,0x00,0x03,0xFC,0x00,0x00,
    0xFF,0x00,0x03,0xFC,0x00,0x00,
    0xFF,0x00,0x03,0xFC,0x00,0x00,
    0xFF,0x00,0x03,0xFC,0x00,0x00,
    0xFF,0x00,0x03,0xFC,0x00,0x00,
    0xFF,0x00,0x03,0xFC,0x00,0x00,
    0xFF,0x00,0x03,0xFC,0x00,0x00,
    0xFF,0x00,0x03,0xFC,0x00,0x00,
    0xFF,0x00,0x03,0xFC,0x00,0x00,
    0xFF,0x00,0x03,0xFC,0x00,0x00,
    0xFF,0x00,0x03,0xFC,0x00,0x00,
    0xFF,0x00,0x03,0xFC,0x00,0x00,
    0xFF,0xFF,0xFF,0xFC,0x00,0x00,
    0xFF,0xFF,0xFF,0xFC,0x00,0x00,
    0xFF,0xFF,0xFF,0xFC,0x00,0x00,
    0xFF,0xFF,0xFF,0xFC,0x00,0x00,
    0xFF,0xFF,0xFF,0xFC,0x00,0x00,
    0xFF,0xFF,0xFF,0xFC,0x00,0x00,
    0xFF,0x00,0x03,0xFC,0x00,0x00,
    0xFF,0x00,0x03,0xFC,0x00,0x00,
    0xFF,0x00,0x03,0xFC,0x00,0x00,
    0xFF,0x00,0x03,0xFC,0x00,0x00,
    0xFF,0x00,0x03,0xFC,0x00,0x00,
    0xFF,0x00,0x03,0xFC,0x00,0x00,
    0xFF,0x00,0x03,0xFC,0x00,0x00,
    0xFF,0x00,0x03,0xFC,0x00,0x00,
    0xFF,0x00,0x03,0xFC,0x00,0x00,
    0xFF,0x00,0x03,0xFC,0x00,0x00,
    0xFF,0x00,0x03,0xFC,0x00,0x00,
    0xFF,0x00,0x03,0xFC,0x00,0x00,
    0xFF,0x00,0x03,0xFC,0x00,0x00,
    0xFF,0x00,0x03,0xFC,0x00,0x00,
    0xFF,0x00,0x03,0xFC,0x00,0x00,
    0x00,0x00,0x00,0x00,0x00,0x00,
    0x00,0x00,0x00,0x00,0x00,0x00,
    0x00,0x00,0x00,0x00,0x00,0x00,
    0x00,0x00,0x00,0x00,0x00,0x00,
    0x00,0x00,0x00,0x00,0x00,0x00,
    0x00,0x00,0x00,0x00,0x00,0x00,
    0x00,0x00,0x00,0x00,0x00,0x00,
    0x00,0x00,0x00,0x00,0x00,0x00,
    0x00,0x00,0x00,0x00,0x00,0x00,
    0x00,0x00,0x00,0x00,0x00,0x00,
    0x00,0x00,0x00,0x00,0x00,0x00,
    0x00,0x00,0x00,0x00,0x00,0x00,
  },
{
    0x00,0x00,0x00,0x00,0x00,0x00,
    0xFF,0x00,0x00,0x00,0x00,0x00,
    0xFF,0x00,0x00,0x00,0x00,0x00,
    0xFF,0x00,0x00,0x00,0x00,0x00,
    0xFF,0x00,0x00,0x00,0x00,0x00,
    0xFF,0x00,0x00,0x00,0x00,0x00,
    0xFF,0x00,0x00,0x00,0x00,0x00,
    0xFF,0x00,0x00,0x00,0x00,0x00,
    0xFF,0x00,0x00,0x00,0x00,0x00,
    0xFF,0x00,0x00,0x00,0x00,0x00,
    0xFF,0x00,0x00,0x00,0x00,0x00,
    0xFF,0x00,0x00,0x00,0x00,0x00,
    0xFF,0x00,0x00,0x00,0x00,0x00,
    0xFF,0x00,0x00,0x00,0x00,0x00,
    0xFF,0x00,0x00,0x00,0x00,0x00,
    0xFF,0x00,0x00,0x00,0x00,0x00,
    0xFF,0x00,0x00,0x00,0x00,0x00,
    0xFF,0x00,0x00,0x00,0x00,0x00,
    0xFF,0x00,0x00,0x00,0x00,0x00,
    0xFF,0x00,0x00,0x00,0x00,0x00,
    0xFF,0x00,0x00,0x00,0x00,0x00,
    0xFF,0x00,0x00,0x00,0x00,0x00,
    0xFF,0x00,0x00,0x00,0x00,0x00,
    0xFF,0x00,0x00,0x00,0x00,0x00,
    0xFF,0x00,0x00,0x00,0x00,0x00,
    0xFF,0x00,0x00,0x00,0x00,0x00,
    0xFF,0x00,0x00,0x00,0x00,0x00,
    0xFF,0x00,0x00,0x00,0x00,0x00,
    0xFF,0x00,0x00,0x00,0x00,0x00,
    0xFF,0x00,0x00,0x00,0x00,0x00,
    0xFF,0x00,0x00,0x00,0x00,0x00,
    0xFF,0x00,0x00,0x00,0x00,0x00,
    0xFF,0x00,0x00,0x00,0x00,0x00,
    0xFF,0x00,0x00,0x00,0x00,0x00,
    0xFF,0x00,0x00,0x00,0x00,0x00,
    0xFF,0x00,0x00,0x00,0x00,0x00,
    0x00,0x00,0x00,0x00,0x00,0x00,
    0x00,0x00,0x00,0x00,0x00,0x00,
    0x00,0x00,0x00,0x00,0x00,0x00,
    0x00,0x00,0x00,0x00,0x00,0x00,
    0x00,0x00,0x00,0x00,0x00,0x00,
    0x00,0x00,0x00,0x00,0x00,0x00,
    0x00,0x00,0x00,0x00,0x00,0x00,
    0x00,0x00,0x00,0x00,0x00,0x00,
    0x00,0x00,0x00,0x00,0x00,0x00,
    0x00,0x00,0x00,0x00,0x00,0x00,
    0x00,0x00,0x00,0x00,0x00,0x00,
    0x00,0x00,0x00,0x00,0x00,0x00,
  },
{
    0x00,0x00,0x00,0x00,0x00,0x00,
    0x00,0x00,0xFF,0x00,0x00,0x00,
    0x00,0x00,0xFF,0x00,0x00,0x00,
    0x00,0x00,0xFF,0x00,0x00,0x00,
    0x00,0x00,0xFF,0x00,0x00,0x00,
    0x00,0x00,0xFF,0x00,0x00,0x00,
    0x00,0x00,0xFF,0x00,0x00,0x00,
    0x00,0x00,0xFF,0x00,0x00,0x00,
    0x00,0x00,0xFF,0x00,0x00,0x00,
    0x00,0x00,0xFF,0x00,0x00,0x00,
    0x00,0x00,0xFF,0x00,0x00,0x00,
    0x00,0x00,0xFF,0x00,0x00,0x00,
    0x00,0x00,0xFF,0x00,0x00,0x00,
    0x00,0x00,0xFF,0x00,0x00,0x00,
    0x00,0x00,0xFF,0x00,0x00,0x00,
    0x00,0x00,0xFF,0x00,0x00,0x00,
    0x00,0x00,0xFF,0x00,0x00,0x00,
    0x00,0x00,0xFF,0x00,0x00,0x00,
    0x00,0x00,0xFF,0x00,0x00,0x00,
    0x00,0x00,0xFF,0x00,0x00,0x00,
    0x00,0x00,0xFF,0x00,0x00,0x00,
    0x00,0x00,0xFF,0x00,0x00,0x00,
    0x00,0x00,0xFF,0x00,0x00,0x00,
    0x00,0x00,0xFF,0x00,0x00,0x00,
    0x7F,0x00,0xFF,0x00,0x00,0x00,
    0x7F,0x00,0xFF,0x00,0x00,0x00,
    0x7F,0x00,0xFF,0x00,0x00,0x00,
    0x7F,0x00,0xFF,0x00,0x00,0x00,
    0x7F,0x00,0xFF,0x00,0x00,0x00,
    0x7F,0x81,0xFE,0x00,0x00,0x00,
    0x7F,0xC3,0xFE,0x00,0x00,0x00,
    0x3F,0xFF,0xFE,0x00,0x00,0x00,
    0x3F,0xFF,0xFC,0x00,0x00,0x00,
    0x1F,0xFF,0xF8,0x00,0x00,0x00,
    0x0F,0xFF,0xF0,0x00,0x00,0x00,
    0x03,0xFF,0xE0,0x00,0x00,0x00,
    0x00,0xFF,0x80,0x00,0x00,0x00,
    0x00,0x00,0x00,0x00,0x00,0x00,
    0x00,0x00,0x00,0x00,0x00,0x00,
    0x00,0x00,0x00,0x00,0x00,0x00,
    0x00,0x00,0x00,0x00,0x00,0x00,
    0x00,0x00,0x00,0x00,0x00,0x00,
    0x00,0x00,0x00,0x00,0x00,0x00,
    0x00,0x00,0x00,0x00,0x00,0x00,
    0x00,0x00,0x00,0x00,0x00,0x00,
    0x00,0x00,0x00,0x00,0x00,0x00,
    0x00,0x00,0x00,0x00,0x00,0x00,
    0x00,0x00,0x00,0x00,0x00,0x00,
  },
{
    0x00,0x00,0x00,0x00,0x00,0x00,
    0xFF,0x00,0x07,0xFE,0x00,0x00,
    0xFF,0x00,0x0F,0xFC,0x00,0x00,
    0xFF,0x00,0x1F,0xF8,0x00,0x00,
    0xFF,0x00,0x3F,0xF0,0x00,0x00,
    0xFF,0x00,0x7F,0xE0,0x00,0x00,
    0xFF,0x00,0xFF,0xC0,0x00,0x00,
    0xFF,0x00,0xFF,0x80,0x00,0x00,
    0xFF,0x01,0xFF,0x00,0x00,0x00,
    0xFF,0x03,0xFE,0x00,0x00,0x00,
    0xFF,0x07,0xFC,0x00,0x00,0x00,
    0xFF,0x0F,0xF8,0x00,0x00,0x00,
    0xFF,0x1F,0xF0,0x00,0x00,0x00,
    0xFF,0x3F,0xE0,0x00,0x00,0x00,
    0xFF,0x7F,0xC0,0x00,0x00,0x00,
    0xFF,0xFF,0xC0,0x00,0x00,0x00,
    0xFF,0xFF,0xE0,0x00,0x00,0x00,
    0xFF,0xFF,0xF0,0x00,0x00,0x00,
    0xFF,0xFF,0xF0,0x00,0x00,0x00,
    0xFF,0xFF,0xF8,0x00,0x00,0x00,
    0xFF,0xFF,0xFC,0x00,0x00,0x00,
    0xFF,0xE7,0xFC,0x00,0x00,0x00,
    0xFF,0xC3,0xFE,0x00,0x00,0x00,
    0xFF,0x81,0xFF,0x00,0x00,0x00,
    0xFF,0x01,0xFF,0x80,0x00,0x00,
    0xFF,0x00,0xFF,0x80,0x00,0x00,
    0xFF,0x00,0x7F,0xC0,0x00,0x00,
    0xFF,0x00,0x7F,0xE0,0x00,0x00,
    0xFF,0x00,0x3F,0xE0,0x00,0x00,
    0xFF,0x00,0x1F,0xF0,0x00,0x00,
    0xFF,0x00,0x1F,0xF8,0x00,0x00,
    0xFF,0x00,0x0F,0xFC,0x00,0x00,
    0xFF,0x00,0x07,0xFC,0x00,0x00,
    0xFF,0x00,0x07,0xFE,0x00,0x00,
    0xFF,0x00,0x03,0xFF,0x00,0x00,
    0xFF,0x00,0x01,0xFF,0x00,0x00,
    0x00,0x00,0x00,0x00,0x00,0x00,
    0x00,0x00,0x00,0x00,0x00,0x00,
    0x00,0x00,0x00,0x00,0x00,0x00,
    0x00,0x00,0x00,0x00,0x00,0x00,
    0x00,0x00,0x00,0x00,0x00,0x00,
    0x00,0x00,0x00,0x00,0x00,0x00,
    0x00,0x00,0x00,0x00,0x00,0x00,
    0x00,0x00,0x00,0x00,0x00,0x00,
    0x00,0x00,0x00,0x00,0x00,0x00,
    0x00,0x00,0x00,0x00,0x00,0x00,
    0x00,0x00,0x00,0x00,0x00,0x00,
    0x00,0x00,0x00,0x00,0x00,0x00,
  },
{
    0x00,0x00,0x00,0x00,0x00,0x00,
    0xFF,0x00,0x00,0x00,0x00,0x00,
    0xFF,0x00,0x00,0x00,0x00,0x00,
    0xFF,0x00,0x00,0x00,0x00,0x00,
    0xFF,0x00,0x00,0x00,0x00,0x00,
    0xFF,0x00,0x00,0x00,0x00,0x00,
    0xFF,0x00,0x00,0x00,0x00,0x00,
    0xFF,0x00,0x00,0x00,0x00,0x00,
    0xFF,0x00,0x00,0x00,0x00,0x00,
    0xFF,0x00,0x00,0x00,0x00,0x00,
    0xFF,0x00,0x00,0x00,0x00,0x00,
    0xFF,0x00,0x00,0x00,0x00,0x00,
    0xFF,0x00,0x00,0x00,0x00,0x00,
    0xFF,0x00,0x00,0x00,0x00,0x00,
    0xFF,0x00,0x00,0x00,0x00,0x00,
    0xFF,0x00,0x00,0x00,0x00,0x00,
    0xFF,0x00,0x00,0x00,0x00,0x00,
    0xFF,0x00,0x00,0x00,0x00,0x00,
    0xFF,0x00,0x00,0x00,0x00,0x00,
    0xFF,0x00,0x00,0x00,0x00,0x00,
    0xFF,0x00,0x00,0x00,0x00,0x00,
    0xFF,0x00,0x00,0x00,0x00,0x00,
    0xFF,0x00,0x00,0x00,0x00,0x00,
    0xFF,0x00,0x00,0x00,0x00,0x00,
    0xFF,0x00,0x00,0x00,0x00,0x00,
    0xFF,0x00,0x00,0x00,0x00,0x00,
    0xFF,0x00,0x00,0x00,0x00,0x00,
    0xFF,0x00,0x00,0x00,0x00,0x00,
    0xFF,0x00,0x00,0x00,0x00,0x00,
    0xFF,0x00,0x00,0x00,0x00,0x00,
    0xFF,0xFF,0xFF,0x80,0x00,0x00,
    0xFF,0xFF,0xFF,0x80,0x00,0x00,
    0xFF,0xFF,0xFF,0x80,0x00,0x00,
    0xFF,0xFF,0xFF,0x80,0x00,0x00,
    0xFF,0xFF,0xFF,0x80,0x00,0x00,
    0xFF,0xFF,0xFF,0x80,0x00,0x00,
    0x00,0x00,0x00,0x00,0x00,0x00,
    0x00,0x00,0x00,0x00,0x00,0x00,
    0x00,0x00,0x00,0x00,0x00,0x00,
    0x00,0x00,0x00,0x00,0x00,0x00,
    0x00,0x00,0x00,0x00,0x00,0x00,
    0x00,0x00,0x00,0x00,0x00,0x00,
    0x00,0x00,0x00,0x00,0x00,0x00,
    0x00,0x00,0x00,0x00,0x00,0x00,
    0x00,0x00,0x00,0x00,0x00,0x00,
    0x00,0x00,0x00,0x00,0x00,0x00,
    0x00,0x00,0x00,0x00,0x00,0x00,
    0x00,0x00,0x00,0x00,0x00,0x00,
  },
{
    0x00,0x00,0x00,0x00,0x00,0x00,
    0xFF,0xE0,0x00,0x1F,0xFC,0x00,
    0xFF,0xF0,0x00,0x1F,0xFC,0x00,
    0xFF,0xF0,0x00,0x3F,0xFC,0x00,
    0xFF,0xF0,0x00,0x3F,0xFC,0x00,
    0xFF,0xF8,0x00,0x3F,0xFC,0x00,
    0xFF,0xF8,0x00,0x7F,0xFC,0x00,
    0xFF,0xF8,0x00,0x7F,0xFC,0x00,
    0xFF,0xFC,0x00,0x7F,0xFC,0x00,
    0xFF,0xFC,0x00,0xFF,0xFC,0x00,
    0xFF,0xFE,0x00,0xFF,0xFC,0x00,
    0xFF,0xFE,0x00,0xFF,0xFC,0x00,
    0xFF,0xFE,0x01,0xFF,0xFC,0x00,
    0xFF,0xFF,0x01,0xFD,0xFC,0x00,
    0xFF,0x7F,0x01,0xFD,0xFC,0x00,
    0xFF,0x7F,0x03,0xF9,0xFC,0x00,
    0xFF,0x7F,0x83,0xF9,0xFC,0x00,
    0xFF,0x3F,0x83,0xF9,0xFC,0x00,
    0xFF,0x3F,0x83,0xF1,0xFC,0x00,
    0xFF,0x3F,0xC7,0xF1,0xFC,0x00,
    0xFF,0x1F,0xC7,0xF1,0xFC,0x00,
    0xFF,0x1F,0xC7,0xE1,0xFC,0x00,
    0xFF,0x1F,0xEF,0xE1,0xFC,0x00,
    0xFF,0x0F,0xEF,0xE1,0xFC,0x00,
    0xFF,0x0F,0xFF,0xC1,0xFC,0x00,
    0xFF,0x07,0xFF,0xC1,0xFC,0x00,
    0xFF,0x07,0xFF,0xC1,0xFC,0x00,
    0xFF,0x07,0xFF,0x81,0xFC,0x00,
    0xFF,0x03,0xFF,0x81,0xFC,0x00,
    0xFF,0x03,0xFF,0x81,0xFC,0x00,
    0xFF,0x03,0xFF,0x01,0xFC,0x00,
    0xFF,0x01,0xFF,0x01,0xFC,0x00,
    0xFF,0x01,0xFE,0x01,0xFC,0x00,
    0xFF,0x01,0xFE,0x01,0xFC,0x00,
    0xFF,0x00,0xFE,0x01,0xFC,0x00,
    0xFF,0x00,0xFC,0x01,0xFC,0x00,
    0x00,0x00,0x00,0x00,0x00,0x00,
    0x00,0x00,0x00,0x00,0x00,0x00,
    0x00,0x00,0x00,0x00,0x00,0x00,
    0x00,0x00,0x00,0x00,0x00,0x00,
    0x00,0x00,0x00,0x00,0x00,0x00,
    0x00,0x00,0x00,0x00,0x00,0x00,
    0x00,0x00,0x00,0x00,0x00,0x00,
    0x00,0x00,0x00,0x00,0x00,0x00,
    0x00,0x00,0x00,0x00,0x00,0x00,
    0x00,0x00,0x00,0x00,0x00,0x00,
    0x00,0x00,0x00,0x00,0x00,0x00,
    0x00,0x00,0x00,0x00,0x00,0x00,
  },
{
    0x00,0x00,0x00,0x00,0x00,0x00,
    0xFF,0x00,0x01,0xFC,0x00,0x00,
    0xFF,0x80,0x01,0xFC,0x00,0x00,
    0xFF,0xC0,0x01,0xFC,0x00,0x00,
    0xFF,0xC0,0x01,0xFC,0x00,0x00,
    0xFF,0xE0,0x01,0xFC,0x00,0x00,
    0xFF,0xF0,0x01,0xFC,0x00,0x00,
    0xFF,0xF0,0x01,0xFC,0x00,0x00,
    0xFF,0xF8,0x01,0xFC,0x00,0x00,
    0xFF,0xF8,0x01,0xFC,0x00,0x00,
    0xFF,0xFC,0x01,0xFC,0x00,0x00,
    0xFF,0xFE,0x01,0xFC,0x00,0x00,
    0xFF,0xFE,0x01,0xFC,0x00,0x00,
    0xFF,0xFF,0x01,0xFC,0x00,0x00,
    0xFF,0x7F,0x01,0xFC,0x00,0x00,
    0xFF,0x7F,0x81,0xFC,0x00,0x00,
    0xFF,0x3F,0xC1,0xFC,0x00,0x00,
    0xFF,0x1F,0xC1,0xFC,0x00,0x00,
    0xFF,0x1F,0xE1,0xFC,0x00,0x00,
    0xFF,0x0F,0xF1,0xFC,0x00,0x00,
    0xFF,0x07,0xF1,0xFC,0x00,0x00,
    0xFF,0x07,0xF9,0xFC,0x00,0x00,
    0xFF,0x03,0xF9,0xFC,0x00,0x00,
    0xFF,0x03,0xFD,0xFC,0x00,0x00,
    0xFF,0x01,0xFF,0xFC,0x00,0x00,
    0xFF,0x00,0xFF,0xFC,0x00,0x00,
    0xFF,0x00,0xFF,0xFC,0x00,0x00,
    0xFF,0x00,0x7F,0xFC,0x00,0x00,
    0xFF,0x00,0x3F,0xFC,0x00,0x00,
    0xFF,0x00,0x3F,0xFC,0x00,0x00,
    0xFF,0x00,0x1F,0xFC,0x00,0x00,
    0xFF,0x00,0x1F,0xFC,0x00,0x00,
    0xFF,0x00,0x0F,0xFC,0x00,0x00,
    0xFF,0x00,0x07,0xFC,0x00,0x00,
    0xFF,0x00,0x07,0xFC,0x00,0x00,
    0xFF,0x00,0x03,0xFC,0x00,0x00,
    0x00,0x00,0x00,0x00,0x00,0x00,
    0x00,0x00,0x00,0x00,0x00,0x00,
    0x00,0x00,0x00,0x00,0x00,0x00,
    0x00,0x00,0x00,0x00,0x00,0x00,
    0x00,0x00,0x00,0x00,0x00,0x00,
    0x00,0x00,0x00,0x00,0x00,0x00,
    0x00,0x00,0x00,0x00,0x00,0x00,
    0x00,0x00,0x00,0x00,0x00,0x00,
    0x00,0x00,0x00,0x00,0x00,0x00,
    0x00,0x00,0x00,0x00,0x00,0x00,
    0x00,0x00,0x00,0x00,0x00,0x00,
    0x00,0x00,0x00,0x00,0x00,0x00,
  },
{
    0x00,0x07,0xFE,0x00,0x00,0x00,
    0x00,0x1F,0xFF,0xC0,0x00,0x00,
    0x00,0x7F,0xFF,0xE0,0x00,0x00,
    0x01,0xFF,0xFF,0xF8,0x00,0x00,
    0x03,0xFF,0xFF,0xFC,0x00,0x00,
    0x07,0xFF,0xFF,0xFE,0x00,0x00,
    0x0F,0xFE,0x07,0xFF,0x00,0x00,
    0x0F,0xF8,0x01,0xFF,0x00,0x00,
    0x1F,0xF0,0x00,0xFF,0x80,0x00,
    0x1F,0xE0,0x00,0x7F,0x80,0x00,
    0x3F,0xC0,0x00,0x3F,0xC0,0x00,
    0x3F,0xC0,0x00,0x3F,0xC0,0x00,
    0x3F,0xC0,0x00,0x1F,0xE0,0x00,
    0x7F,0x80,0x00,0x1F,0xE0,0x00,
    0x7F,0x80,0x00,0x1F,0xE0,0x00,
    0x7F,0x80,0x00,0x1F,0xE0,0x00,
    0x7F,0x80,0x00,0x1F,0xE0,0x00,
    0x7F,0x80,0x00,0x1F,0xE0,0x00,
    0x7F,0x80,0x00,0x1F,0xE0,0x00,
    0x7F,0x80,0x00,0x1F,0xE0,0x00,
    0x7F,0x80,0x00,0x1F,0xE0,0x00,
    0x7F,0x80,0x00,0x1F,0xE0,0x00,
    0x7F,0x80,0x00,0x1F,0xE0,0x00,
    0x7F,0x80,0x00,0x1F,0xE0,0x00,
    0x3F,0xC0,0x00,0x1F,0xE0,0x00,
    0x3F,0xC0,0x00,0x3F,0xC0,0x00,
    0x3F,0xC0,0x00,0x3F,0xC0,0x00,
    0x1F,0xE0,0x00,0x7F,0x80,0x00,
    0x1F,0xF0,0x00,0xFF,0x80,0x00,
    0x0F,0xF8,0x01,0xFF,0x00,0x00,
    0x0F,0xFE,0x07,0xFF,0x00,0x00,
    0x07,0xFF,0xFF,0xFE,0x00,0x00,
    0x03,0xFF,0xFF,0xFC,0x00,0x00,
    0x01,0xFF,0xFF,0xF8,0x00,0x00,
    0x00,0x7F,0xFF,0xE0,0x00,0x00,
    0x00,0x1F,0xFF,0xC0,0x00,0x00,
    0x00,0x07,0xFE,0x00,0x00,0x00,
    0x00,0x00,0x00,0x00,0x00,0x00,
    0x00,0x00,0x00,0x00,0x00,0x00,
    0x00,0x00,0x00,0x00,0x00,0x00,
    0x00,0x00,0x00,0x00,0x00,0x00,
    0x00,0x00,0x00,0x00,0x00,0x00,
    0x00,0x00,0x00,0x00,0x00,0x00,
    0x00,0x00,0x00,0x00,0x00,0x00,
    0x00,0x00,0x00,0x00,0x00,0x00,
    0x00,0x00,0x00,0x00,0x00,0x00,
    0x00,0x00,0x00,0x00,0x00,0x00,
    0x00,0x00,0x00,0x00,0x00,0x00,
  },
{
    0x00,0x00,0x00,0x00,0x00,0x00,
    0xFF,0xFF,0xF0,0x00,0x00,0x00,
    0xFF,0xFF,0xFE,0x00,0x00,0x00,
    0xFF,0xFF,0xFF,0x00,0x00,0x00,
    0xFF,0xFF,0xFF,0xC0,0x00,0x00,
    0xFF,0xFF,0xFF,0xC0,0x00,0x00,
    0xFF,0xFF,0xFF,0xE0,0x00,0x00,
    0xFF,0x00,0x3F,0xE0,0x00,0x00,
    0xFF,0x00,0x1F,0xF0,0x00,0x00,
    0xFF,0x00,0x0F,0xF0,0x00,0x00,
    0xFF,0x00,0x07,0xF0,0x00,0x00,
    0xFF,0x00,0x07,0xF0,0x00,0x00,
    0xFF,0x00,0x07,0xF0,0x00,0x00,
    0xFF,0x00,0x07,0xF0,0x00,0x00,
    0xFF,0x00,0x0F,0xF0,0x00,0x00,
    0xFF,0x00,0x1F,0xF0,0x00,0x00,
    0xFF,0x00,0x3F,0xE0,0x00,0x00,
    0xFF,0xFF,0xFF,0xE0,0x00,0x00,
    0xFF,0xFF,0xFF,0xC0,0x00,0x00,
    0xFF,0xFF,0xFF,0xC0,0x00,0x00,
    0xFF,0xFF,0xFF,0x00,0x00,0x00,
    0xFF,0xFF,0xFE,0x00,0x00,0x00,
    0xFF,0xFF,0xF0,0x00,0x00,0x00,
    0xFF,0x00,0x00,0x00,0x00,0x00,
    0xFF,0x00,0x00,0x00,0x00,0x00,
    0xFF,0x00,0x00,0x00,0x00,0x00,
    0xFF,0x00,0x00,0x00,0x00,0x00,
    0xFF,0x00,0x00,0x00,0x00,0x00,
    0xFF,0x00,0x00,0x00,0x00,0x00,
    0xFF,0x00,0x00,0x00,0x00,0x00,
    0xFF,0x00,0x00,0x00,0x00,0x00,
    0xFF,0x00,0x00,0x00,0x00,0x00,
    0xFF,0x00,0x00,0x00,0x00,0x00,
    0xFF,0x00,0x00,0x00,0x00,0x00,
    0xFF,0x00,0x00,0x00,0x00,0x00,
    0xFF,0x00,0x00,0x00,0x00,0x00,
    0x00,0x00,0x00,0x00,0x00,0x00,
    0x00,0x00,0x00,0x00,0x00,0x00,
    0x00,0x00,0x00,0x00,0x00,0x00,
    0x00,0x00,0x00,0x00,0x00,0x00,
    0x00,0x00,0x00,0x00,0x00,0x00,
    0x00,0x00,0x00,0x00,0x00,0x00,
    0x00,0x00,0x00,0x00,0x00,0x00,
    0x00,0x00,0x00,0x00,0x00,0x00,
    0x00,0x00,0x00,0x00,0x00,0x00,
    0x00,0x00,0x00,0x00,0x00,0x00,
    0x00,0x00,0x00,0x00,0x00,0x00,
    0x00,0x00,0x00,0x00,0x00,0x00,
  },
{
    0x00,0x03,0xFC,0x00,0x00,0x00,
    0x00,0x1F,0xFF,0x80,0x00,0x00,
    0x00,0x7F,0xFF,0xE0,0x00,0x00,
    0x00,0xFF,0xFF,0xF8,0x00,0x00,
    0x03,0xFF,0xFF,0xFC,0x00,0x00,
    0x07,0xFF,0xFF,0xFE,0x00,0x00,
    0x07,0xFF,0xFF,0xFF,0x00,0x00,
    0x0F,0xFC,0x03,0xFF,0x00,0x00,
    0x1F,0xF8,0x00,0xFF,0x80,0x00,
    0x1F,0xF0,0x00,0x7F,0x80,0x00,
    0x3F,0xE0,0x00,0x7F,0xC0,0x00,
    0x3F,0xC0,0x00,0x3F,0xC0,0x00,
    0x3F,0xC0,0x00,0x3F,0xC0,0x00,
    0x7F,0x80,0x00,0x1F,0xE0,0x00,
    0x7F,0x80,0x00,0x1F,0xE0,0x00,
    0x7F,0x80,0x00,0x1F,0xE0,0x00,
    0x7F,0x80,0x00,0x1F,0xE0,0x00,
    0x7F,0x80,0x00,0x1F,0xE0,0x00,
    0x7F,0x80,0x00,0x1F,0xE0,0x00,
    0x7F,0x80,0x00,0x1F,0xE0,0x00,
    0x7F,0x80,0x00,0x1F,0xE0,0x00,
    0x7F,0x80,0x00,0x1F,0xE0,0x00,
    0x7F,0x80,0x00,0x1F,0xE0,0x00,
    0x7F,0x80,0x04,0x1F,0xE0,0x00,
    0x3F,0xC0,0x0E,0x3F,0xE0,0x00,
    0x3F,0xC0,0x1F,0x3F,0xC0,0x00,
    0x3F,0xE0,0x3F,0xFF,0xC0,0x00,
    0x1F,0xE0,0x3F,0xFF,0x80,0x00,
    0x1F,0xF8,0x0F,0xFF,0x80,0x00,
    0x0F,0xFC,0x07,0xFF,0x00,0x00,
    0x07,0xFF,0xFF,0xFF,0x00,0x00,
    0x07,0xFF,0xFF,0xFE,0x00,0x00,
    0x03,0xFF,0xFF,0xFF,0x00,0x00,
    0x00,0xFF,0xFF,0xFF,0x80,0x00,
    0x00,0x7F,0xFF,0xFF,0xC0,0x00,
    0x00,0x1F,0xFF,0x9F,0xE0,0x00,
    0x00,0x03,0xFC,0x0F,0xC0,0x00,
    0x00,0x00,0x00,0x07,0x80,0x00,
    0x00,0x00,0x00,0x01,0x00,0x00,
    0x00,0x00,0x00,0x00,0x00,0x00,
    0x00,0x00,0x00,0x00,0x00,0x00,
    0x00,0x00,0x00,0x00,0x00,0x00,
    0x00,0x00,0x00,0x00,0x00,0x00,
    0x00,0x00,0x00,0x00,0x00,0x00,
    0x00,0x00,0x00,0x00,0x00,0x00,
    0x00,0x00,0x00,0x00,0x00,0x00,
    0x00,0x00,0x00,0x00,0x00,0x00,
    0x00,0x00,0x00,0x00,0x00,0x00,
  },
{
    0x00,0x00,0x00,0x00,0x00,0x00,
    0xFF,0xFF,0xFE,0x00,0x00,0x00,
    0xFF,0xFF,0xFF,0x80,0x00,0x00,
    0xFF,0xFF,0xFF,0xC0,0x00,0x00,
    0xFF,0xFF,0xFF,0xE0,0x00,0x00,
    0xFF,0xFF,0xFF,0xF0,0x00,0x00,
    0xFF,0xFF,0xFF,0xF8,0x00,0x00,
    0xFF,0x00,0x1F,0xF8,0x00,0x00,
    0xFF,0x00,0x07,0xF8,0x00,0x00,
    0xFF,0x00,0x07,0xF8,0x00,0x00,
    0xFF,0x00,0x03,0xFC,0x00,0x00,
    0xFF,0x00,0x03,0xFC,0x00,0x00,
    0xFF,0x00,0x03,0xF8,0x00,0x00,
    0xFF,0x00,0x03,0xF8,0x00,0x00,
    0xFF,0x00,0x07,0xF8,0x00,0x00,
    0xFF,0x00,0x07,0xF0,0x00,0x00,
    0xFF,0x00,0x1F,0xF0,0x00,0x00,
    0xFF,0xFF,0xFF,0xE0,0x00,0x00,
    0xFF,0xFF,0xFF,0xC0,0x00,0x00,
    0xFF,0xFF,0xFF,0x80,0x00,0x00,
    0xFF,0xFF,0xFF,0xC0,0x00,0x00,
    0xFF,0xFF,0xFF,0xE0,0x00,0x00,
    0xFF,0x00,0x3F,0xF0,0x00,0x00,
    0xFF,0x00,0x0F,0xF0,0x00,0x00,
    0xFF,0x00,0x07,0xF8,0x00,0x00,
    0xFF,0x00,0x07,0xF8,0x00,0x00,
    0xFF,0x00,0x07,0xF8,0x00,0x00,
    0xFF,0x00,0x03,0xF8,0x00,0x00,
    0xFF,0x00,0x03,0xF8,0x00,0x00,
    0xFF,0x00,0x03,0xF8,0x00,0x00,
    0xFF,0x00,0x03,0xF8,0x00,0x00,
    0xFF,0x00,0x03,0xF8,0x00,0x00,
    0xFF,0x00,0x03,0xF8,0x00,0x00,
    0xFF,0x00,0x03,0xFC,0x00,0x00,
    0xFF,0x00,0x03,0xFC,0x00,0x00,
    0xFF,0x00,0x01,0xFC,0x00,0x00,
    0x00,0x00,0x00,0x00,0x00,0x00,
    0x00,0x00,0x00,0x00,0x00,0x00,
    0x00,0x00,0x00,0x00,0x00,0x00,
    0x00,0x00,0x00,0x00,0x00,0x00,
    0x00,0x00,0x00,0x00,0x00,0x00,
    0x00,0x00,0x00,0x00,0x00,0x00,
    0x00,0x00,0x00,0x00,0x00,0x00,
    0x00,0x00,0x00,0x00,0x00,0x00,
    0x00,0x00,0x00,0x00,0x00,0x00,
    0x00,0x00,0x00,0x00,0x00,0x00,
    0x00,0x00,0x00,0x00,0x00,0x00,
    0x00,0x00,0x00,0x00,0x00,0x00,
  },
{
    0x00,0x3F,0xE0,0x00,0x00,0x00,
    0x01,0xFF,0xFC,0x00,0x00,0x00,
    0x03,0xFF,0xFF,0x00,0x00,0x00,
    0x0F,0xFF,0xFF,0x80,0x00,0x00,
    0x1F,0xFF,0xFF,0xC0,0x00,0x00,
    0x1F,0xFF,0xFF,0xE0,0x00,0x00,
    0x3F,0xF0,0x7F,0xF0,0x00,0x00,
    0x3F,0xC0,0x1F,0xF0,0x00,0x00,
    0x3F,0x80,0x0F,0xF0,0x00,0x00,
    0x7F,0x80,0x07,0xF0,0x00,0x00,
    0x7F,0x80,0x07,0xF0,0x00,0x00,
    0x7F,0x80,0x00,0x00,0x00,0x00,
    0x7F,0xC0,0x00,0x00,0x00,0x00,
    0x3F,0xF8,0x00,0x00,0x00,0x00,
    0x3F,0xFF,0x00,0x00,0x00,0x00,
    0x1F,0xFF,0xF0,0x00,0x00,0x00,
    0x1F,0xFF,0xFE,0x00,0x00,0x00,
    0x0F,0xFF,0xFF,0x80,0x00,0x00,
    0x03,0xFF,0xFF,0xC0,0x00,0x00,
    0x00,0xFF,0xFF,0xE0,0x00,0x00,
    0x00,0x1F,0xFF,0xF0,0x00,0x00,
    0x00,0x03,0xFF,0xF8,0x00,0x00,
    0x00,0x00,0x3F,0xF8,0x00,0x00,
    0x00,0x00,0x0F,0xF8,0x00,0x00,
    0x7E,0x00,0x07,0xFC,0x00,0x00,
    0xFF,0x00,0x03,0xFC,0x00,0x00,
    0xFF,0x00,0x03,0xFC,0x00,0x00,
    0xFF,0x00,0x03,0xFC,0x00,0x00,
    0x7F,0x80,0x03,0xF8,0x00,0x00,
    0x7F,0xC0,0x07,0xF8,0x00,0x00,
    0x3F,0xF0,0x1F,0xF8,0x00,0x00,
    0x3F,0xFF,0xFF,0xF0,0x00,0x00,
    0x1F,0xFF,0xFF,0xE0,0x00,0x00,
    0x0F,0xFF,0xFF,0xC0,0x00,0x00,
    0x07,0xFF,0xFF,0x80,0x00,0x00,
    0x01,0xFF,0xFE,0x00,0x00,0x00,
    0x00,0x3F,0xF0,0x00,0x00,0x00,
    0x00,0x00,0x00,0x00,0x00,0x00,
    0x00,0x00,0x00,0x00,0x00,0x00,
    0x00,0x00,0x00,0x00,0x00,0x00,
    0x00,0x00,0x00,0x00,0x00,0x00,
    0x00,0x00,0x00,0x00,0x00,0x00,
    0x00,0x00,0x00,0x00,0x00,0x00,
    0x00,0x00,0x00,0x00,0x00,0x00,
    0x00,0x00,0x00,0x00,0x00,0x00,
    0x00,0x00,0x00,0x00,0x00,0x00,
    0x00,0x00,0x00,0x00,0x00,0x00,
    0x00,0x00,0x00,0x00,0x00,0x00,
  },
{
    0x00,0x00,0x00,0x00,0x00,0x00,
    0x7F,0xFF,0xFF,0xF8,0x00,0x00,
    0x7F,0xFF,0xFF,0xF8,0x00,0x00,
    0x7F,0xFF,0xFF,0xF8,0x00,0x00,
    0x7F,0xFF,0xFF,0xF8,0x00,0x00,
    0x7F,0xFF,0xFF,0xF8,0x00,0x00,
    0x7F,0xFF,0xFF,0xF8,0x00,0x00,
    0x00,0x1F,0xE0,0x00,0x00,0x00,
    0x00,0x1F,0xE0,0x00,0x00,0x00,
    0x00,0x1F,0xE0,0x00,0x00,0x00,
    0x00,0x1F,0xE0,0x00,0x00,0x00,
    0x00,0x1F,0xE0,0x00,0x00,0x00,
    0x00,0x1F,0xE0,0x00,0x00,0x00,
    0x00,0x1F,0xE0,0x00,0x00,0x00,
    0x00,0x1F,0xE0,0x00,0x00,0x00,
    0x00,0x1F,0xE0,0x00,0x00,0x00,
    0x00,0x1F,0xE0,0x00,0x00,0x00,
    0x00,0x1F,0xE0,0x00,0x00,0x00,
    0x00,0x1F,0xE0,0x00,0x00,0x00,
    0x00,0x1F,0xE0,0x00,0x00,0x00,
    0x00,0x1F,0xE0,0x00,0x00,0x00,
    0x00,0x1F,0xE0,0x00,0x00,0x00,
    0x00,0x1F,0xE0,0x00,0x00,0x00,
    0x00,0x1F,0xE0,0x00,0x00,0x00,
    0x00,0x1F,0xE0,0x00,0x00,0x00,
    0x00,0x1F,0xE0,0x00,0x00,0x00,
    0x00,0x1F,0xE0,0x00,0x00,0x00,
    0x00,0x1F,0xE0,0x00,0x00,0x00,
    0x00,0x1F,0xE0,0x00,0x00,0x00,
    0x00,0x1F,0xE0,0x00,0x00,0x00,
    0x00,0x1F,0xE0,0x00,0x00,0x00,
    0x00,0x1F,0xE0,0x00,0x00,0x00,
    0x00,0x1F,0xE0,0x00,0x00,0x00,
    0x00,0x1F,0xE0,0x00,0x00,0x00,
    0x00,0x1F,0xE0,0x00,0x00,0x00,
    0x00,0x1F,0xE0,0x00,0x00,0x00,
    0x00,0x00,0x00,0x00,0x00,0x00,
    0x00,0x00,0x00,0x00,0x00,0x00,
    0x00,0x00,0x00,0x00,0x00,0x00,
    0x00,0x00,0x00,0x00,0x00,0x00,
    0x00,0x00,0x00,0x00,0x00,0x00,
    0x00,0x00,0x00,0x00,0x00,0x00,
    0x00,0x00,0x00,0x00,0x00,0x00,
    0x00,0x00,0x00,0x00,0x00,0x00,
    0x00,0x00,0x00,0x00,0x00,0x00,
    0x00,0x00,0x00,0x00,0x00,0x00,
    0x00,0x00,0x00,0x00,0x00,0x00,
    0x00,0x00,0x00,0x00,0x00,0x00,
  },
{
    0x00,0x00,0x00,0x00,0x00,0x00,
    0xFF,0x00,0x03,0xFC,0x00,0x00,
    0xFF,0x00,0x03,0xFC,0x00,0x00,
    0xFF,0x00,0x03,0xFC,0x00,0x00,
    0xFF,0x00,0x03,0xFC,0x00,0x00,
    0xFF,0x00,0x03,0xFC,0x00,0x00,
    0xFF,0x00,0x03,0xFC,0x00,0x00,
    0xFF,0x00,0x03,0xFC,0x00,0x00,
    0xFF,0x00,0x03,0xFC,0x00,0x00,
    0xFF,0x00,0x03,0xFC,0x00,0x00,
    0xFF,0x00,0x03,0xFC,0x00,0x00,
    0xFF,0x00,0x03,0xFC,0x00,0x00,
    0xFF,0x00,0x03,0xFC,0x00,0x00,
    0xFF,0x00,0x03,0xFC,0x00,0x00,
    0xFF,0x00,0x03,0xFC,0x00,0x00,
    0xFF,0x00,0x03,0xFC,0x00,0x00,
    0xFF,0x00,0x03,0xFC,0x00,0x00,
    0xFF,0x00,0x03,0xFC,0x00,0x00,
    0xFF,0x00,0x03,0xFC,0x00,0x00,
    0xFF,0x00,0x03,0xFC,0x00,0x00,
    0xFF,0x00,0x03,0xFC,0x00,0x00,
    0xFF,0x00,0x03,0xFC,0x00,0x00,
    0xFF,0x00,0x03,0xFC,0x00,0x00,
    0xFF,0x00,0x03,0xFC,0x00,0x00,
    0xFF,0x00,0x03,0xFC,0x00,0x00,
    0xFF,0x00,0x03,0xFC,0x00,0x00,
    0xFF,0x00,0x03,0xFC,0x00,0x00,
    0x7F,0x80,0x03,0xFC,0x00,0x00,
    0x7F,0x80,0x07,0xF8,0x00,0x00,
    0x7F,0xC0,0x0F,0xF8,0x00,0x00,
    0x3F,0xF0,0x3F,0xF0,0x00,0x00,
    0x3F,0xFF,0xFF,0xF0,0x00,0x00,
    0x1F,0xFF,0xFF,0xE0,0x00,0x00,
    0x0F,0xFF,0xFF,0xC0,0x00,0x00,
    0x07,0xFF,0xFF,0x80,0x00,0x00,
    0x01,0xFF,0xFE,0x00,0x00,0x00,
    0x00,0x3F,0xF0,0x00,0x00,0x00,
    0x00,0x00,0x00,0x00,0x00,0x00,
    0x00,0x00,0x00,0x00,0x00,0x00,
    0x00,0x00,0x00,0x00,0x00,0x00,
    0x00,0x00,0x00,0x00,0x00,0x00,
    0x00,0x00,0x00,0x00,0x00,0x00,
    0x00,0x00,0x00,0x00,0x00,0x00,
    0x00,0x00,0x00,0x00,0x00,0x00,
    0x00,0x00,0x00,0x00,0x00,0x00,
    0x00,0x00,0x00,0x00,0x00,0x00,
    0x00,0x00,0x00,0x00,0x00,0x00,
    0x00,0x00,0x00,0x00,0x00,0x00,
  },
{
    0x00,0x00,0x00,0x00,0x00,0x00,
    0x7F,0x80,0x00,0xFF,0x00,0x00,
    0x7F,0x80,0x00,0xFF,0x00,0x00,
    0x7F,0x80,0x01,0xFF,0x00,0x00,
    0x3F,0xC0,0x01,0xFE,0x00,0x00,
    0x3F,0xC0,0x01,0xFE,0x00,0x00,
    0x3F,0xC0,0x03,0xFE,0x00,0x00,
    0x1F,0xE0,0x03,0xFC,0x00,0x00,
    0x1F,0xE0,0x03,0xFC,0x00,0x00,
    0x1F,0xE0,0x03,0xFC,0x00,0x00,
    0x0F,0xF0,0x07,0xF8,0x00,0x00,
    0x0F,0xF0,0x07,0xF8,0x00,0x00,
    0x0F,0xF0,0x07,0xF8,0x00,0x00,
    0x07,0xF8,0x0F,0xF0,0x00,0x00,
    0x07,0xF8,0x0F,0xF0,0x00,0x00,
    0x07,0xF8,0x0F,0xF0,0x00,0x00,
    0x03,0xFC,0x1F,0xE0,0x00,0x00,
    0x03,0xFC,0x1F,0xE0,0x00,0x00,
    0x03,0xFC,0x1F,0xE0,0x00,0x00,
    0x01,0xFC,0x3F,0xC0,0x00,0x00,
    0x01,0xFE,0x3F,0xC0,0x00,0x00,
    0x01,0xFE,0x3F,0xC0,0x00,0x00,
    0x00,0xFE,0x7F,0x80,0x00,0x00,
    0x00,0xFF,0x7F,0x80,0x00,0x00,
    0x00,0xFF,0x7F,0x80,0x00,0x00,
    0x00,0x7F,0xFF,0x00,0x00,0x00,
    0x00,0x7F,0xFF,0x00,0x00,0x00,
    0x00,0x7F,0xFF,0x00,0x00,0x00,
    0x00,0x7F,0xFE,0x00,0x00,0x00,
    0x00,0x3F,0xFE,0x00,0x00,0x00,
    0x00,0x3F,0xFE,0x00,0x00,0x00,
    0x00,0x3F,0xFC,0x00,0x00,0x00,
    0x00,0x1F,0xFC,0x00,0x00,0x00,
    0x00,0x1F,0xFC,0x00,0x00,0x00,
    0x00,0x1F,0xF8,0x00,0x00,0x00,
    0x00,0x0F,0xF8,0x00,0x00,0x00,
    0x00,0x00,0x00,0x00,0x00,0x00,
    0x00,0x00,0x00,0x00,0x00,0x00,
    0x00,0x00,0x00,0x00,0x00,0x00,
    0x00,0x00,0x00,0x00,0x00,0x00,
    0x00,0x00,0x00,0x00,0x00,0x00,
    0x00,0x00,0x00,0x00,0x00,0x00,
    0x00,0x00,0x00,0x00,0x00,0x00,
    0x00,0x00,0x00,0x00,0x00,0x00,
    0x00,0x00,0x00,0x00,0x00,0x00,
    0x00,0x00,0x00,0x00,0x00,0x00,
    0x00,0x00,0x00,0x00,0x00,0x00,
    0x00,0x00,0x00,0x00,0x00,0x00,
  },
{
    0x00,0x00,0x00,0x00,0x00,0x00,
    0xFF,0x00,0x1F,0xE0,0x03,0xFC,
    0xFF,0x00,0x1F,0xE0,0x03,0xFC,
    0x7F,0x00,0x1F,0xE0,0x03,0xFC,
    0x7F,0x80,0x1F,0xF0,0x03,0xF8,
    0x7F,0x80,0x3F,0xF0,0x07,0xF8,
    0x3F,0x80,0x3F,0xF0,0x07,0xF8,
    0x3F,0x80,0x3F,0xF0,0x07,0xF0,
    0x3F,0xC0,0x3F,0xF8,0x07,0xF0,
    0x3F,0xC0,0x7F,0xF8,0x0F,0xF0,
    0x1F,0xC0,0x7F,0xF8,0x0F,0xF0,
    0x1F,0xC0,0x7F,0xF8,0x0F,0xE0,
    0x1F,0xE0,0x7F,0xFC,0x0F,0xE0,
    0x1F,0xE0,0xFF,0xFC,0x0F,0xE0,
    0x0F,0xE0,0xFE,0xFC,0x1F,0xE0,
    0x0F,0xE0,0xFC,0xFC,0x1F,0xC0,
    0x0F,0xF0,0xFC,0xFE,0x1F,0xC0,
    0x0F,0xF1,0xFC,0xFE,0x1F,0xC0,
    0x07,0xF1,0xFC,0x7E,0x3F,0x80,
    0x07,0xF1,0xF8,0x7E,0x3F,0x80,
    0x07,0xF1,0xF8,0x7F,0x3F,0x80,
    0x07,0xFB,0xF8,0x7F,0x3F,0x80,
    0x03,0xFB,0xF8,0x3F,0x7F,0x00,
    0x03,0xFB,0xF0,0x3F,0x7F,0x00,
    0x03,0xFF,0xF0,0x3F,0xFF,0x00,
    0x01,0xFF,0xF0,0x3F,0xFF,0x00,
    0x01,0xFF,0xF0,0x1F,0xFE,0x00,
    0x01,0xFF,0xE0,0x1F,0xFE,0x00,
    0x01,0xFF,0xE0,0x1F,0xFE,0x00,
    0x00,0xFF,0xE0,0x1F,0xFE,0x00,
    0x00,0xFF,0xE0,0x0F,0xFC,0x00,
    0x00,0xFF,0xC0,0x0F,0xFC,0x00,
    0x00,0xFF,0xC0,0x0F,0xFC,0x00,
    0x00,0x7F,0xC0,0x0F,0xF8,0x00,
    0x00,0x7F,0xC0,0x07,0xF8,0x00,
    0x00,0x7F,0x80,0x07,0xF8,0x00,
    0x00,0x00,0x00,0x00,0x00,0x00,
    0x00,0x00,0x00,0x00,0x00,0x00,
    0x00,0x00,0x00,0x00,0x00,0x00,
    0x00,0x00,0x00,0x00,0x00,0x00,
    0x00,0x00,0x00,0x00,0x00,0x00,
    0x00,0x00,0x00,0x00,0x00,0x00,
    0x00,0x00,0x00,0x00,0x00,0x00,
    0x00,0x00,0x00,0x00,0x00,0x00,
    0x00,0x00,0x00,0x00,0x00,0x00,
    0x00,0x00,0x00,0x00,0x00,0x00,
    0x00,0x00,0x00,0x00,0x00,0x00,
    0x00,0x00,0x00,0x00,0x00,0x00,
  },
{
    0x00,0x00,0x00,0x00,0x00,0x00,
    0x3F,0xE0,0x00,0xFF,0x80,0x00,
    0x1F,0xF0,0x00,0xFF,0x00,0x00,
    0x1F,0xF0,0x01,0xFE,0x00,0x00,
    0x0F,0xF8,0x03,0xFE,0x00,0x00,
    0x07,0xF8,0x03,0xFC,0x00,0x00,
    0x07,0xFC,0x07,0xF8,0x00,0x00,
    0x03,0xFE,0x0F,0xF8,0x00,0x00,
    0x01,0xFE,0x0F,0xF0,0x00,0x00,
    0x01,0xFF,0x1F,0xE0,0x00,0x00,
    0x00,0xFF,0xBF,0xE0,0x00,0x00,
    0x00,0x7F,0xBF,0xC0,0x00,0x00,
    0x00,0x7F,0xFF,0x80,0x00,0x00,
    0x00,0x3F,0xFF,0x80,0x00,0x00,
    0x00,0x1F,0xFF,0x00,0x00,0x00,
    0x00,0x1F,0xFE,0x00,0x00,0x00,
    0x00,0x0F,0xFE,0x00,0x00,0x00,
    0x00,0x07,0xFC,0x00,0x00,0x00,
    0x00,0x0F,0xFC,0x00,0x00,0x00,
    0x00,0x0F,0xFE,0x00,0x00,0x00,
    0x00,0x1F,0xFF,0x00,0x00,0x00,
    0x00,0x3F,0xFF,0x00,0x00,0x00,
    0x00,0x3F,0xFF,0x80,0x00,0x00,
    0x00,0x7F,0xFF,0xC0,0x00,0x00,
    0x00,0xFF,0xFF,0xC0,0x00,0x00,
    0x00,0xFF,0x3F,0xE0,0x00,0x00,
    0x01,0xFF,0x1F,0xF0,0x00,0x00,
    0x03,0xFE,0x1F,0xF0,0x00,0x00,
    0x03,0xFC,0x0F,0xF8,0x00,0x00,
    0x07,0xFC,0x07,0xFC,0x00,0x00,
    0x0F,0xF8,0x07,0xFC,0x00,0x00,
    0x0F,0xF0,0x03,0xFE,0x00,0x00,
    0x1F,0xF0,0x01,0xFF,0x00,0x00,
    0x3F,0xE0,0x01,0xFF,0x00,0x00,
    0x3F,0xC0,0x00,0xFF,0x80,0x00,
    0x7F,0xC0,0x00,0xFF,0xC0,0x00,
    0x00,0x00,0x00,0x00,0x00,0x00,
    0x00,0x00,0x00,0x00,0x00,0x00,
    0x00,0x00,0x00,0x00,0x00,0x00,
    0x00,0x00,0x00,0x00,0x00,0x00,
    0x00,0x00,0x00,0x00,0x00,0x00,
    0x00,0x00,0x00,0x00,0x00,0x00,
    0x00,0x00,0x00,0x00,0x00,0x00,
    0x00,0x00,0x00,0x00,0x00,0x00,
    0x00,0x00,0x00,0x00,0x00,0x00,
    0x00,0x00,0x00,0x00,0x00,0x00,
    0x00,0x00,0x00,0x00,0x00,0x00,
    0x00,0x00,0x00,0x00,0x00,0x00,
  },
{
    0x00,0x00,0x00,0x00,0x00,0x00,
    0x7F,0xC0,0x00,0x7F,0xC0,0x00,
    0x7F,0xC0,0x00,0x7F,0x80,0x00,
    0x3F,0xE0,0x00,0xFF,0x80,0x00,
    0x1F,0xE0,0x01,0xFF,0x00,0x00,
    0x1F,0xF0,0x01,0xFE,0x00,0x00,
    0x0F,0xF8,0x03,0xFE,0x00,0x00,
    0x0F,0xF8,0x03,0xFC,0x00,0x00,
    0x07,0xFC,0x07,0xFC,0x00,0x00,
    0x03,0xFC,0x0F,0xF8,0x00,0x00,
    0x03,0xFE,0x0F,0xF0,0x00,0x00,
    0x01,0xFF,0x1F,0xF0,0x00,0x00,
    0x01,0xFF,0x1F,0xE0,0x00,0x00,
    0x00,0xFF,0xBF,0xE0,0x00,0x00,
    0x00,0x7F,0xFF,0xC0,0x00,0x00,
    0x00,0x7F,0xFF,0x80,0x00,0x00,
    0x00,0x3F,0xFF,0x80,0x00,0x00,
    0x00,0x3F,0xFF,0x00,0x00,0x00,
    0x00,0x1F,0xFF,0x00,0x00,0x00,
    0x00,0x0F,0xFE,0x00,0x00,0x00,
    0x00,0x0F,0xFC,0x00,0x00,0x00,
    0x00,0x07,0xFC,0x00,0x00,0x00,
    0x00,0x07,0xF8,0x00,0x00,0x00,
    0x00,0x07,0xF8,0x00,0x00,0x00,
    0x00,0x07,0xF8,0x00,0x00,0x00,
    0x00,0x07,0xF8,0x00,0x00,0x00,
    0x00,0x07,0xF8,0x00,0x00,0x00,
    0x00,0x07,0xF8,0x00,0x00,0x00,
    0x00,0x07,0xF8,0x00,0x00,0x00,
    0x00,0x07,0xF8,0x00,0x00,0x00,
    0x00,0x07,0xF8,0x00,0x00,0x00,
    0x00,0x07,0xF8,0x00,0x00,0x00,
    0x00,0x07,0xF8,0x00,0x00,0x00,
    0x00,0x07,0xF8,0x00,0x00,0x00,
    0x00,0x07,0xF8,0x00,0x00,0x00,
    0x00,0x07,0xF8,0x00,0x00,0x00,
    0x00,0x00,0x00,0x00,0x00,0x00,
    0x00,0x00,0x00,0x00,0x00,0x00,
    0x00,0x00,0x00,0x00,0x00,0x00,
    0x00,0x00,0x00,0x00,0x00,0x00,
    0x00,0x00,0x00,0x00,0x00,0x00,
    0x00,0x00,0x00,0x00,0x00,0x00,
    0x00,0x00,0x00,0x00,0x00,0x00,
    0x00,0x00,0x00,0x00,0x00,0x00,
    0x00,0x00,0x00,0x00,0x00,0x00,
    0x00,0x00,0x00,0x00,0x00,0x00,
    0x00,0x00,0x00,0x00,0x00,0x00,
    0x00,0x00,0x00,0x00,0x00,0x00,
  },
{
    0x00,0x00,0x00,0x00,0x00,0x00,
    0x3F,0xFF,0xFF,0xF8,0x00,0x00,
    0x3F,0xFF,0xFF,0xF8,0x00,0x00,
    0x3F,0xFF,0xFF,0xF8,0x00,0x00,
    0x3F,0xFF,0xFF,0xF8,0x00,0x00,
    0x3F,0xFF,0xFF,0xF8,0x00,0x00,
    0x3F,0xFF,0xFF,0xF8,0x00,0x00,
    0x00,0x00,0x3F,0xF8,0x00,0x00,
    0x00,0x00,0x3F,0xF0,0x00,0x00,
    0x00,0x00,0x7F,0xE0,0x00,0x00,
    0x00,0x00,0xFF,0xC0,0x00,0x00,
    0x00,0x01,0xFF,0xC0,0x00,0x00,
    0x00,0x03,0xFF,0x80,0x00,0x00,
    0x00,0x07,0xFF,0x00,0x00,0x00,
    0x00,0x07,0xFE,0x00,0x00,0x00,
    0x00,0x0F,0xFC,0x00,0x00,0x00,
    0x00,0x1F,0xFC,0x00,0x00,0x00,
    0x00,0x3F,0xF8,0x00,0x00,0x00,
    0x00,0x7F,0xF0,0x00,0x00,0x00,
    0x00,0x7F,0xE0,0x00,0x00,0x00,
    0x00,0xFF,0xC0,0x00,0x00,0x00,
    0x01,0xFF,0x80,0x00,0x00,0x00,
    0x03,0xFF,0x80,0x00,0x00,0x00,
    0x07,0xFF,0x00,0x00,0x00,0x00,
    0x0F,0xFE,0x00,0x00,0x00,0x00,
    0x0F,0xFC,0x00,0x00,0x00,0x00,
    0x1F,0xF8,0x00,0x00,0x00,0x00,
    0x3F,0xF0,0x00,0x00,0x00,0x00,
    0x7F,0xF0,0x00,0x00,0x00,0x00,
    0xFF,0xE0,0x00,0x00,0x00,0x00,
    0xFF,0xFF,0xFF,0xFC,0x00,0x00,
    0xFF,0xFF,0xFF,0xFC,0x00,0x00,
    0xFF,0xFF,0xFF,0xFC,0x00,0x00,
    0xFF,0xFF,0xFF,0xFC,0x00,0x00,
    0xFF,0xFF,0xFF,0xFC,0x00,0x00,
    0xFF,0xFF,0xFF,0xFC,0x00,0x00,
    0x00,0x00,0x00,0x00,0x00,0x00,
    0x00,0x00,0x00,0x00,0x00,0x00,
    0x00,0x00,0x00,0x00,0x00,0x00,
    0x00,0x00,0x00,0x00,0x00,0x00,
    0x00,0x00,0x00,0x00,0x00,0x00,
    0x00,0x00,0x00,0x00,0x00,0x00,
    0x00,0x00,0x00,0x00,0x00,0x00,
    0x00,0x00,0x00,0x00,0x00,0x00,
    0x00,0x00,0x00,0x00,0x00,0x00,
    0x00,0x00,0x00,0x00,0x00,0x00,
    0x00,0x00,0x00,0x00,0x00,0x00,
    0x00,0x00,0x00,0x00,0x00,0x00,
  },
{
    0x00,0x00,0x00,0x00,0x00,0x00,
    0x00,0x00,0x00,0x00,0x00,0x00,
    0x00,0x00,0x00,0x00,0x00,0x00,
    0x00,0x00,0x00,0x00,0x00,0x00,
    0x00,0x00,0x00,0x00,0x00,0x00,
    0x00,0x00,0x00,0x00,0x00,0x00,
    0x00,0x00,0x00,0x00,0x00,0x00,
    0x00,0x00,0x00,0x00,0x00,0x00,
    0x00,0x00,0x00,0x00,0x00,0x00,
    0x00,0x00,0x00,0x00,0x00,0x00,
    0x00,0xFF,0xE0,0x00,0x00,0x00,
    0x03,0xFF,0xF8,0x00,0x00,0x00,
    0x0F,0xFF,0xFC,0x00,0x00,0x00,
    0x1F,0xFF,0xFE,0x00,0x00,0x00,
    0x3F,0xFF,0xFF,0x00,0x00,0x00,
    0x3F,0xC0,0xFF,0x00,0x00,0x00,
    0x3F,0x80,0x7F,0x00,0x00,0x00,
    0x7F,0x80,0x7F,0x00,0x00,0x00,
    0x3F,0x00,0x7F,0x00,0x00,0x00,
    0x00,0x00,0x7F,0x00,0x00,0x00,
    0x00,0x01,0xFF,0x00,0x00,0x00,
    0x00,0xFF,0xFF,0x00,0x00,0x00,
    0x07,0xFF,0xFF,0x00,0x00,0x00,
    0x1F,0xFF,0xFF,0x00,0x00,0x00,
    0x3F,0xFF,0x7F,0x00,0x00,0x00,
    0x7F,0xC0,0x7F,0x00,0x00,0x00,
    0x7F,0x80,0x7F,0x00,0x00,0x00,
    0x7F,0x00,0x7F,0x00,0x00,0x00,
    0x7F,0x00,0x7F,0x00,0x00,0x00,
    0x7F,0x00,0x7F,0x00,0x00,0x00,
    0x7F,0x00,0xFF,0x00,0x00,0x00,
    0x7F,0x83,0xFF,0x80,0x00,0x00,
    0x7F,0xFF,0xFF,0x80,0x00,0x00,
    0x3F,0xFF,0xFF,0x80,0x00,0x00,
    0x1F,0xFF,0xBF,0x80,0x00,0x00,
    0x0F,0xFE,0x3F,0x80,0x00,0x00,
    0x01,0xF0,0x00,0x00,0x00,0x00,
    0x00,0x00,0x00,0x00,0x00,0x00,
    0x00,0x00,0x00,0x00,0x00,0x00,
    0x00,0x00,0x00,0x00,0x00,0x00,
    0x00,0x00,0x00,0x00,0x00,0x00,
    0x00,0x00,0x00,0x00,0x00,0x00,
    0x00,0x00,0x00,0x00,0x00,0x00,
    0x00,0x00,0x00,0x00,0x00,0x00,
    0x00,0x00,0x00,0x00,0x00,0x00,
    0x00,0x00,0x00,0x00,0x00,0x00,
    0x00,0x00,0x00,0x00,0x00,0x00,
    0x00,0x00,0x00,0x00,0x00,0x00,
  },
{
    0x00,0x00,0x00,0x00,0x00,0x00,
    0x7F,0x00,0x00,0x00,0x00,0x00,
    0x7F,0x00,0x00,0x00,0x00,0x00,
    0x7F,0x00,0x00,0x00,0x00,0x00,
    0x7F,0x00,0x00,0x00,0x00,0x00,
    0x7F,0x00,0x00,0x00,0x00,0x00,
    0x7F,0x00,0x00,0x00,0x00,0x00,
    0x7F,0x00,0x00,0x00,0x00,0x00,
    0x7F,0x00,0x00,0x00,0x00,0x00,
    0x7F,0x00,0x00,0x00,0x00,0x00,
    0x7F,0x0F,0xE0,0x00,0x00,0x00,
    0x7F,0x3F,0xF8,0x00,0x00,0x00,
    0x7F,0x7F,0xFC,0x00,0x00,0x00,
    0x7F,0xFF,0xFE,0x00,0x00,0x00,
    0x7F,0xFF,0xFF,0x00,0x00,0x00,
    0x7F,0xE1,0xFF,0x00,0x00,0x00,
    0x7F,0xC0,0x7F,0x80,0x00,0x00,
    0x7F,0x80,0x3F,0x80,0x00,0x00,
    0x7F,0x00,0x3F,0xC0,0x00,0x00,
    0x7F,0x00,0x1F,0xC0,0x00,0x00,
    0x7F,0x00,0x1F,0xC0,0x00,0x00,
    0x7F,0x00,0x1F,0xC0,0x00,0x00,
    0x7E,0x00,0x1F,0xC0,0x00,0x00,
    0x7E,0x00,0x1F,0xC0,0x00,0x00,
    0x7E,0x00,0x1F,0xC0,0x00,0x00,
    0x7F,0x00,0x1F,0xC0,0x00,0x00,
    0x7F,0x00,0x1F,0xC0,0x00,0x00,
    0x7F,0x00,0x1F,0xC0,0x00,0x00,
    0x7F,0x00,0x3F,0xC0,0x00,0x00,
    0x7F,0x80,0x3F,0x80,0x00,0x00,
    0x7F,0xC0,0x7F,0x80,0x00,0x00,
    0x7F,0xE1,0xFF,0x00,0x00,0x00,
    0x7F,0xFF,0xFF,0x00,0x00,0x00,
    0x7F,0xFF,0xFE,0x00,0x00,0x00,
    0x7E,0xFF,0xFC,0x00,0x00,0x00,
    0x7E,0x7F,0xF8,0x00,0x00,0x00,
    0x7E,0x0F,0xE0,0x00,0x00,0x00,
    0x00,0x00,0x00,0x00,0x00,0x00,
    0x00,0x00,0x00,0x00,0x00,0x00,
    0x00,0x00,0x00,0x00,0x00,0x00,
    0x00,0x00,0x00,0x00,0x00,0x00,
    0x00,0x00,0x00,0x00,0x00,0x00,
    0x00,0x00,0x00,0x00,0x00,0x00,
    0x00,0x00,0x00,0x00,0x00,0x00,
    0x00,0x00,0x00,0x00,0x00,0x00,
    0x00,0x00,0x00,0x00,0x00,0x00,
    0x00,0x00,0x00,0x00,0x00,0x00,
    0x00,0x00,0x00,0x00,0x00,0x00,
  },
{
    0x00,0x00,0x00,0x00,0x00,0x00,
    0x00,0x00,0x00,0x00,0x00,0x00,
    0x00,0x00,0x00,0x00,0x00,0x00,
    0x00,0x00,0x00,0x00,0x00,0x00,
    0x00,0x00,0x00,0x00,0x00,0x00,
    0x00,0x00,0x00,0x00,0x00,0x00,
    0x00,0x00,0x00,0x00,0x00,0x00,
    0x00,0x00,0x00,0x00,0x00,0x00,
    0x00,0x00,0x00,0x00,0x00,0x00,
    0x00,0x00,0x00,0x00,0x00,0x00,
    0x00,0x3F,0xC0,0x00,0x00,0x00,
    0x01,0xFF,0xF0,0x00,0x00,0x00,
    0x03,0xFF,0xFC,0x00,0x00,0x00,
    0x07,0xFF,0xFE,0x00,0x00,0x00,
    0x0F,0xFF,0xFF,0x00,0x00,0x00,
    0x1F,0xF0,0xFF,0x80,0x00,0x00,
    0x3F,0xC0,0x7F,0x80,0x00,0x00,
    0x3F,0x80,0x3F,0x80,0x00,0x00,
    0x3F,0x80,0x3F,0xC0,0x00,0x00,
    0x7F,0x00,0x1F,0xC0,0x00,0x00,
    0x7F,0x00,0x00,0x00,0x00,0x00,
    0x7F,0x00,0x00,0x00,0x00,0x00,
    0x7F,0x00,0x00,0x00,0x00,0x00,
    0x7F,0x00,0x00,0x00,0x00,0x00,
    0x7F,0x00,0x00,0x00,0x00,0x00,
    0x7F,0x00,0x00,0x00,0x00,0x00,
    0x7F,0x00,0x00,0x00,0x00,0x00,
    0x7F,0x00,0x1F,0xC0,0x00,0x00,
    0x3F,0x80,0x1F,0xC0,0x00,0x00,
    0x3F,0x80,0x3F,0x80,0x00,0x00,
    0x3F,0xC0,0x7F,0x80,0x00,0x00,
    0x1F,0xF0,0xFF,0x00,0x00,0x00,
    0x0F,0xFF,0xFF,0x00,0x00,0x00,
    0x07,0xFF,0xFE,0x00,0x00,0x00,
    0x03,0xFF,0xFC,0x00,0x00,0x00,
    0x01,0xFF,0xF0,0x00,0x00,0x00,
    0x00,0x3F,0xC0,0x00,0x00,0x00,
    0x00,0x00,0x00,0x00,0x00,0x00,
    0x00,0x00,0x00,0x00,0x00,0x00,
    0x00,0x00,0x00,0x00,0x00,0x00,
    0x00,0x00,0x00,0x00,0x00,0x00,
    0x00,0x00,0x00,0x00,0x00,0x00,
    0x00,0x00,0x00,0x00,0x00,0x00,
    0x00,0x00,0x00,0x00,0x00,0x00,
    0x00,0x00,0x00,0x00,0x00,0x00,
    0x00,0x00,0x00,0x00,0x00,0x00,
    0x00,0x00,0x00,0x00,0x00,0x00,
    0x00,0x00,0x00,0x00,0x00,0x00,
  },
{
    0x00,0x00,0x00,0x00,0x00,0x00,
    0x00,0x00,0x1F,0xC0,0x00,0x00,
    0x00,0x00,0x1F,0xC0,0x00,0x00,
    0x00,0x00,0x1F,0xC0,0x00,0x00,
    0x00,0x00,0x1F,0xC0,0x00,0x00,
    0x00,0x00,0x1F,0xC0,0x00,0x00,
    0x00,0x00,0x1F,0xC0,0x00,0x00,
    0x00,0x00,0x1F,0xC0,0x00,0x00,
    0x00,0x00,0x1F,0xC0,0x00,0x00,
    0x00,0x00,0x1F,0xC0,0x00,0x00,
    0x00,0xFE,0x1F,0xC0,0x00,0x00,
    0x03,0xFF,0x9F,0xC0,0x00,0x00,
    0x07,0xFF,0xDF,0xC0,0x00,0x00,
    0x0F,0xFF,0xFF,0xC0,0x00,0x00,
    0x1F,0xFF,0xFF,0xC0,0x00,0x00,
    0x3F,0xE0,0xFF,0xC0,0x00,0x00,
    0x3F,0xC0,0x7F,0xC0,0x00,0x00,
    0x3F,0x80,0x3F,0xC0,0x00,0x00,
    0x7F,0x80,0x1F,0xC0,0x00,0x00,
    0x7F,0x00,0x1F,0xC0,0x00,0x00,
    0x7F,0x00,0x1F,0xC0,0x00,0x00,
    0x7F,0x00,0x1F,0xC0,0x00,0x00,
    0x7F,0x00,0x0F,0xC0,0x00,0x00,
    0x7F,0x00,0x0F,0xC0,0x00,0x00,
    0x7F,0x00,0x0F,0xC0,0x00,0x00,
    0x7F,0x00,0x1F,0xC0,0x00,0x00,
    0x7F,0x00,0x1F,0xC0,0x00,0x00,
    0x7F,0x00,0x1F,0xC0,0x00,0x00,
    0x7F,0x80,0x1F,0xC0,0x00,0x00,
    0x3F,0x80,0x3F,0xC0,0x00,0x00,
    0x3F,0xC0,0x7F,0xC0,0x00,0x00,
    0x3F,0xF0,0xFF,0xC0,0x00,0x00,
    0x1F,0xFF,0xFF,0xC0,0x00,0x00,
    0x0F,0xFF,0xFF,0xC0,0x00,0x00,
    0x07,0xFF,0xEF,0xC0,0x00,0x00,
    0x03,0xFF,0xCF,0xC0,0x00,0x00,
    0x00,0xFE,0x00,0x00,0x00,0x00,
    0x00,0x00,0x00,0x00,0x00,0x00,
    0x00,0x00,0x00,0x00,0x00,0x00,
    0x00,0x00,0x00,0x00,0x00,0x00,
    0x00,0x00,0x00,0x00,0x00,0x00,
    0x00,0x00,0x00,0x00,0x00,0x00,
    0x00,0x00,0x00,0x00,0x00,0x00,
    0x00,0x00,0x00,0x00,0x00,0x00,
    0x00,0x00,0x00,0x00,0x00,0x00,
    0x00,0x00,0x00,0x00,0x00,0x00,
    0x00,0x00,0x00,0x00,0x00,0x00,
    0x00,0x00,0x00,0x00,0x00,0x00,
  },
{
    0x00,0x00,0x00,0x00,0x00,0x00,
    0x00,0x00,0x00,0x00,0x00,0x00,
    0x00,0x00,0x00,0x00,0x00,0x00,
    0x00,0x00,0x00,0x00,0x00,0x00,
    0x00,0x00,0x00,0x00,0x00,0x00,
    0x00,0x00,0x00,0x00,0x00,0x00,
    0x00,0x00,0x00,0x00,0x00,0x00,
    0x00,0x00,0x00,0x00,0x00,0x00,
    0x00,0x00,0x00,0x00,0x00,0x00,
    0x00,0x00,0x00,0x00,0x00,0x00,
    0x00,0x7F,0x80,0x00,0x00,0x00,
    0x01,0xFF,0xE0,0x00,0x00,0x00,
    0x03,0xFF,0xF8,0x00,0x00,0x00,
    0x0F,0xFF,0xFC,0x00,0x00,0x00,
    0x1F,0xFF,0xFE,0x00,0x00,0x00,
    0x1F,0xE1,0xFF,0x00,0x00,0x00,
    0x3F,0x80,0x7F,0x00,0x00,0x00,
    0x3F,0x80,0x3F,0x80,0x00,0x00,
    0x7F,0x00,0x3F,0x80,0x00,0x00,
    0x7F,0x00,0x3F,0x80,0x00,0x00,
    0x7F,0x00,0x1F,0x80,0x00,0x00,
    0x7F,0xFF,0xFF,0xC0,0x00,0x00,
    0xFF,0xFF,0xFF,0xC0,0x00,0x00,
    0xFF,0xFF,0xFF,0xC0,0x00,0x00,
    0xFF,0xFF,0xFF,0xC0,0x00,0x00,
    0x7E,0x00,0x00,0x00,0x00,0x00,
    0x7F,0x00,0x00,0x00,0x00,0x00,
    0x7F,0x00,0x00,0x00,0x00,0x00,
    0x7F,0x00,0x00,0x00,0x00,0x00,
    0x7F,0x80,0x1F,0x80,0x00,0x00,
    0x3F,0x80,0x3F,0x80,0x00,0x00,
    0x1F,0xE0,0xFF,0x00,0x00,0x00,
    0x1F,0xFF,0xFF,0x00,0x00,0x00,
    0x0F,0xFF,0xFE,0x00,0x00,0x00,
    0x07,0xFF,0xFC,0x00,0x00,0x00,
    0x01,0xFF,0xF0,0x00,0x00,0x00,
    0x00,0x7F,0xC0,0x00,0x00,0x00,
    0x00,0x00,0x00,0x00,0x00,0x00,
    0x00,0x00,0x00,0x00,0x00,0x00,
    0x00,0x00,0x00,0x00,0x00,0x00,
    0x00,0x00,0x00,0x00,0x00,0x00,
    0x00,0x00,0x00,0x00,0x00,0x00,
    0x00,0x00,0x00,0x00,0x00,0x00,
    0x00,0x00,0x00,0x00,0x00,0x00,
    0x00,0x00,0x00,0x00,0x00,0x00,
    0x00,0x00,0x00,0x00,0x00,0x00,
    0x00,0x00,0x00,0x00,0x00,0x00,
    0x00,0x00,0x00,0x00,0x00,0x00,
  },
{
    0x00,0x00,0x00,0x00,0x00,0x00,
    0x00,0x7F,0x00,0x00,0x00,0x00,
    0x01,0xFF,0x00,0x00,0x00,0x00,
    0x03,0xFF,0x00,0x00,0x00,0x00,
    0x07,0xFF,0x00,0x00,0x00,0x00,
    0x07,0xFF,0x00,0x00,0x00,0x00,
    0x0F,0xF0,0x00,0x00,0x00,0x00,
    0x0F,0xE0,0x00,0x00,0x00,0x00,
    0x0F,0xE0,0x00,0x00,0x00,0x00,
    0x0F,0xE0,0x00,0x00,0x00,0x00,
    0xFF,0xFF,0x00,0x00,0x00,0x00,
    0xFF,0xFF,0x00,0x00,0x00,0x00,
    0xFF,0xFF,0x00,0x00,0x00,0x00,
    0xFF,0xFF,0x00,0x00,0x00,0x00,
    0xFF,0xFF,0x00,0x00,0x00,0x00,
    0x0F,0xE0,0x00,0x00,0x00,0x00,
    0x0F,0xE0,0x00,0x00,0x00,0x00,
    0x0F,0xE0,0x00,0x00,0x00,0x00,
    0x0F,0xE0,0x00,0x00,0x00,0x00,
    0x0F,0xE0,0x00,0x00,0x00,0x00,
    0x0F,0xE0,0x00,0x00,0x00,0x00,
    0x0F,0xE0,0x00,0x00,0x00,0x00,
    0x0F,0xE0,0x00,0x00,0x00,0x00,
    0x0F,0xE0,0x00,0x00,0x00,0x00,
    0x0F,0xE0,0x00,0x00,0x00,0x00,
    0x0F,0xE0,0x00,0x00,0x00,0x00,
    0x0F,0xE0,0x00,0x00,0x00,0x00,
    0x0F,0xE0,0x00,0x00,0x00,0x00,
    0x0F,0xE0,0x00,0x00,0x00,0x00,
    0x0F,0xE0,0x00,0x00,0x00,0x00,
    0x0F,0xE0,0x00,0x00,0x00,0x00,
    0x0F,0xE0,0x00,0x00,0x00,0x00,
    0x0F,0xE0,0x00,0x00,0x00,0x00,
    0x0F,0xE0,0x00,0x00,0x00,0x00,
    0x0F,0xE0,0x00,0x00,0x00,0x00,
    0x0F,0xE0,0x00,0x00,0x00,0x00,
    0x00,0x00,0x00,0x00,0x00,0x00,
    0x00,0x00,0x00,0x00,0x00,0x00,
    0x00,0x00,0x00,0x00,0x00,0x00,
    0x00,0x00,0x00,0x00,0x00,0x00,
    0x00,0x00,0x00,0x00,0x00,0x00,
    0x00,0x00,0x00,0x00,0x00,0x00,
    0x00,0x00,0x00,0x00,0x00,0x00,
    0x00,0x00,0x00,0x00,0x00,0x00,
    0x00,0x00,0x00,0x00,0x00,0x00,
    0x00,0x00,0x00,0x00,0x00,0x00,
    0x00,0x00,0x00,0x00,0x00,0x00,
    0x00,0x00,0x00,0x00,0x00,0x00,
  },
{
    0x00,0x00,0x00,0x00,0x00,0x00,
    0x00,0x00,0x00,0x00,0x00,0x00,
    0x00,0x00,0x00,0x00,0x00,0x00,
    0x00,0x00,0x00,0x00,0x00,0x00,
    0x00,0x00,0x00,0x00,0x00,0x00,
    0x00,0x00,0x00,0x00,0x00,0x00,
    0x00,0x00,0x00,0x00,0x00,0x00,
    0x00,0x00,0x00,0x00,0x00,0x00,
    0x00,0x00,0x00,0x00,0x00,0x00,
    0x00,0x00,0x00,0x00,0x00,0x00,
    0x00,0xFE,0x0F,0xC0,0x00,0x00,
    0x03,0xFF,0x9F,0xC0,0x00,0x00,
    0x07,0xFF,0xDF,0xC0,0x00,0x00,
    0x0F,0xFF,0xFF,0xC0,0x00,0x00,
    0x1F,0xFF,0xFF,0xC0,0x00,0x00,
    0x3F,0xE0,0xFF,0xC0,0x00,0x00,
    0x3F,0xC0,0x7F,0xC0,0x00,0x00,
    0x3F,0x80,0x3F,0xC0,0x00,0x00,
    0x7F,0x80,0x1F,0xC0,0x00,0x00,
    0x7F,0x00,0x1F,0xC0,0x00,0x00,
    0x7F,0x00,0x1F,0xC0,0x00,0x00,
    0x7F,0x00,0x1F,0xC0,0x00,0x00,
    0x7F,0x00,0x1F,0xC0,0x00,0x00,
    0x7F,0x00,0x1F,0xC0,0x00,0x00,
    0x7F,0x00,0x1F,0xC0,0x00,0x00,
    0x7F,0x00,0x1F,0xC0,0x00,0x00,
    0x7F,0x80,0x1F,0xC0,0x00,0x00,
    0x7F,0x80,0x3F,0xC0,0x00,0x00,
    0x3F,0xC0,0x7F,0xC0,0x00,0x00,
    0x3F,0xE0,0xFF,0xC0,0x00,0x00,
    0x1F,0xFF,0xFF,0xC0,0x00,0x00,
    0x0F,0xFF,0xFF,0xC0,0x00,0x00,
    0x07,0xFF,0xDF,0xC0,0x00,0x00,
    0x03,0xFF,0x9F,0xC0,0x00,0x00,
    0x00,0xFE,0x1F,0xC0,0x00,0x00,
    0x00,0x00,0x1F,0xC0,0x00,0x00,
    0x00,0x00,0x1F,0xC0,0x00,0x00,
    0x00,0x00,0x1F,0xC0,0x00,0x00,
    0x3F,0x80,0x3F,0xC0,0x00,0x00,
    0x3F,0xC0,0x3F,0x80,0x00,0x00,
    0x3F,0xE0,0xFF,0x80,0x00,0x00,
    0x1F,0xFF,0xFF,0x00,0x00,0x00,
    0x0F,0xFF,0xFE,0x00,0x00,0x00,
    0x07,0xFF,0xFC,0x00,0x00,0x00,
    0x03,0xFF,0xF8,0x00,0x00,0x00,
    0x00,0x7F,0xC0,0x00,0x00,0x00,
    0x00,0x00,0x00,0x00,0x00,0x00,
    0x00,0x00,0x00,0x00,0x00,0x00,
  },
{
    0x00,0x00,0x00,0x00,0x00,0x00,
    0x7F,0x00,0x00,0x00,0x00,0x00,
    0x7F,0x00,0x00,0x00,0x00,0x00,
    0x7F,0x00,0x00,0x00,0x00,0x00,
    0x7F,0x00,0x00,0x00,0x00,0x00,
    0x7F,0x00,0x00,0x00,0x00,0x00,
    0x7F,0x00,0x00,0x00,0x00,0x00,
    0x7F,0x00,0x00,0x00,0x00,0x00,
    0x7F,0x00,0x00,0x00,0x00,0x00,
    0x7F,0x00,0x00,0x00,0x00,0x00,
    0x7F,0x0F,0xE0,0x00,0x00,0x00,
    0x7F,0x3F,0xF8,0x00,0x00,0x00,
    0x7F,0x7F,0xFC,0x00,0x00,0x00,
    0x7F,0xFF,0xFE,0x00,0x00,0x00,
    0x7F,0xFF,0xFF,0x00,0x00,0x00,
    0x7F,0xE1,0xFF,0x00,0x00,0x00,
    0x7F,0x80,0xFF,0x00,0x00,0x00,
    0x7F,0x80,0x7F,0x00,0x00,0x00,
    0x7F,0x00,0x7F,0x00,0x00,0x00,
    0x7F,0x00,0x7F,0x00,0x00,0x00,
    0x7F,0x00,0x7F,0x00,0x00,0x00,
    0x7F,0x00,0x7F,0x00,0x00,0x00,
    0x7F,0x00,0x7F,0x00,0x00,0x00,
    0x7F,0x00,0x7F,0x00,0x00,0x00,
    0x7F,0x00,0x7F,0x00,0x00,0x00,
    0x7F,0x00,0x7F,0x00,0x00,0x00,
    0x7F,0x00,0x7F,0x00,0x00,0x00,
    0x7F,0x00,0x7F,0x00,0x00,0x00,
    0x7F,0x00,0x7F,0x00,0x00,0x00,
    0x7F,0x00,0x7F,0x00,0x00,0x00,
    0x7F,0x00,0x7F,0x00,0x00,0x00,
    0x7F,0x00,0x7F,0x00,0x00,0x00,
    0x7F,0x00,0x7F,0x00,0x00,0x00,
    0x7F,0x00,0x7F,0x00,0x00,0x00,
    0x7F,0x00,0x7F,0x00,0x00,0x00,
    0x7F,0x00,0x7F,0x00,0x00,0x00,
    0x00,0x00,0x00,0x00,0x00,0x00,
    0x00,0x00,0x00,0x00,0x00,0x00,
    0x00,0x00,0x00,0x00,0x00,0x00,
    0x00,0x00,0x00,0x00,0x00,0x00,
    0x00,0x00,0x00,0x00,0x00,0x00,
    0x00,0x00,0x00,0x00,0x00,0x00,
    0x00,0x00,0x00,0x00,0x00,0x00,
    0x00,0x00,0x00,0x00,0x00,0x00,
    0x00,0x00,0x00,0x00,0x00,0x00,
    0x00,0x00,0x00,0x00,0x00,0x00,
    0x00,0x00,0x00,0x00,0x00,0x00,
    0x00,0x00,0x00,0x00,0x00,0x00,
  },
{
    0x00,0x00,0x00,0x00,0x00,0x00,
    0x7F,0x00,0x00,0x00,0x00,0x00,
    0x7F,0x00,0x00,0x00,0x00,0x00,
    0x7F,0x00,0x00,0x00,0x00,0x00,
    0x7F,0x00,0x00,0x00,0x00,0x00,
    0x7F,0x00,0x00,0x00,0x00,0x00,
    0x7F,0x00,0x00,0x00,0x00,0x00,
    0x00,0x00,0x00,0x00,0x00,0x00,
    0x00,0x00,0x00,0x00,0x00,0x00,
    0x00,0x00,0x00,0x00,0x00,0x00,
    0x00,0x00,0x00,0x00,0x00,0x00,
    0x7F,0x00,0x00,0x00,0x00,0x00,
    0x7F,0x00,0x00,0x00,0x00,0x00,
    0x7F,0x00,0x00,0x00,0x00,0x00,
    0x7F,0x00,0x00,0x00,0x00,0x00,
    0x7F,0x00,0x00,0x00,0x00,0x00,
    0x7F,0x00,0x00,0x00,0x00,0x00,
    0x7F,0x00,0x00,0x00,0x00,0x00,
    0x7F,0x00,0x00,0x00,0x00,0x00,
    0x7F,0x00,0x00,0x00,0x00,0x00,
    0x7F,0x00,0x00,0x00,0x00,0x00,
    0x7F,0x00,0x00,0x00,0x00,0x00,
    0x7F,0x00,0x00,0x00,0x00,0x00,
    0x7F,0x00,0x00,0x00,0x00,0x00,
    0x7F,0x00,0x00,0x00,0x00,0x00,
    0x7F,0x00,0x00,0x00,0x00,0x00,
    0x7F,0x00,0x00,0x00,0x00,0x00,
    0x7F,0x00,0x00,0x00,0x00,0x00,
    0x7F,0x00,0x00,0x00,0x00,0x00,
    0x7F,0x00,0x00,0x00,0x00,0x00,
    0x7F,0x00,0x00,0x00,0x00,0x00,
    0x7F,0x00,0x00,0x00,0x00,0x00,
    0x7F,0x00,0x00,0x00,0x00,0x00,
    0x7F,0x00,0x00,0x00,0x00,0x00,
    0x7F,0x00,0x00,0x00,0x00,0x00,
    0x7F,0x00,0x00,0x00,0x00,0x00,
    0x00,0x00,0x00,0x00,0x00,0x00,
    0x00,0x00,0x00,0x00,0x00,0x00,
    0x00,0x00,0x00,0x00,0x00,0x00,
    0x00,0x00,0x00,0x00,0x00,0x00,
    0x00,0x00,0x00,0x00,0x00,0x00,
    0x00,0x00,0x00,0x00,0x00,0x00,
    0x00,0x00,0x00,0x00,0x00,0x00,
    0x00,0x00,0x00,0x00,0x00,0x00,
    0x00,0x00,0x00,0x00,0x00,0x00,
    0x00,0x00,0x00,0x00,0x00,0x00,
    0x00,0x00,0x00,0x00,0x00,0x00,
    0x00,0x00,0x00,0x00,0x00,0x00,
  },
{
    0x00,0x00,0x00,0x00,0x00,0x00,
    0x0F,0xE0,0x00,0x00,0x00,0x00,
    0x0F,0xE0,0x00,0x00,0x00,0x00,
    0x0F,0xE0,0x00,0x00,0x00,0x00,
    0x0F,0xE0,0x00,0x00,0x00,0x00,
    0x0F,0xE0,0x00,0x00,0x00,0x00,
    0x0F,0xE0,0x00,0x00,0x00,0x00,
    0x00,0x00,0x00,0x00,0x00,0x00,
    0x00,0x00,0x00,0x00,0x00,0x00,
    0x00,0x00,0x00,0x00,0x00,0x00,
    0x00,0x00,0x00,0x00,0x00,0x00,
    0x0F,0xE0,0x00,0x00,0x00,0x00,
    0x0F,0xE0,0x00,0x00,0x00,0x00,
    0x0F,0xE0,0x00,0x00,0x00,0x00,
    0x0F,0xE0,0x00,0x00,0x00,0x00,
    0x0F,0xE0,0x00,0x00,0x00,0x00,
    0x0F,0xE0,0x00,0x00,0x00,0x00,
    0x0F,0xE0,0x00,0x00,0x00,0x00,
    0x0F,0xE0,0x00,0x00,0x00,0x00,
    0x0F,0xE0,0x00,0x00,0x00,0x00,
    0x0F,0xE0,0x00,0x00,0x00,0x00,
    0x0F,0xE0,0x00,0x00,0x00,0x00,
    0x0F,0xE0,0x00,0x00,0x00,0x00,
    0x0F,0xE0,0x00,0x00,0x00,0x00,
    0x0F,0xE0,0x00,0x00,0x00,0x00,
    0x0F,0xE0,0x00,0x00,0x00,0x00,
    0x0F,0xE0,0x00,0x00,0x00,0x00,
    0x0F,0xE0,0x00,0x00,0x00,0x00,
    0x0F,0xE0,0x00,0x00,0x00,0x00,
    0x0F,0xE0,0x00,0x00,0x00,0x00,
    0x0F,0xE0,0x00,0x00,0x00,0x00,
    0x0F,0xE0,0x00,0x00,0x00,0x00,
    0x0F,0xE0,0x00,0x00,0x00,0x00,
    0x0F,0xE0,0x00,0x00,0x00,0x00,
    0x0F,0xE0,0x00,0x00,0x00,0x00,
    0x0F,0xE0,0x00,0x00,0x00,0x00,
    0x0F,0xE0,0x00,0x00,0x00,0x00,
    0x0F,0xE0,0x00,0x00,0x00,0x00,
    0x0F,0xE0,0x00,0x00,0x00,0x00,
    0xFF,0xE0,0x00,0x00,0x00,0x00,
    0xFF,0xE0,0x00,0x00,0x00,0x00,
    0xFF,0xE0,0x00,0x00,0x00,0x00,
    0xFF,0xC0,0x00,0x00,0x00,0x00,
    0xFF,0x80,0x00,0x00,0x00,0x00,
    0xFE,0x00,0x00,0x00,0x00,0x00,
    0x00,0x00,0x00,0x00,0x00,0x00,
    0x00,0x00,0x00,0x00,0x00,0x00,
    0x00,0x00,0x00,0x00,0x00,0x00,
  },
{
    0x00,0x00,0x00,0x00,0x00,0x00,
    0xFE,0x00,0x00,0x00,0x00,0x00,
    0xFE,0x00,0x00,0x00,0x00,0x00,
    0xFE,0x00,0x00,0x00,0x00,0x00,
    0xFE,0x00,0x00,0x00,0x00,0x00,
    0xFE,0x00,0x00,0x00,0x00,0x00,
    0xFE,0x00,0x00,0x00,0x00,0x00,
    0xFE,0x00,0x00,0x00,0x00,0x00,
    0xFE,0x00,0x00,0x00,0x00,0x00,
    0xFE,0x00,0x00,0x00,0x00,0x00,
    0xFE,0x00,0x00,0x00,0x00,0x00,
    0xFE,0x01,0xFE,0x00,0x00,0x00,
    0xFE,0x03,0xFC,0x00,0x00,0x00,
    0xFE,0x07,0xF8,0x00,0x00,0x00,
    0xFE,0x0F,0xF0,0x00,0x00,0x00,
    0xFE,0x1F,0xE0,0x00,0x00,0x00,
    0xFE,0x3F,0xC0,0x00,0x00,0x00,
    0xFE,0x7F,0x80,0x00,0x00,0x00,
    0xFE,0xFF,0x00,0x00,0x00,0x00,
    0xFF,0xFE,0x00,0x00,0x00,0x00,
    0xFF,0xFE,0x00,0x00,0x00,0x00,
    0xFF,0xFF,0x00,0x00,0x00,0x00,
    0xFF,0xFF,0x00,0x00,0x00,0x00,
    0xFF,0xFF,0x80,0x00,0x00,0x00,
    0xFF,0xFF,0xC0,0x00,0x00,0x00,
    0xFF,0xBF,0xC0,0x00,0x00,0x00,
    0xFF,0x1F,0xE0,0x00,0x00,0x00,
    0xFE,0x0F,0xF0,0x00,0x00,0x00,
    0xFE,0x0F,0xF0,0x00,0x00,0x00,
    0xFE,0x07,0xF8,0x00,0x00,0x00,
    0xFE,0x07,0xFC,0x00,0x00,0x00,
    0xFE,0x03,0xFC,0x00,0x00,0x00,
    0xFE,0x01,0xFE,0x00,0x00,0x00,
    0xFE,0x01,0xFF,0x00,0x00,0x00,
    0xFE,0x00,0xFF,0x00,0x00,0x00,
    0xFE,0x00,0x7F,0x80,0x00,0x00,
    0x00,0x00,0x00,0x00,0x00,0x00,
    0x00,0x00,0x00,0x00,0x00,0x00,
    0x00,0x00,0x00,0x00,0x00,0x00,
    0x00,0x00,0x00,0x00,0x00,0x00,
    0x00,0x00,0x00,0x00,0x00,0x00,
    0x00,0x00,0x00,0x00,0x00,0x00,
    0x00,0x00,0x00,0x00,0x00,0x00,
    0x00,0x00,0x00,0x00,0x00,0x00,
    0x00,0x00,0x00,0x00,0x00,0x00,
    0x00,0x00,0x00,0x00,0x00,0x00,
    0x00,0x00,0x00,0x00,0x00,0x00,
    0x00,0x00,0x00,0x00,0x00,0x00,
  },
{
    0x00,0x00,0x00,0x00,0x00,0x00,
    0x7F,0x00,0x00,0x00,0x00,0x00,
    0x7F,0x00,0x00,0x00,0x00,0x00,
    0x7F,0x00,0x00,0x00,0x00,0x00,
    0x7F,0x00,0x00,0x00,0x00,0x00,
    0x7F,0x00,0x00,0x00,0x00,0x00,
    0x7F,0x00,0x00,0x00,0x00,0x00,
    0x7F,0x00,0x00,0x00,0x00,0x00,
    0x7F,0x00,0x00,0x00,0x00,0x00,
    0x7F,0x00,0x00,0x00,0x00,0x00,
    0x7F,0x00,0x00,0x00,0x00,0x00,
    0x7F,0x00,0x00,0x00,0x00,0x00,
    0x7F,0x00,0x00,0x00,0x00,0x00,
    0x7F,0x00,0x00,0x00,0x00,0x00,
    0x7F,0x00,0x00,0x00,0x00,0x00,
    0x7F,0x00,0x00,0x00,0x00,0x00,
    0x7F,0x00,0x00,0x00,0x00,0x00,
    0x7F,0x00,0x00,0x00,0x00,0x00,
    0x7F,0x00,0x00,0x00,0x00,0x00,
    0x7F,0x00,0x00,0x00,0x00,0x00,
    0x7F,0x00,0x00,0x00,0x00,0x00,
    0x7F,0x00,0x00,0x00,0x00,0x00,
    0x7F,0x00,0x00,0x00,0x00,0x00,
    0x7F,0x00,0x00,0x00,0x00,0x00,
    0x7F,0x00,0x00,0x00,0x00,0x00,
    0x7F,0x00,0x00,0x00,0x00,0x00,
    0x7F,0x00,0x00,0x00,0x00,0x00,
    0x7F,0x00,0x00,0x00,0x00,0x00,
    0x7F,0x00,0x00,0x00,0x00,0x00,
    0x7F,0x00,0x00,0x00,0x00,0x00,
    0x7F,0x00,0x00,0x00,0x00,0x00,
    0x7F,0x00,0x00,0x00,0x00,0x00,
    0x7F,0x00,0x00,0x00,0x00,0x00,
    0x7F,0x00,0x00,0x00,0x00,0x00,
    0x7F,0x00,0x00,0x00,0x00,0x00,
    0x7F,0x00,0x00,0x00,0x00,0x00,
    0x00,0x00,0x00,0x00,0x00,0x00,
    0x00,0x00,0x00,0x00,0x00,0x00,
    0x00,0x00,0x00,0x00,0x00,0x00,
    0x00,0x00,0x00,0x00,0x00,0x00,
    0x00,0x00,0x00,0x00,0x00,0x00,
    0x00,0x00,0x00,0x00,0x00,0x00,
    0x00,0x00,0x00,0x00,0x00,0x00,
    0x00,0x00,0x00,0x00,0x00,0x00,
    0x00,0x00,0x00,0x00,0x00,0x00,
    0x00,0x00,0x00,0x00,0x00,0x00,
    0x00,0x00,0x00,0x00,0x00,0x00,
    0x00,0x00,0x00,0x00,0x00,0x00,
  },
{
    0x00,0x00,0x00,0x00,0x00,0x00,
    0x00,0x00,0x00,0x00,0x00,0x00,
    0x00,0x00,0x00,0x00,0x00,0x00,
    0x00,0x00,0x00,0x00,0x00,0x00,
    0x00,0x00,0x00,0x00,0x00,0x00,
    0x00,0x00,0x00,0x00,0x00,0x00,
    0x00,0x00,0x00,0x00,0x00,0x00,
    0x00,0x00,0x00,0x00,0x00,0x00,
    0x00,0x00,0x00,0x00,0x00,0x00,
    0x00,0x00,0x00,0x00,0x00,0x00,
    0x7E,0x0F,0xE0,0x1F,0xC0,0x00,
    0x7E,0x3F,0xF8,0x7F,0xF0,0x00,
    0x7E,0x7F,0xFC,0xFF,0xF8,0x00,
    0x7F,0xFF,0xFF,0xFF,0xFC,0x00,
    0x7F,0xFF,0xFF,0xFF,0xFE,0x00,
    0x7F,0xE1,0xFF,0xC3,0xFE,0x00,
    0x7F,0x80,0xFF,0x80,0xFE,0x00,
    0x7F,0x80,0xFF,0x00,0xFE,0x00,
    0x7F,0x00,0x7F,0x00,0xFF,0x00,
    0x7F,0x00,0x7F,0x00,0xFF,0x00,
    0x7F,0x00,0x7F,0x00,0xFF,0x00,
    0x7F,0x00,0x7F,0x00,0x7F,0x00,
    0x7F,0x00,0x7F,0x00,0x7F,0x00,
    0x7F,0x00,0x7F,0x00,0x7F,0x00,
    0x7F,0x00,0x7F,0x00,0x7F,0x00,
    0x7F,0x00,0x7F,0x00,0x7F,0x00,
    0x7F,0x00,0x7F,0x00,0x7F,0x00,
    0x7F,0x00,0x7F,0x00,0x7F,0x00,
    0x7F,0x00,0x7F,0x00,0x7F,0x00,
    0x7F,0x00,0x7F,0x00,0x7F,0x00,
    0x7F,0x00,0x7F,0x00,0x7F,0x00,
    0x7F,0x00,0x7F,0x00,0x7F,0x00,
    0x7F,0x00,0x7F,0x00,0x7F,0x00,
    0x7F,0x00,0x7F,0x00,0x7F,0x00,
    0x7F,0x00,0x7F,0x00,0x7F,0x00,
    0x7F,0x00,0x7F,0x00,0x7F,0x00,
    0x00,0x00,0x00,0x00,0x00,0x00,
    0x00,0x00,0x00,0x00,0x00,0x00,
    0x00,0x00,0x00,0x00,0x00,0x00,
    0x00,0x00,0x00,0x00,0x00,0x00,
    0x00,0x00,0x00,0x00,0x00,0x00,
    0x00,0x00,0x00,0x00,0x00,0x00,
    0x00,0x00,0x00,0x00,0x00,0x00,
    0x00,0x00,0x00,0x00,0x00,0x00,
    0x00,0x00,0x00,0x00,0x00,0x00,
    0x00,0x00,0x00,0x00,0x00,0x00,
    0x00,0x00,0x00,0x00,0x00,0x00,
    0x00,0x00,0x00,0x00,0x00,0x00,
  },
{
    0x00,0x00,0x00,0x00,0x00,0x00,
    0x00,0x00,0x00,0x00,0x00,0x00,
    0x00,0x00,0x00,0x00,0x00,0x00,
    0x00,0x00,0x00,0x00,0x00,0x00,
    0x00,0x00,0x00,0x00,0x00,0x00,
    0x00,0x00,0x00,0x00,0x00,0x00,
    0x00,0x00,0x00,0x00,0x00,0x00,
    0x00,0x00,0x00,0x00,0x00,0x00,
    0x00,0x00,0x00,0x00,0x00,0x00,
    0x00,0x00,0x00,0x00,0x00,0x00,
    0x7E,0x0F,0xE0,0x00,0x00,0x00,
    0x7E,0x3F,0xF8,0x00,0x00,0x00,
    0x7E,0xFF,0xFC,0x00,0x00,0x00,
    0x7F,0xFF,0xFE,0x00,0x00,0x00,
    0x7F,0xFF,0xFF,0x00,0x00,0x00,
    0x7F,0xE1,0xFF,0x00,0x00,0x00,
    0x7F,0x80,0xFF,0x00,0x00,0x00,
    0x7F,0x80,0x7F,0x00,0x00,0x00,
    0x7F,0x00,0x7F,0x00,0x00,0x00,
    0x7F,0x00,0x7F,0x00,0x00,0x00,
    0x7F,0x00,0x7F,0x00,0x00,0x00,
    0x7F,0x00,0x7F,0x00,0x00,0x00,
    0x7F,0x00,0x7F,0x00,0x00,0x00,
    0x7F,0x00,0x7F,0x00,0x00,0x00,
    0x7F,0x00,0x7F,0x00,0x00,0x00,
    0x7F,0x00,0x7F,0x00,0x00,0x00,
    0x7F,0x00,0x7F,0x00,0x00,0x00,
    0x7F,0x00,0x7F,0x00,0x00,0x00,
    0x7F,0x00,0x7F,0x00,0x00,0x00,
    0x7F,0x00,0x7F,0x00,0x00,0x00,
    0x7F,0x00,0x7F,0x00,0x00,0x00,
    0x7F,0x00,0x7F,0x00,0x00,0x00,
    0x7F,0x00,0x7F,0x00,0x00,0x00,
    0x7F,0x00,0x7F,0x00,0x00,0x00,
    0x7F,0x00,0x7F,0x00,0x00,0x00,
    0x7F,0x00,0x7F,0x00,0x00,0x00,
    0x00,0x00,0x00,0x00,0x00,0x00,
    0x00,0x00,0x00,0x00,0x00,0x00,
    0x00,0x00,0x00,0x00,0x00,0x00,
    0x00,0x00,0x00,0x00,0x00,0x00,
    0x00,0x00,0x00,0x00,0x00,0x00,
    0x00,0x00,0x00,0x00,0x00,0x00,
    0x00,0x00,0x00,0x00,0x00,0x00,
    0x00,0x00,0x00,0x00,0x00,0x00,
    0x00,0x00,0x00,0x00,0x00,0x00,
    0x00,0x00,0x00,0x00,0x00,0x00,
    0x00,0x00,0x00,0x00,0x00,0x00,
    0x00,0x00,0x00,0x00,0x00,0x00,
  },
{
    0x00,0x00,0x00,0x00,0x00,0x00,
    0x00,0x00,0x00,0x00,0x00,0x00,
    0x00,0x00,0x00,0x00,0x00,0x00,
    0x00,0x00,0x00,0x00,0x00,0x00,
    0x00,0x00,0x00,0x00,0x00,0x00,
    0x00,0x00,0x00,0x00,0x00,0x00,
    0x00,0x00,0x00,0x00,0x00,0x00,
    0x00,0x00,0x00,0x00,0x00,0x00,
    0x00,0x00,0x00,0x00,0x00,0x00,
    0x00,0x00,0x00,0x00,0x00,0x00,
    0x00,0x3F,0xC0,0x00,0x00,0x00,
    0x01,0xFF,0xF8,0x00,0x00,0x00,
    0x03,0xFF,0xFC,0x00,0x00,0x00,
    0x07,0xFF,0xFE,0x00,0x00,0x00,
    0x0F,0xFF,0xFF,0x00,0x00,0x00,
    0x1F,0xF0,0xFF,0x80,0x00,0x00,
    0x3F,0xC0,0x3F,0x80,0x00,0x00,
    0x3F,0x80,0x1F,0xC0,0x00,0x00,
    0x3F,0x80,0x1F,0xC0,0x00,0x00,
    0x7F,0x00,0x0F,0xE0,0x00,0x00,
    0x7F,0x00,0x0F,0xE0,0x00,0x00,
    0x7F,0x00,0x0F,0xE0,0x00,0x00,
    0x7F,0x00,0x0F,0xE0,0x00,0x00,
    0x7F,0x00,0x0F,0xE0,0x00,0x00,
    0x7F,0x00,0x0F,0xE0,0x00,0x00,
    0x7F,0x00,0x0F,0xE0,0x00,0x00,
    0x7F,0x00,0x0F,0xE0,0x00,0x00,
    0x7F,0x00,0x0F,0xE0,0x00,0x00,
    0x3F,0x80,0x1F,0xC0,0x00,0x00,
    0x3F,0x80,0x1F,0xC0,0x00,0x00,
    0x3F,0xC0,0x3F,0xC0,0x00,0x00,
    0x1F,0xF0,0xFF,0x80,0x00,0x00,
    0x0F,0xFF,0xFF,0x00,0x00,0x00,
    0x07,0xFF,0xFE,0x00,0x00,0x00,
    0x03,0xFF,0xFC,0x00,0x00,0x00,
    0x01,0xFF,0xF8,0x00,0x00,0x00,
    0x00,0x3F,0xC0,0x00,0x00,0x00,
    0x00,0x00,0x00,0x00,0x00,0x00,
    0x00,0x00,0x00,0x00,0x00,0x00,
    0x00,0x00,0x00,0x00,0x00,0x00,
    0x00,0x00,0x00,0x00,0x00,0x00,
    0x00,0x00,0x00,0x00,0x00,0x00,
    0x00,0x00,0x00,0x00,0x00,0x00,
    0x00,0x00,0x00,0x00,0x00,0x00,
    0x00,0x00,0x00,0x00,0x00,0x00,
    0x00,0x00,0x00,0x00,0x00,0x00,
    0x00,0x00,0x00,0x00,0x00,0x00,
    0x00,0x00,0x00,0x00,0x00,0x00,
  },
{
    0x00,0x00,0x00,0x00,0x00,0x00,
    0x00,0x00,0x00,0x00,0x00,0x00,
    0x00,0x00,0x00,0x00,0x00,0x00,
    0x00,0x00,0x00,0x00,0x00,0x00,
    0x00,0x00,0x00,0x00,0x00,0x00,
    0x00,0x00,0x00,0x00,0x00,0x00,
    0x00,0x00,0x00,0x00,0x00,0x00,
    0x00,0x00,0x00,0x00,0x00,0x00,
    0x00,0x00,0x00,0x00,0x00,0x00,
    0x00,0x00,0x00,0x00,0x00,0x00,
    0x7E,0x0F,0xE0,0x00,0x00,0x00,
    0x7E,0x7F,0xF8,0x00,0x00,0x00,
    0x7E,0xFF,0xFC,0x00,0x00,0x00,
    0x7F,0xFF,0xFE,0x00,0x00,0x00,
    0x7F,0xFF,0xFF,0x00,0x00,0x00,
    0x7F,0xE1,0xFF,0x00,0x00,0x00,
    0x7F,0xC0,0x7F,0x80,0x00,0x00,
    0x7F,0x80,0x3F,0x80,0x00,0x00,
    0x7F,0x00,0x3F,0xC0,0x00,0x00,
    0x7F,0x00,0x1F,0xC0,0x00,0x00,
    0x7F,0x00,0x1F,0xC0,0x00,0x00,
    0x7F,0x00,0x1F,0xC0,0x00,0x00,
    0x7E,0x00,0x1F,0xC0,0x00,0x00,
    0x7E,0x00,0x1F,0xC0,0x00,0x00,
    0x7E,0x00,0x1F,0xC0,0x00,0x00,
    0x7F,0x00,0x1F,0xC0,0x00,0x00,
    0x7F,0x00,0x1F,0xC0,0x00,0x00,
    0x7F,0x00,0x1F,0xC0,0x00,0x00,
    0x7F,0x00,0x1F,0xC0,0x00,0x00,
    0x7F,0x80,0x3F,0xC0,0x00,0x00,
    0x7F,0xC0,0x7F,0x80,0x00,0x00,
    0x7F,0xE0,0xFF,0x80,0x00,0x00,
    0x7F,0xFF,0xFF,0x00,0x00,0x00,
    0x7F,0xFF,0xFE,0x00,0x00,0x00,
    0x7F,0x7F,0xFC,0x00,0x00,0x00,
    0x7F,0x3F,0xF8,0x00,0x00,0x00,
    0x7F,0x0F,0xE0,0x00,0x00,0x00,
    0x7F,0x00,0x00,0x00,0x00,0x00,
    0x7F,0x00,0x00,0x00,0x00,0x00,
    0x7F,0x00,0x00,0x00,0x00,0x00,
    0x7F,0x00,0x00,0x00,0x00,0x00,
    0x7F,0x00,0x00,0x00,0x00,0x00,
    0x7F,0x00,0x00,0x00,0x00,0x00,
    0x7F,0x00,0x00,0x00,0x00,0x00,
    0x7F,0x00,0x00,0x00,0x00,0x00,
    0x00,0x00,0x00,0x00,0x00,0x00,
    0x00,0x00,0x00,0x00,0x00,0x00,
    0x00,0x00,0x00,0x00,0x00,0x00,
  },
{
    0x00,0x00,0x00,0x00,0x00,0x00,
    0x00,0x00,0x00,0x00,0x00,0x00,
    0x00,0x00,0x00,0x00,0x00,0x00,
    0x00,0x00,0x00,0x00,0x00,0x00,
    0x00,0x00,0x00,0x00,0x00,0x00,
    0x00,0x00,0x00,0x00,0x00,0x00,
    0x00,0x00,0x00,0x00,0x00,0x00,
    0x00,0x00,0x00,0x00,0x00,0x00,
    0x00,0x00,0x00,0x00,0x00,0x00,
    0x00,0x00,0x00,0x00,0x00,0x00,
    0x00,0xFE,0x0F,0xC0,0x00,0x00,
    0x03,0xFF,0xCF,0xC0,0x00,0x00,
    0x07,0xFF,0xEF,0xC0,0x00,0x00,
    0x0F,0xFF,0xFF,0xC0,0x00,0x00,
    0x1F,0xFF,0xFF,0xC0,0x00,0x00,
    0x1F,0xF0,0xFF,0xC0,0x00,0x00,
    0x3F,0xC0,0x7F,0xC0,0x00,0x00,
    0x3F,0x80,0x3F,0xC0,0x00,0x00,
    0x7F,0x80,0x1F,0xC0,0x00,0x00,
    0x7F,0x00,0x1F,0xC0,0x00,0x00,
    0x7F,0x00,0x1F,0xC0,0x00,0x00,
    0x7F,0x00,0x1F,0xC0,0x00,0x00,
    0x7F,0x00,0x1F,0xC0,0x00,0x00,
    0x7F,0x00,0x0F,0xC0,0x00,0x00,
    0x7F,0x00,0x0F,0xC0,0x00,0x00,
    0x7F,0x00,0x1F,0xC0,0x00,0x00,
    0x7F,0x00,0x1F,0xC0,0x00,0x00,
    0x7F,0x00,0x1F,0xC0,0x00,0x00,
    0x7F,0x00,0x1F,0xC0,0x00,0x00,
    0x7F,0x80,0x3F,0xC0,0x00,0x00,
    0x3F,0xC0,0x7F,0xC0,0x00,0x00,
    0x3F,0xE0,0xFF,0xC0,0x00,0x00,
    0x1F,0xFF,0xFF,0xC0,0x00,0x00,
    0x0F,0xFF,0xFF,0xC0,0x00,0x00,
    0x07,0xFF,0xDF,0xC0,0x00,0x00,
    0x03,0xFF,0x9F,0xC0,0x00,0x00,
    0x00,0xFE,0x1F,0xC0,0x00,0x00,
    0x00,0x00,0x1F,0xC0,0x00,0x00,
    0x00,0x00,0x1F,0xC0,0x00,0x00,
    0x00,0x00,0x1F,0xC0,0x00,0x00,
    0x00,0x00,0x1F,0xC0,0x00,0x00,
    0x00,0x00,0x1F,0xC0,0x00,0x00,
    0x00,0x00,0x1F,0xC0,0x00,0x00,
    0x00,0x00,0x1F,0xC0,0x00,0x00,
    0x00,0x00,0x1F,0xC0,0x00,0x00,
    0x00,0x00,0x00,0x00,0x00,0x00,
    0x00,0x00,0x00,0x00,0x00,0x00,
    0x00,0x00,0x00,0x00,0x00,0x00,
  },
{
    0x00,0x00,0x00,0x00,0x00,0x00,
    0x00,0x00,0x00,0x00,0x00,0x00,
    0x00,0x00,0x00,0x00,0x00,0x00,
    0x00,0x00,0x00,0x00,0x00,0x00,
    0x00,0x00,0x00,0x00,0x00,0x00,
    0x00,0x00,0x00,0x00,0x00,0x00,
    0x00,0x00,0x00,0x00,0x00,0x00,
    0x00,0x00,0x00,0x00,0x00,0x00,
    0x00,0x00,0x00,0x00,0x00,0x00,
    0x00,0x00,0x00,0x00,0x00,0x00,
    0x7E,0x0F,0x80,0x00,0x00,0x00,
    0x7E,0x3F,0x80,0x00,0x00,0x00,
    0x7E,0x7F,0x80,0x00,0x00,0x00,
    0x7E,0xFF,0x80,0x00,0x00,0x00,
    0x7F,0xFF,0x80,0x00,0x00,0x00,
    0x7F,0xFF,0x80,0x00,0x00,0x00,
    0x7F,0xF0,0x00,0x00,0x00,0x00,
    0x7F,0xC0,0x00,0x00,0x00,0x00,
    0x7F,0x80,0x00,0x00,0x00,0x00,
    0x7F,0x80,0x00,0x00,0x00,0x00,
    0x7F,0x00,0x00,0x00,0x00,0x00,
    0x7F,0x00,0x00,0x00,0x00,0x00,
    0x7F,0x00,0x00,0x00,0x00,0x00,
    0x7F,0x00,0x00,0x00,0x00,0x00,
    0x7F,0x00,0x00,0x00,0x00,0x00,
    0x7F,0x00,0x00,0x00,0x00,0x00,
    0x7F,0x00,0x00,0x00,0x00,0x00,
    0x7F,0x00,0x00,0x00,0x00,0x00,
    0x7F,0x00,0x00,0x00,0x00,0x00,
    0x7F,0x00,0x00,0x00,0x00,0x00,
    0x7F,0x00,0x00,0x00,0x00,0x00,
    0x7F,0x00,0x00,0x00,0x00,0x00,
    0x7F,0x00,0x00,0x00,0x00,0x00,
    0x7F,0x00,0x00,0x00,0x00,0x00,
    0x7F,0x00,0x00,0x00,0x00,0x00,
    0x7F,0x00,0x00,0x00,0x00,0x00,
    0x00,0x00,0x00,0x00,0x00,0x00,
    0x00,0x00,0x00,0x00,0x00,0x00,
    0x00,0x00,0x00,0x00,0x00,0x00,
    0x00,0x00,0x00,0x00,0x00,0x00,
    0x00,0x00,0x00,0x00,0x00,0x00,
    0x00,0x00,0x00,0x00,0x00,0x00,
    0x00,0x00,0x00,0x00,0x00,0x00,
    0x00,0x00,0x00,0x00,0x00,0x00,
    0x00,0x00,0x00,0x00,0x00,0x00,
    0x00,0x00,0x00,0x00,0x00,0x00,
    0x00,0x00,0x00,0x00,0x00,0x00,
    0x00,0x00,0x00,0x00,0x00,0x00,
  },
{
    0x00,0x00,0x00,0x00,0x00,0x00,
    0x00,0x00,0x00,0x00,0x00,0x00,
    0x00,0x00,0x00,0x00,0x00,0x00,
    0x00,0x00,0x00,0x00,0x00,0x00,
    0x00,0x00,0x00,0x00,0x00,0x00,
    0x00,0x00,0x00,0x00,0x00,0x00,
    0x00,0x00,0x00,0x00,0x00,0x00,
    0x00,0x00,0x00,0x00,0x00,0x00,
    0x00,0x00,0x00,0x00,0x00,0x00,
    0x00,0x00,0x00,0x00,0x00,0x00,
    0x01,0xFF,0x80,0x00,0x00,0x00,
    0x07,0xFF,0xE0,0x00,0x00,0x00,
    0x1F,0xFF,0xF8,0x00,0x00,0x00,
    0x3F,0xFF,0xFC,0x00,0x00,0x00,
    0x3F,0xFF,0xFC,0x00,0x00,0x00,
    0x7F,0x83,0xFE,0x00,0x00,0x00,
    0x7F,0x00,0xFE,0x00,0x00,0x00,
    0x7F,0x00,0xFE,0x00,0x00,0x00,
    0x7F,0x00,0x00,0x00,0x00,0x00,
    0x7F,0xC0,0x00,0x00,0x00,0x00,
    0x7F,0xF8,0x00,0x00,0x00,0x00,
    0x3F,0xFF,0x80,0x00,0x00,0x00,
    0x1F,0xFF,0xF0,0x00,0x00,0x00,
    0x07,0xFF,0xFC,0x00,0x00,0x00,
    0x01,0xFF,0xFE,0x00,0x00,0x00,
    0x00,0x0F,0xFE,0x00,0x00,0x00,
    0x00,0x01,0xFF,0x00,0x00,0x00,
    0x00,0x00,0xFF,0x00,0x00,0x00,
    0xFE,0x00,0x7F,0x00,0x00,0x00,
    0x7E,0x00,0x7F,0x00,0x00,0x00,
    0x7F,0x00,0xFF,0x00,0x00,0x00,
    0x7F,0xC1,0xFE,0x00,0x00,0x00,
    0x3F,0xFF,0xFE,0x00,0x00,0x00,
    0x3F,0xFF,0xFC,0x00,0x00,0x00,
    0x1F,0xFF,0xF8,0x00,0x00,0x00,
    0x07,0xFF,0xF0,0x00,0x00,0x00,
    0x00,0xFF,0x80,0x00,0x00,0x00,
    0x00,0x00,0x00,0x00,0x00,0x00,
    0x00,0x00,0x00,0x00,0x00,0x00,
    0x00,0x00,0x00,0x00,0x00,0x00,
    0x00,0x00,0x00,0x00,0x00,0x00,
    0x00,0x00,0x00,0x00,0x00,0x00,
    0x00,0x00,0x00,0x00,0x00,0x00,
    0x00,0x00,0x00,0x00,0x00,0x00,
    0x00,0x00,0x00,0x00,0x00,0x00,
    0x00,0x00,0x00,0x00,0x00,0x00,
    0x00,0x00,0x00,0x00,0x00,0x00,
    0x00,0x00,0x00,0x00,0x00,0x00,
  },
{
    0x00,0x00,0x00,0x00,0x00,0x00,
    0x00,0x00,0x00,0x00,0x00,0x00,
    0x00,0x00,0x00,0x00,0x00,0x00,
    0x0F,0xF0,0x00,0x00,0x00,0x00,
    0x0F,0xF0,0x00,0x00,0x00,0x00,
    0x0F,0xF0,0x00,0x00,0x00,0x00,
    0x0F,0xF0,0x00,0x00,0x00,0x00,
    0x0F,0xF0,0x00,0x00,0x00,0x00,
    0x0F,0xF0,0x00,0x00,0x00,0x00,
    0x0F,0xF0,0x00,0x00,0x00,0x00,
    0xFF,0xFF,0x80,0x00,0x00,0x00,
    0xFF,0xFF,0x80,0x00,0x00,0x00,
    0xFF,0xFF,0x80,0x00,0x00,0x00,
    0xFF,0xFF,0x80,0x00,0x00,0x00,
    0xFF,0xFF,0x80,0x00,0x00,0x00,
    0x0F,0xF0,0x00,0x00,0x00,0x00,
    0x0F,0xF0,0x00,0x00,0x00,0x00,
    0x0F,0xF0,0x00,0x00,0x00,0x00,
    0x0F,0xF0,0x00,0x00,0x00,0x00,
    0x0F,0xF0,0x00,0x00,0x00,0x00,
    0x0F,0xF0,0x00,0x00,0x00,0x00,
    0x0F,0xF0,0x00,0x00,0x00,0x00,
    0x0F,0xF0,0x00,0x00,0x00,0x00,
    0x0F,0xF0,0x00,0x00,0x00,0x00,
    0x0F,0xF0,0x00,0x00,0x00,0x00,
    0x0F,0xF0,0x00,0x00,0x00,0x00,
    0x0F,0xF0,0x00,0x00,0x00,0x00,
    0x0F,0xF0,0x00,0x00,0x00,0x00,
    0x0F,0xF0,0x00,0x00,0x00,0x00,
    0x0F,0xF0,0x00,0x00,0x00,0x00,
    0x0F,0xF0,0x00,0x00,0x00,0x00,
    0x07,0xFF,0x80,0x00,0x00,0x00,
    0x07,0xFF,0x80,0x00,0x00,0x00,
    0x07,0xFF,0x80,0x00,0x00,0x00,
    0x03,0xFF,0x80,0x00,0x00,0x00,
    0x00,0xFF,0x80,0x00,0x00,0x00,
    0x00,0x00,0x00,0x00,0x00,0x00,
    0x00,0x00,0x00,0x00,0x00,0x00,
    0x00,0x00,0x00,0x00,0x00,0x00,
    0x00,0x00,0x00,0x00,0x00,0x00,
    0x00,0x00,0x00,0x00,0x00,0x00,
    0x00,0x00,0x00,0x00,0x00,0x00,
    0x00,0x00,0x00,0x00,0x00,0x00,
    0x00,0x00,0x00,0x00,0x00,0x00,
    0x00,0x00,0x00,0x00,0x00,0x00,
    0x00,0x00,0x00,0x00,0x00,0x00,
    0x00,0x00,0x00,0x00,0x00,0x00,
    0x00,0x00,0x00,0x00,0x00,0x00,
  },
{
    0x00,0x00,0x00,0x00,0x00,0x00,
    0x00,0x00,0x00,0x00,0x00,0x00,
    0x00,0x00,0x00,0x00,0x00,0x00,
    0x00,0x00,0x00,0x00,0x00,0x00,
    0x00,0x00,0x00,0x00,0x00,0x00,
    0x00,0x00,0x00,0x00,0x00,0x00,
    0x00,0x00,0x00,0x00,0x00,0x00,
    0x00,0x00,0x00,0x00,0x00,0x00,
    0x00,0x00,0x00,0x00,0x00,0x00,
    0x00,0x00,0x00,0x00,0x00,0x00,
    0x00,0x00,0x00,0x00,0x00,0x00,
    0x7F,0x00,0x7F,0x00,0x00,0x00,
    0x7F,0x00,0x7F,0x00,0x00,0x00,
    0x7F,0x00,0x7F,0x00,0x00,0x00,
    0x7F,0x00,0x7F,0x00,0x00,0x00,
    0x7F,0x00,0x7F,0x00,0x00,0x00,
    0x7F,0x00,0x7F,0x00,0x00,0x00,
    0x7F,0x00,0x7F,0x00,0x00,0x00,
    0x7F,0x00,0x7F,0x00,0x00,0x00,
    0x7F,0x00,0x7F,0x00,0x00,0x00,
    0x7F,0x00,0x7F,0x00,0x00,0x00,
    0x7F,0x00,0x7F,0x00,0x00,0x00,
    0x7F,0x00,0x7F,0x00,0x00,0x00,
    0x7F,0x00,0x7F,0x00,0x00,0x00,
    0x7F,0x00,0x7F,0x00,0x00,0x00,
    0x7F,0x00,0x7F,0x00,0x00,0x00,
    0x7F,0x00,0x7F,0x00,0x00,0x00,
    0x7F,0x00,0x7F,0x00,0x00,0x00,
    0x7F,0x00,0x7F,0x00,0x00,0x00,
    0x7F,0x80,0xFF,0x00,0x00,0x00,
    0x7F,0xC3,0xFF,0x00,0x00,0x00,
    0x7F,0xFF,0xFF,0x00,0x00,0x00,
    0x3F,0xFF,0xFF,0x00,0x00,0x00,
    0x1F,0xFF,0xBF,0x00,0x00,0x00,
    0x0F,0xFE,0x3F,0x00,0x00,0x00,
    0x03,0xF8,0x3F,0x00,0x00,0x00,
    0x00,0x00,0x00,0x00,0x00,0x00,
    0x00,0x00,0x00,0x00,0x00,0x00,
    0x00,0x00,0x00,0x00,0x00,0x00,
    0x00,0x00,0x00,0x00,0x00,0x00,
    0x00,0x00,0x00,0x00,0x00,0x00,
    0x00,0x00,0x00,0x00,0x00,0x00,
    0x00,0x00,0x00,0x00,0x00,0x00,
    0x00,0x00,0x00,0x00,0x00,0x00,
    0x00,0x00,0x00,0x00,0x00,0x00,
    0x00,0x00,0x00,0x00,0x00,0x00,
    0x00,0x00,0x00,0x00,0x00,0x00,
    0x00,0x00,0x00,0x00,0x00,0x00,
  },
{
    0x00,0x00,0x00,0x00,0x00,0x00,
    0x00,0x00,0x00,0x00,0x00,0x00,
    0x00,0x00,0x00,0x00,0x00,0x00,
    0x00,0x00,0x00,0x00,0x00,0x00,
    0x00,0x00,0x00,0x00,0x00,0x00,
    0x00,0x00,0x00,0x00,0x00,0x00,
    0x00,0x00,0x00,0x00,0x00,0x00,
    0x00,0x00,0x00,0x00,0x00,0x00,
    0x00,0x00,0x00,0x00,0x00,0x00,
    0x00,0x00,0x00,0x00,0x00,0x00,
    0x00,0x00,0x00,0x00,0x00,0x00,
    0xFF,0x00,0x3F,0x80,0x00,0x00,
    0x7F,0x00,0x3F,0x80,0x00,0x00,
    0x7F,0x00,0x7F,0x00,0x00,0x00,
    0x7F,0x80,0x7F,0x00,0x00,0x00,
    0x3F,0x80,0x7F,0x00,0x00,0x00,
    0x3F,0x80,0x7E,0x00,0x00,0x00,
    0x3F,0xC0,0xFE,0x00,0x00,0x00,
    0x1F,0xC0,0xFE,0x00,0x00,0x00,
    0x1F,0xC0,0xFC,0x00,0x00,0x00,
    0x1F,0xE1,0xFC,0x00,0x00,0x00,
    0x0F,0xE1,0xFC,0x00,0x00,0x00,
    0x0F,0xE1,0xF8,0x00,0x00,0x00,
    0x07,0xF3,0xF8,0x00,0x00,0x00,
    0x07,0xF3,0xF8,0x00,0x00,0x00,
    0x07,0xF3,0xF0,0x00,0x00,0x00,
    0x03,0xF7,0xF0,0x00,0x00,0x00,
    0x03,0xFF,0xF0,0x00,0x00,0x00,
    0x03,0xFF,0xE0,0x00,0x00,0x00,
    0x01,0xFF,0xE0,0x00,0x00,0x00,
    0x01,0xFF,0xE0,0x00,0x00,0x00,
    0x01,0xFF,0xC0,0x00,0x00,0x00,
    0x00,0xFF,0xC0,0x00,0x00,0x00,
    0x00,0xFF,0xC0,0x00,0x00,0x00,
    0x00,0xFF,0x80,0x00,0x00,0x00,
    0x00,0x7F,0x80,0x00,0x00,0x00,
    0x00,0x00,0x00,0x00,0x00,0x00,
    0x00,0x00,0x00,0x00,0x00,0x00,
    0x00,0x00,0x00,0x00,0x00,0x00,
    0x00,0x00,0x00,0x00,0x00,0x00,
    0x00,0x00,0x00,0x00,0x00,0x00,
    0x00,0x00,0x00,0x00,0x00,0x00,
    0x00,0x00,0x00,0x00,0x00,0x00,
    0x00,0x00,0x00,0x00,0x00,0x00,
    0x00,0x00,0x00,0x00,0x00,0x00,
    0x00,0x00,0x00,0x00,0x00,0x00,
    0x00,0x00,0x00,0x00,0x00,0x00,
    0x00,0x00,0x00,0x00,0x00,0x00,
  },
{
    0x00,0x00,0x00,0x00,0x00,0x00,
    0x00,0x00,0x00,0x00,0x00,0x00,
    0x00,0x00,0x00,0x00,0x00,0x00,
    0x00,0x00,0x00,0x00,0x00,0x00,
    0x00,0x00,0x00,0x00,0x00,0x00,
    0x00,0x00,0x00,0x00,0x00,0x00,
    0x00,0x00,0x00,0x00,0x00,0x00,
    0x00,0x00,0x00,0x00,0x00,0x00,
    0x00,0x00,0x00,0x00,0x00,0x00,
    0x00,0x00,0x00,0x00,0x00,0x00,
    0x00,0x00,0x00,0x00,0x00,0x00,
    0xFF,0x00,0xFF,0x00,0xFF,0x00,
    0x7F,0x00,0xFF,0x00,0xFE,0x00,
    0x7F,0x00,0xFF,0x00,0xFE,0x00,
    0x7F,0x80,0xFF,0x01,0xFE,0x00,
    0x3F,0x81,0xFF,0x81,0xFC,0x00,
    0x3F,0x81,0xFF,0x81,0xFC,0x00,
    0x3F,0x81,0xFF,0x81,0xFC,0x00,
    0x1F,0xC1,0xFF,0x83,0xF8,0x00,
    0x1F,0xC3,0xFF,0xC3,0xF8,0x00,
    0x1F,0xC3,0xFF,0xC3,0xF8,0x00,
    0x0F,0xE3,0xEF,0xC7,0xF0,0x00,
    0x0F,0xE3,0xE7,0xC7,0xF0,0x00,
    0x0F,0xE7,0xE7,0xE7,0xF0,0x00,
    0x07,0xE7,0xE7,0xE7,0xE0,0x00,
    0x07,0xF7,0xC3,0xEF,0xE0,0x00,
    0x07,0xF7,0xC3,0xEF,0xE0,0x00,
    0x03,0xFF,0xC3,0xFF,0xC0,0x00,
    0x03,0xFF,0xC3,0xFF,0xC0,0x00,
    0x03,0xFF,0x81,0xFF,0xC0,0x00,
    0x03,0xFF,0x81,0xFF,0x80,0x00,
    0x01,0xFF,0x81,0xFF,0x80,0x00,
    0x01,0xFF,0x01,0xFF,0x80,0x00,
    0x01,0xFF,0x00,0xFF,0x00,0x00,
    0x00,0xFF,0x00,0xFF,0x00,0x00,
    0x00,0xFF,0x00,0xFF,0x00,0x00,
    0x00,0x00,0x00,0x00,0x00,0x00,
    0x00,0x00,0x00,0x00,0x00,0x00,
    0x00,0x00,0x00,0x00,0x00,0x00,
    0x00,0x00,0x00,0x00,0x00,0x00,
    0x00,0x00,0x00,0x00,0x00,0x00,
    0x00,0x00,0x00,0x00,0x00,0x00,
    0x00,0x00,0x00,0x00,0x00,0x00,
    0x00,0x00,0x00,0x00,0x00,0x00,
    0x00,0x00,0x00,0x00,0x00,0x00,
    0x00,0x00,0x00,0x00,0x00,0x00,
    0x00,0x00,0x00,0x00,0x00,0x00,
    0x00,0x00,0x00,0x00,0x00,0x00,
  },
{
    0x00,0x00,0x00,0x00,0x00,0x00,
    0x00,0x00,0x00,0x00,0x00,0x00,
    0x00,0x00,0x00,0x00,0x00,0x00,
    0x00,0x00,0x00,0x00,0x00,0x00,
    0x00,0x00,0x00,0x00,0x00,0x00,
    0x00,0x00,0x00,0x00,0x00,0x00,
    0x00,0x00,0x00,0x00,0x00,0x00,
    0x00,0x00,0x00,0x00,0x00,0x00,
    0x00,0x00,0x00,0x00,0x00,0x00,
    0x00,0x00,0x00,0x00,0x00,0x00,
    0x00,0x00,0x00,0x00,0x00,0x00,
    0x7F,0x80,0x7F,0x80,0x00,0x00,
    0x3F,0xC0,0x7F,0x00,0x00,0x00,
    0x3F,0xC0,0xFF,0x00,0x00,0x00,
    0x1F,0xE1,0xFE,0x00,0x00,0x00,
    0x0F,0xF3,0xFC,0x00,0x00,0x00,
    0x07,0xFB,0xF8,0x00,0x00,0x00,
    0x07,0xFF,0xF8,0x00,0x00,0x00,
    0x03,0xFF,0xF0,0x00,0x00,0x00,
    0x01,0xFF,0xE0,0x00,0x00,0x00,
    0x01,0xFF,0xE0,0x00,0x00,0x00,
    0x00,0xFF,0xC0,0x00,0x00,0x00,
    0x00,0x7F,0x80,0x00,0x00,0x00,
    0x00,0x7F,0xC0,0x00,0x00,0x00,
    0x00,0xFF,0xC0,0x00,0x00,0x00,
    0x01,0xFF,0xE0,0x00,0x00,0x00,
    0x01,0xFF,0xF0,0x00,0x00,0x00,
    0x03,0xFF,0xF0,0x00,0x00,0x00,
    0x07,0xFF,0xF8,0x00,0x00,0x00,
    0x0F,0xF3,0xFC,0x00,0x00,0x00,
    0x0F,0xF1,0xFE,0x00,0x00,0x00,
    0x1F,0xE1,0xFE,0x00,0x00,0x00,
    0x3F,0xC0,0xFF,0x00,0x00,0x00,
    0x3F,0xC0,0x7F,0x80,0x00,0x00,
    0x7F,0x80,0x7F,0x80,0x00,0x00,
    0xFF,0x00,0x3F,0xC0,0x00,0x00,
    0x00,0x00,0x00,0x00,0x00,0x00,
    0x00,0x00,0x00,0x00,0x00,0x00,
    0x00,0x00,0x00,0x00,0x00,0x00,
    0x00,0x00,0x00,0x00,0x00,0x00,
    0x00,0x00,0x00,0x00,0x00,0x00,
    0x00,0x00,0x00,0x00,0x00,0x00,
    0x00,0x00,0x00,0x00,0x00,0x00,
    0x00,0x00,0x00,0x00,0x00,0x00,
    0x00,0x00,0x00,0x00,0x00,0x00,
    0x00,0x00,0x00,0x00,0x00,0x00,
    0x00,0x00,0x00,0x00,0x00,0x00,
    0x00,0x00,0x00,0x00,0x00,0x00,
  },
{
    0x00,0x00,0x00,0x00,0x00,0x00,
    0x00,0x00,0x00,0x00,0x00,0x00,
    0x00,0x00,0x00,0x00,0x00,0x00,
    0x00,0x00,0x00,0x00,0x00,0x00,
    0x00,0x00,0x00,0x00,0x00,0x00,
    0x00,0x00,0x00,0x00,0x00,0x00,
    0x00,0x00,0x00,0x00,0x00,0x00,
    0x00,0x00,0x00,0x00,0x00,0x00,
    0x00,0x00,0x00,0x00,0x00,0x00,
    0x00,0x00,0x00,0x00,0x00,0x00,
    0x00,0x00,0x00,0x00,0x00,0x00,
    0x7F,0x00,0x1F,0xE0,0x00,0x00,
    0x7F,0x80,0x1F,0xC0,0x00,0x00,
    0x3F,0x80,0x1F,0xC0,0x00,0x00,
    0x3F,0x80,0x3F,0x80,0x00,0x00,
    0x3F,0xC0,0x3F,0x80,0x00,0x00,
    0x1F,0xC0,0x3F,0x80,0x00,0x00,
    0x1F,0xC0,0x7F,0x00,0x00,0x00,
    0x1F,0xE0,0x7F,0x00,0x00,0x00,
    0x0F,0xE0,0x7F,0x00,0x00,0x00,
    0x0F,0xE0,0xFE,0x00,0x00,0x00,
    0x07,0xF0,0xFE,0x00,0x00,0x00,
    0x07,0xF0,0xFC,0x00,0x00,0x00,
    0x07,0xF1,0xFC,0x00,0x00,0x00,
    0x03,0xF9,0xFC,0x00,0x00,0x00,
    0x03,0xF9,0xF8,0x00,0x00,0x00,
    0x03,0xFB,0xF8,0x00,0x00,0x00,
    0x01,0xFF,0xF8,0x00,0x00,0x00,
    0x01,0xFF,0xF0,0x00,0x00,0x00,
    0x00,0xFF,0xF0,0x00,0x00,0x00,
    0x00,0xFF,0xE0,0x00,0x00,0x00,
    0x00,0xFF,0xE0,0x00,0x00,0x00,
    0x00,0x7F,0xE0,0x00,0x00,0x00,
    0x00,0x7F,0xC0,0x00,0x00,0x00,
    0x00,0x7F,0xC0,0x00,0x00,0x00,
    0x00,0x3F,0xC0,0x00,0x00,0x00,
    0x00,0x3F,0x80,0x00,0x00,0x00,
    0x00,0x3F,0x80,0x00,0x00,0x00,
    0x00,0x7F,0x80,0x00,0x00,0x00,
    0x1F,0xFF,0x00,0x00,0x00,0x00,
    0x1F,0xFF,0x00,0x00,0x00,0x00,
    0x1F,0xFE,0x00,0x00,0x00,0x00,
    0x1F,0xFC,0x00,0x00,0x00,0x00,
    0x1F,0xF8,0x00,0x00,0x00,0x00,
    0x1F,0xE0,0x00,0x00,0x00,0x00,
    0x00,0x00,0x00,0x00,0x00,0x00,
    0x00,0x00,0x00,0x00,0x00,0x00,
    0x00,0x00,0x00,0x00,0x00,0x00,
  },
{
    0x00,0x00,0x00,0x00,0x00,0x00,
    0x00,0x00,0x00,0x00,0x00,0x00,
    0x00,0x00,0x00,0x00,0x00,0x00,
    0x00,0x00,0x00,0x00,0x00,0x00,
    0x00,0x00,0x00,0x00,0x00,0x00,
    0x00,0x00,0x00,0x00,0x00,0x00,
    0x00,0x00,0x00,0x00,0x00,0x00,
    0x00,0x00,0x00,0x00,0x00,0x00,
    0x00,0x00,0x00,0x00,0x00,0x00,
    0x00,0x00,0x00,0x00,0x00,0x00,
    0x00,0x00,0x00,0x00,0x00,0x00,
    0x7F,0xFF,0xFC,0x00,0x00,0x00,
    0x7F,0xFF,0xFC,0x00,0x00,0x00,
    0x7F,0xFF,0xFC,0x00,0x00,0x00,
    0x7F,0xFF,0xFC,0x00,0x00,0x00,
    0x7F,0xFF,0xFC,0x00,0x00,0x00,
    0x00,0x07,0xFC,0x00,0x00,0x00,
    0x00,0x0F,0xF8,0x00,0x00,0x00,
    0x00,0x1F,0xF0,0x00,0x00,0x00,
    0x00,0x3F,0xE0,0x00,0x00,0x00,
    0x00,0x7F,0xE0,0x00,0x00,0x00,
    0x00,0xFF,0xC0,0x00,0x00,0x00,
    0x01,0xFF,0x80,0x00,0x00,0x00,
    0x01,0xFF,0x00,0x00,0x00,0x00,
    0x03,0xFE,0x00,0x00,0x00,0x00,
    0x07,0xFC,0x00,0x00,0x00,0x00,
    0x0F,0xF8,0x00,0x00,0x00,0x00,
    0x1F,0xF0,0x00,0x00,0x00,0x00,
    0x3F,0xF0,0x00,0x00,0x00,0x00,
    0x7F,0xE0,0x00,0x00,0x00,0x00,
    0xFF,0xC0,0x00,0x00,0x00,0x00,
    0xFF,0xFF,0xFE,0x00,0x00,0x00,
    0xFF,0xFF,0xFE,0x00,0x00,0x00,
    0xFF,0xFF,0xFE,0x00,0x00,0x00,
    0xFF,0xFF,0xFE,0x00,0x00,0x00,
    0xFF,0xFF,0xFE,0x00,0x00,0x00,
    0x00,0x00,0x00,0x00,0x00,0x00,
    0x00,0x00,0x00,0x00,0x00,0x00,
    0x00,0x00,0x00,0x00,0x00,0x00,
    0x00,0x00,0x00,0x00,0x00,0x00,
    0x00,0x00,0x00,0x00,0x00,0x00,
    0x00,0x00,0x00,0x00,0x00,0x00,
    0x00,0x00,0x00,0x00,0x00,0x00,
    0x00,0x00,0x00,0x00,0x00,0x00,
    0x00,0x00,0x00,0x00,0x00,0x00,
    0x00,0x00,0x00,0x00,0x00,0x00,
    0x00,0x00,0x00,0x00,0x00,0x00,
    0x00,0x00,0x00,0x00,0x00,0x00,
  },
{
    0x00,0x00,0x00,0x00,0x00,0x00,
    0x00,0x7F,0x00,0x00,0x00,0x00,
    0x03,0xFF,0xE0,0x00,0x00,0x00,
    0x07,0xFF,0xF0,0x00,0x00,0x00,
    0x0F,0xFF,0xF8,0x00,0x00,0x00,
    0x1F,0xFF,0xFC,0x00,0x00,0x00,
    0x1F,0xFF,0xFE,0x00,0x00,0x00,
    0x3F,0xE3,0xFE,0x00,0x00,0x00,
    0x3F,0x80,0xFF,0x00,0x00,0x00,
    0x7F,0x80,0x7F,0x00,0x00,0x00,
    0x7F,0x00,0x7F,0x00,0x00,0x00,
    0x7F,0x00,0x7F,0x80,0x00,0x00,
    0xFF,0x00,0x3F,0x80,0x00,0x00,
    0xFE,0x00,0x3F,0x80,0x00,0x00,
    0xFE,0x00,0x3F,0x80,0x00,0x00,
    0xFE,0x00,0x3F,0x80,0x00,0x00,
    0xFE,0x00,0x3F,0x80,0x00,0x00,
    0xFE,0x00,0x3F,0x80,0x00,0x00,
    0xFE,0x00,0x3F,0x80,0x00,0x00,
    0xFE,0x00,0x3F,0x80,0x00,0x00,
    0xFE,0x00,0x3F,0x80,0x00,0x00,
    0xFE,0x00,0x3F,0x80,0x00,0x00,
    0xFE,0x00,0x3F,0x80,0x00,0x00,
    0xFE,0x00,0x3F,0x80,0x00,0x00,
    0xFE,0x00,0x3F,0x80,0x00,0x00,
    0xFF,0x00,0x3F,0x80,0x00,0x00,
    0x7F,0x00,0x7F,0x80,0x00,0x00,
    0x7F,0x00,0x7F,0x00,0x00,0x00,
    0x7F,0x80,0x7F,0x00,0x00,0x00,
    0x3F,0x80,0xFF,0x00,0x00,0x00,
    0x3F,0xE1,0xFE,0x00,0x00,0x00,
    0x1F,0xFF,0xFE,0x00,0x00,0x00,
    0x1F,0xFF,0xFC,0x00,0x00,0x00,
    0x0F,0xFF,0xF8,0x00,0x00,0x00,
    0x07,0xFF,0xF0,0x00,0x00,0x00,
    0x03,0xFF,0xE0,0x00,0x00,0x00,
    0x00,0x7F,0x00,0x00,0x00,0x00,
    0x00,0x00,0x00,0x00,0x00,0x00,
    0x00,0x00,0x00,0x00,0x00,0x00,
    0x00,0x00,0x00,0x00,0x00,0x00,
    0x00,0x00,0x00,0x00,0x00,0x00,
    0x00,0x00,0x00,0x00,0x00,0x00,
    0x00,0x00,0x00,0x00,0x00,0x00,
    0x00,0x00,0x00,0x00,0x00,0x00,
    0x00,0x00,0x00,0x00,0x00,0x00,
    0x00,0x00,0x00,0x00,0x00,0x00,
    0x00,0x00,0x00,0x00,0x00,0x00,
    0x00,0x00,0x00,0x00,0x00,0x00,
  },
{
    0x00,0x00,0x00,0x00,0x00,0x00,
    0x00,0x00,0x00,0x00,0x00,0x00,
    0x00,0x3F,0x00,0x00,0x00,0x00,
    0x00,0x3F,0x00,0x00,0x00,0x00,
    0x00,0x3F,0x00,0x00,0x00,0x00,
    0x00,0x7F,0x00,0x00,0x00,0x00,
    0x00,0xFF,0x00,0x00,0x00,0x00,
    0x01,0xFF,0x00,0x00,0x00,0x00,
    0x07,0xFF,0x00,0x00,0x00,0x00,
    0x7F,0xFF,0x00,0x00,0x00,0x00,
    0x7F,0xFF,0x00,0x00,0x00,0x00,
    0x7F,0xFF,0x00,0x00,0x00,0x00,
    0x7F,0xFF,0x00,0x00,0x00,0x00,
    0x7F,0xFF,0x00,0x00,0x00,0x00,
    0x00,0x7F,0x00,0x00,0x00,0x00,
    0x00,0x7F,0x00,0x00,0x00,0x00,
    0x00,0x7F,0x00,0x00,0x00,0x00,
    0x00,0x7F,0x00,0x00,0x00,0x00,
    0x00,0x7F,0x00,0x00,0x00,0x00,
    0x00,0x7F,0x00,0x00,0x00,0x00,
    0x00,0x7F,0x00,0x00,0x00,0x00,
    0x00,0x7F,0x00,0x00,0x00,0x00,
    0x00,0x7F,0x00,0x00,0x00,0x00,
    0x00,0x7F,0x00,0x00,0x00,0x00,
    0x00,0x7F,0x00,0x00,0x00,0x00,
    0x00,0x7F,0x00,0x00,0x00,0x00,
    0x00,0x7F,0x00,0x00,0x00,0x00,
    0x00,0x7F,0x00,0x00,0x00,0x00,
    0x00,0x7F,0x00,0x00,0x00,0x00,
    0x00,0x7F,0x00,0x00,0x00,0x00,
    0x00,0x7F,0x00,0x00,0x00,0x00,
    0x00,0x7F,0x00,0x00,0x00,0x00,
    0x00,0x7F,0x00,0x00,0x00,0x00,
    0x00,0x7F,0x00,0x00,0x00,0x00,
    0x00,0x7F,0x00,0x00,0x00,0x00,
    0x00,0x7F,0x00,0x00,0x00,0x00,
    0x00,0x00,0x00,0x00,0x00,0x00,
    0x00,0x00,0x00,0x00,0x00,0x00,
    0x00,0x00,0x00,0x00,0x00,0x00,
    0x00,0x00,0x00,0x00,0x00,0x00,
    0x00,0x00,0x00,0x00,0x00,0x00,
    0x00,0x00,0x00,0x00,0x00,0x00,
    0x00,0x00,0x00,0x00,0x00,0x00,
    0x00,0x00,0x00,0x00,0x00,0x00,
    0x00,0x00,0x00,0x00,0x00,0x00,
    0x00,0x00,0x00,0x00,0x00,0x00,
    0x00,0x00,0x00,0x00,0x00,0x00,
    0x00,0x00,0x00,0x00,0x00,0x00,
  },
{
    0x00,0x00,0x00,0x00,0x00,0x00,
    0x00,0x7F,0x80,0x00,0x00,0x00,
    0x01,0xFF,0xF0,0x00,0x00,0x00,
    0x07,0xFF,0xF8,0x00,0x00,0x00,
    0x0F,0xFF,0xFC,0x00,0x00,0x00,
    0x1F,0xFF,0xFE,0x00,0x00,0x00,
    0x1F,0xFF,0xFF,0x00,0x00,0x00,
    0x3F,0xE1,0xFF,0x00,0x00,0x00,
    0x3F,0xC0,0x7F,0x80,0x00,0x00,
    0x7F,0x80,0x7F,0x80,0x00,0x00,
    0x7F,0x00,0x3F,0x80,0x00,0x00,
    0x7F,0x00,0x3F,0x80,0x00,0x00,
    0x7F,0x00,0x3F,0x80,0x00,0x00,
    0x7F,0x00,0x3F,0x80,0x00,0x00,
    0x7F,0x00,0x3F,0x80,0x00,0x00,
    0x00,0x00,0x7F,0x00,0x00,0x00,
    0x00,0x00,0xFF,0x00,0x00,0x00,
    0x00,0x01,0xFF,0x00,0x00,0x00,
    0x00,0x03,0xFE,0x00,0x00,0x00,
    0x00,0x07,0xFC,0x00,0x00,0x00,
    0x00,0x1F,0xF8,0x00,0x00,0x00,
    0x00,0x3F,0xF0,0x00,0x00,0x00,
    0x00,0xFF,0xC0,0x00,0x00,0x00,
    0x01,0xFF,0x80,0x00,0x00,0x00,
    0x03,0xFE,0x00,0x00,0x00,0x00,
    0x0F,0xFC,0x00,0x00,0x00,0x00,
    0x0F,0xF8,0x00,0x00,0x00,0x00,
    0x1F,0xE0,0x00,0x00,0x00,0x00,
    0x3F,0xC0,0x00,0x00,0x00,0x00,
    0x7F,0x80,0x00,0x00,0x00,0x00,
    0x7F,0xFF,0xFF,0x80,0x00,0x00,
    0x7F,0xFF,0xFF,0x80,0x00,0x00,
    0xFF,0xFF,0xFF,0x80,0x00,0x00,
    0xFF,0xFF,0xFF,0x80,0x00,0x00,
    0xFF,0xFF,0xFF,0x80,0x00,0x00,
    0xFF,0xFF,0xFF,0x80,0x00,0x00,
    0x00,0x00,0x00,0x00,0x00,0x00,
    0x00,0x00,0x00,0x00,0x00,0x00,
    0x00,0x00,0x00,0x00,0x00,0x00,
    0x00,0x00,0x00,0x00,0x00,0x00,
    0x00,0x00,0x00,0x00,0x00,0x00,
    0x00,0x00,0x00,0x00,0x00,0x00,
    0x00,0x00,0x00,0x00,0x00,0x00,
    0x00,0x00,0x00,0x00,0x00,0x00,
    0x00,0x00,0x00,0x00,0x00,0x00,
    0x00,0x00,0x00,0x00,0x00,0x00,
    0x00,0x00,0x00,0x00,0x00,0x00,
    0x00,0x00,0x00,0x00,0x00,0x00,
  },
{
    0x00,0x00,0x00,0x00,0x00,0x00,
    0x00,0x3F,0x80,0x00,0x00,0x00,
    0x00,0xFF,0xF0,0x00,0x00,0x00,
    0x03,0xFF,0xF8,0x00,0x00,0x00,
    0x07,0xFF,0xFC,0x00,0x00,0x00,
    0x0F,0xFF,0xFE,0x00,0x00,0x00,
    0x1F,0xFF,0xFF,0x00,0x00,0x00,
    0x1F,0xE0,0xFF,0x80,0x00,0x00,
    0x1F,0xC0,0x7F,0x80,0x00,0x00,
    0x3F,0x80,0x3F,0x80,0x00,0x00,
    0x3F,0x80,0x3F,0x80,0x00,0x00,
    0x3F,0x80,0x3F,0x80,0x00,0x00,
    0x3F,0x00,0x3F,0x80,0x00,0x00,
    0x00,0x00,0x3F,0x80,0x00,0x00,
    0x00,0x00,0x7F,0x00,0x00,0x00,
    0x00,0x00,0xFF,0x00,0x00,0x00,
    0x00,0x1F,0xFE,0x00,0x00,0x00,
    0x00,0x1F,0xFC,0x00,0x00,0x00,
    0x00,0x1F,0xFC,0x00,0x00,0x00,
    0x00,0x1F,0xFE,0x00,0x00,0x00,
    0x00,0x1F,0xFF,0x00,0x00,0x00,
    0x00,0x00,0xFF,0x80,0x00,0x00,
    0x00,0x00,0x3F,0xC0,0x00,0x00,
    0x00,0x00,0x1F,0xC0,0x00,0x00,
    0x7E,0x00,0x1F,0xC0,0x00,0x00,
    0x7F,0x00,0x1F,0xC0,0x00,0x00,
    0x7F,0x00,0x1F,0xC0,0x00,0x00,
    0x7F,0x00,0x1F,0xC0,0x00,0x00,
    0x7F,0x80,0x3F,0xC0,0x00,0x00,
    0x3F,0xC0,0x7F,0xC0,0x00,0x00,
    0x3F,0xE0,0xFF,0x80,0x00,0x00,
    0x1F,0xFF,0xFF,0x80,0x00,0x00,
    0x1F,0xFF,0xFF,0x00,0x00,0x00,
    0x0F,0xFF,0xFE,0x00,0x00,0x00,
    0x07,0xFF,0xFC,0x00,0x00,0x00,
    0x01,0xFF,0xF0,0x00,0x00,0x00,
    0x00,0x7F,0xC0,0x00,0x00,0x00,
    0x00,0x00,0x00,0x00,0x00,0x00,
    0x00,0x00,0x00,0x00,0x00,0x00,
    0x00,0x00,0x00,0x00,0x00,0x00,
    0x00,0x00,0x00,0x00,0x00,0x00,
    0x00,0x00,0x00,0x00,0x00,0x00,
    0x00,0x00,0x00,0x00,0x00,0x00,
    0x00,0x00,0x00,0x00,0x00,0x00,
    0x00,0x00,0x00,0x00,0x00,0x00,
    0x00,0x00,0x00,0x00,0x00,0x00,
    0x00,0x00,0x00,0x00,0x00,0x00,
    0x00,0x00,0x00,0x00,0x00,0x00,
  },
{
    0x00,0x00,0x00,0x00,0x00,0x00,
    0x00,0x00,0x00,0x00,0x00,0x00,
    0x00,0x01,0xFC,0x00,0x00,0x00,
    0x00,0x03,0xFC,0x00,0x00,0x00,
    0x00,0x03,0xFC,0x00,0x00,0x00,
    0x00,0x07,0xFC,0x00,0x00,0x00,
    0x00,0x0F,0xFC,0x00,0x00,0x00,
    0x00,0x1F,0xFC,0x00,0x00,0x00,
    0x00,0x1F,0xFC,0x00,0x00,0x00,
    0x00,0x3F,0xFC,0x00,0x00,0x00,
    0x00,0x7F,0xFC,0x00,0x00,0x00,
    0x00,0xFD,0xFC,0x00,0x00,0x00,
    0x00,0xF9,0xFC,0x00,0x00,0x00,
    0x01,0xF9,0xFC,0x00,0x00,0x00,
    0x03,0xF1,0xFC,0x00,0x00,0x00,
    0x07,0xE1,0xFC,0x00,0x00,0x00,
    0x07,0xC1,0xFC,0x00,0x00,0x00,
    0x0F,0xC1,0xFC,0x00,0x00,0x00,
    0x1F,0x81,0xFC,0x00,0x00,0x00,
    0x3F,0x01,0xFC,0x00,0x00,0x00,
    0x3E,0x01,0xFC,0x00,0x00,0x00,
    0x7E,0x01,0xFC,0x00,0x00,0x00,
    0x7F,0xFF,0xFF,0xE0,0x00,0x00,
    0x7F,0xFF,0xFF,0xE0,0x00,0x00,
    0x7F,0xFF,0xFF,0xE0,0x00,0x00,
    0x7F,0xFF,0xFF,0xE0,0x00,0x00,
    0x7F,0xFF,0xFF,0xE0,0x00,0x00,
    0x7F,0xFF,0xFF,0xE0,0x00,0x00,
    0x00,0x01,0xFC,0x00,0x00,0x00,
    0x00,0x01,0xFC,0x00,0x00,0x00,
    0x00,0x01,0xFC,0x00,0x00,0x00,
    0x00,0x01,0xFC,0x00,0x00,0x00,
    0x00,0x01,0xFC,0x00,0x00,0x00,
    0x00,0x01,0xFC,0x00,0x00,0x00,
    0x00,0x01,0xFC,0x00,0x00,0x00,
    0x00,0x01,0xFC,0x00,0x00,0x00,
    0x00,0x00,0x00,0x00,0x00,0x00,
    0x00,0x00,0x00,0x00,0x00,0x00,
    0x00,0x00,0x00,0x00,0x00,0x00,
    0x00,0x00,0x00,0x00,0x00,0x00,
    0x00,0x00,0x00,0x00,0x00,0x00,
    0x00,0x00,0x00,0x00,0x00,0x00,
    0x00,0x00,0x00,0x00,0x00,0x00,
    0x00,0x00,0x00,0x00,0x00,0x00,
    0x00,0x00,0x00,0x00,0x00,0x00,
    0x00,0x00,0x00,0x00,0x00,0x00,
    0x00,0x00,0x00,0x00,0x00,0x00,
    0x00,0x00,0x00,0x00,0x00,0x00,
  },
{
    0x00,0x00,0x00,0x00,0x00,0x00,
    0x00,0x00,0x00,0x00,0x00,0x00,
    0x07,0xFF,0xFF,0x80,0x00,0x00,
    0x07,0xFF,0xFF,0x80,0x00,0x00,
    0x07,0xFF,0xFF,0x80,0x00,0x00,
    0x07,0xFF,0xFF,0x80,0x00,0x00,
    0x0F,0xFF,0xFF,0x80,0x00,0x00,
    0x0F,0xFF,0xFF,0x80,0x00,0x00,
    0x0F,0xC0,0x00,0x00,0x00,0x00,
    0x0F,0xC0,0x00,0x00,0x00,0x00,
    0x0F,0xC0,0x00,0x00,0x00,0x00,
    0x0F,0xC0,0x00,0x00,0x00,0x00,
    0x1F,0xC0,0x00,0x00,0x00,0x00,
    0x1F,0x8F,0xE0,0x00,0x00,0x00,
    0x1F,0xBF,0xF8,0x00,0x00,0x00,
    0x1F,0xFF,0xFE,0x00,0x00,0x00,
    0x1F,0xFF,0xFF,0x00,0x00,0x00,
    0x3F,0xFF,0xFF,0x00,0x00,0x00,
    0x3F,0xE0,0xFF,0x80,0x00,0x00,
    0x3F,0x80,0x7F,0x80,0x00,0x00,
    0x3F,0x00,0x3F,0xC0,0x00,0x00,
    0x00,0x00,0x1F,0xC0,0x00,0x00,
    0x00,0x00,0x1F,0xC0,0x00,0x00,
    0x00,0x00,0x1F,0xC0,0x00,0x00,
    0x00,0x00,0x1F,0xC0,0x00,0x00,
    0x00,0x00,0x1F,0xC0,0x00,0x00,
    0x7F,0x00,0x1F,0xC0,0x00,0x00,
    0x7F,0x00,0x1F,0xC0,0x00,0x00,
    0x7F,0x80,0x3F,0xC0,0x00,0x00,
    0x3F,0xC0,0x7F,0x80,0x00,0x00,
    0x3F,0xE0,0xFF,0x80,0x00,0x00,
    0x3F,0xFF,0xFF,0x00,0x00,0x00,
    0x1F,0xFF,0xFF,0x00,0x00,0x00,
    0x0F,0xFF,0xFE,0x00,0x00,0x00,
    0x07,0xFF,0xF8,0x00,0x00,0x00,
    0x01,0xFF,0xF0,0x00,0x00,0x00,
    0x00,0x7F,0x80,0x00,0x00,0x00,
    0x00,0x00,0x00,0x00,0x00,0x00,
    0x00,0x00,0x00,0x00,0x00,0x00,
    0x00,0x00,0x00,0x00,0x00,0x00,
    0x00,0x00,0x00,0x00,0x00,0x00,
    0x00,0x00,0x00,0x00,0x00,0x00,
    0x00,0x00,0x00,0x00,0x00,0x00,
    0x00,0x00,0x00,0x00,0x00,0x00,
    0x00,0x00,0x00,0x00,0x00,0x00,
    0x00,0x00,0x00,0x00,0x00,0x00,
    0x00,0x00,0x00,0x00,0x00,0x00,
    0x00,0x00,0x00,0x00,0x00,0x00,
  },
{
    0x00,0x00,0x00,0x00,0x00,0x00,
    0x00,0x3F,0x80,0x00,0x00,0x00,
    0x01,0xFF,0xE0,0x00,0x00,0x00,
    0x03,0xFF,0xF8,0x00,0x00,0x00,
    0x07,0xFF,0xFC,0x00,0x00,0x00,
    0x0F,0xFF,0xFE,0x00,0x00,0x00,
    0x1F,0xE1,0xFE,0x00,0x00,0x00,
    0x1F,0xC0,0xFF,0x00,0x00,0x00,
    0x3F,0x80,0x7F,0x00,0x00,0x00,
    0x3F,0x80,0x7F,0x00,0x00,0x00,
    0x7F,0x00,0x3F,0x80,0x00,0x00,
    0x7F,0x00,0x00,0x00,0x00,0x00,
    0x7E,0x00,0x00,0x00,0x00,0x00,
    0x7E,0x1F,0xC0,0x00,0x00,0x00,
    0xFE,0x7F,0xF0,0x00,0x00,0x00,
    0xFE,0xFF,0xF8,0x00,0x00,0x00,
    0xFF,0xFF,0xFE,0x00,0x00,0x00,
    0xFF,0xFF,0xFE,0x00,0x00,0x00,
    0xFF,0xE1,0xFF,0x00,0x00,0x00,
    0xFF,0x80,0xFF,0x00,0x00,0x00,
    0xFF,0x80,0x7F,0x80,0x00,0x00,
    0xFF,0x00,0x3F,0x80,0x00,0x00,
    0xFF,0x00,0x3F,0x80,0x00,0x00,
    0xFF,0x00,0x3F,0x80,0x00,0x00,
    0xFF,0x00,0x3F,0x80,0x00,0x00,
    0x7F,0x00,0x3F,0x80,0x00,0x00,
    0x7F,0x00,0x3F,0x80,0x00,0x00,
    0x7F,0x00,0x3F,0x80,0x00,0x00,
    0x7F,0x80,0x7F,0x80,0x00,0x00,
    0x3F,0x80,0xFF,0x00,0x00,0x00,
    0x3F,0xE1,0xFF,0x00,0x00,0x00,
    0x1F,0xFF,0xFE,0x00,0x00,0x00,
    0x1F,0xFF,0xFE,0x00,0x00,0x00,
    0x0F,0xFF,0xFC,0x00,0x00,0x00,
    0x07,0xFF,0xF8,0x00,0x00,0x00,
    0x01,0xFF,0xE0,0x00,0x00,0x00,
    0x00,0x7F,0x80,0x00,0x00,0x00,
    0x00,0x00,0x00,0x00,0x00,0x00,
    0x00,0x00,0x00,0x00,0x00,0x00,
    0x00,0x00,0x00,0x00,0x00,0x00,
    0x00,0x00,0x00,0x00,0x00,0x00,
    0x00,0x00,0x00,0x00,0x00,0x00,
    0x00,0x00,0x00,0x00,0x00,0x00,
    0x00,0x00,0x00,0x00,0x00,0x00,
    0x00,0x00,0x00,0x00,0x00,0x00,
    0x00,0x00,0x00,0x00,0x00,0x00,
    0x00,0x00,0x00,0x00,0x00,0x00,
    0x00,0x00,0x00,0x00,0x00,0x00,
  },
{
    0x00,0x00,0x00,0x00,0x00,0x00,
    0x00,0x00,0x00,0x00,0x00,0x00,
    0x7F,0xFF,0xFF,0x00,0x00,0x00,
    0x7F,0xFF,0xFF,0x00,0x00,0x00,
    0x7F,0xFF,0xFF,0x00,0x00,0x00,
    0x7F,0xFF,0xFF,0x00,0x00,0x00,
    0x7F,0xFF,0xFF,0x00,0x00,0x00,
    0x7F,0xFF,0xFF,0x00,0x00,0x00,
    0x00,0x00,0x7F,0x00,0x00,0x00,
    0x00,0x00,0xFE,0x00,0x00,0x00,
    0x00,0x01,0xFC,0x00,0x00,0x00,
    0x00,0x03,0xF8,0x00,0x00,0x00,
    0x00,0x03,0xF0,0x00,0x00,0x00,
    0x00,0x07,0xF0,0x00,0x00,0x00,
    0x00,0x07,0xE0,0x00,0x00,0x00,
    0x00,0x0F,0xE0,0x00,0x00,0x00,
    0x00,0x1F,0xC0,0x00,0x00,0x00,
    0x00,0x1F,0xC0,0x00,0x00,0x00,
    0x00,0x3F,0x80,0x00,0x00,0x00,
    0x00,0x3F,0x80,0x00,0x00,0x00,
    0x00,0x7F,0x00,0x00,0x00,0x00,
    0x00,0x7F,0x00,0x00,0x00,0x00,
    0x00,0x7F,0x00,0x00,0x00,0x00,
    0x00,0xFE,0x00,0x00,0x00,0x00,
    0x00,0xFE,0x00,0x00,0x00,0x00,
    0x00,0xFE,0x00,0x00,0x00,0x00,
    0x01,0xFE,0x00,0x00,0x00,0x00,
    0x01,0xFC,0x00,0x00,0x00,0x00,
    0x01,0xFC,0x00,0x00,0x00,0x00,
    0x01,0xFC,0x00,0x00,0x00,0x00,
    0x03,0xFC,0x00,0x00,0x00,0x00,
    0x03,0xFC,0x00,0x00,0x00,0x00,
    0x03,0xF8,0x00,0x00,0x00,0x00,
    0x03,0xF8,0x00,0x00,0x00,0x00,
    0x03,0xF8,0x00,0x00,0x00,0x00,
    0x03,0xF8,0x00,0x00,0x00,0x00,
    0x00,0x00,0x00,0x00,0x00,0x00,
    0x00,0x00,0x00,0x00,0x00,0x00,
    0x00,0x00,0x00,0x00,0x00,0x00,
    0x00,0x00,0x00,0x00,0x00,0x00,
    0x00,0x00,0x00,0x00,0x00,0x00,
    0x00,0x00,0x00,0x00,0x00,0x00,
    0x00,0x00,0x00,0x00,0x00,0x00,
    0x00,0x00,0x00,0x00,0x00,0x00,
    0x00,0x00,0x00,0x00,0x00,0x00,
    0x00,0x00,0x00,0x00,0x00,0x00,
    0x00,0x00,0x00,0x00,0x00,0x00,
    0x00,0x00,0x00,0x00,0x00,0x00,
  },
{
    0x00,0x00,0x00,0x00,0x00,0x00,
    0x00,0x3F,0xC0,0x00,0x00,0x00,
    0x01,0xFF,0xF0,0x00,0x00,0x00,
    0x03,0xFF,0xFC,0x00,0x00,0x00,
    0x0F,0xFF,0xFE,0x00,0x00,0x00,
    0x0F,0xFF,0xFF,0x00,0x00,0x00,
    0x1F,0xE0,0xFF,0x00,0x00,0x00,
    0x3F,0xC0,0x3F,0x80,0x00,0x00,
    0x3F,0x80,0x3F,0x80,0x00,0x00,
    0x3F,0x80,0x1F,0x80,0x00,0x00,
    0x3F,0x80,0x1F,0x80,0x00,0x00,
    0x3F,0x80,0x1F,0x80,0x00,0x00,
    0x3F,0x80,0x3F,0x80,0x00,0x00,
    0x1F,0xC0,0x3F,0x00,0x00,0x00,
    0x1F,0xE0,0xFF,0x00,0x00,0x00,
    0x0F,0xFF,0xFE,0x00,0x00,0x00,
    0x03,0xFF,0xFC,0x00,0x00,0x00,
    0x03,0xFF,0xF8,0x00,0x00,0x00,
    0x0F,0xFF,0xFE,0x00,0x00,0x00,
    0x1F,0xFF,0xFF,0x00,0x00,0x00,
    0x3F,0xE0,0xFF,0x80,0x00,0x00,
    0x3F,0xC0,0x3F,0xC0,0x00,0x00,
    0x7F,0x80,0x3F,0xC0,0x00,0x00,
    0x7F,0x00,0x1F,0xC0,0x00,0x00,
    0x7F,0x00,0x1F,0xE0,0x00,0x00,
    0x7F,0x00,0x1F,0xE0,0x00,0x00,
    0x7F,0x00,0x1F,0xE0,0x00,0x00,
    0x7F,0x00,0x1F,0xE0,0x00,0x00,
    0x7F,0x00,0x1F,0xC0,0x00,0x00,
    0x7F,0x80,0x3F,0xC0,0x00,0x00,
    0x3F,0xC0,0x3F,0xC0,0x00,0x00,
    0x3F,0xE0,0xFF,0x80,0x00,0x00,
    0x1F,0xFF,0xFF,0x00,0x00,0x00,
    0x0F,0xFF,0xFE,0x00,0x00,0x00,
    0x07,0xFF,0xFC,0x00,0x00,0x00,
    0x01,0xFF,0xF8,0x00,0x00,0x00,
    0x00,0x7F,0xC0,0x00,0x00,0x00,
    0x00,0x00,0x00,0x00,0x00,0x00,
    0x00,0x00,0x00,0x00,0x00,0x00,
    0x00,0x00,0x00,0x00,0x00,0x00,
    0x00,0x00,0x00,0x00,0x00,0x00,
    0x00,0x00,0x00,0x00,0x00,0x00,
    0x00,0x00,0x00,0x00,0x00,0x00,
    0x00,0x00,0x00,0x00,0x00,0x00,
    0x00,0x00,0x00,0x00,0x00,0x00,
    0x00,0x00,0x00,0x00,0x00,0x00,
    0x00,0x00,0x00,0x00,0x00,0x00,
    0x00,0x00,0x00,0x00,0x00,0x00,
  },
{
    0x00,0x00,0x00,0x00,0x00,0x00,
    0x00,0xFF,0x00,0x00,0x00,0x00,
    0x03,0xFF,0xC0,0x00,0x00,0x00,
    0x07,0xFF,0xF0,0x00,0x00,0x00,
    0x0F,0xFF,0xF8,0x00,0x00,0x00,
    0x1F,0xFF,0xFC,0x00,0x00,0x00,
    0x3F,0xFF,0xFC,0x00,0x00,0x00,
    0x7F,0xC3,0xFE,0x00,0x00,0x00,
    0x7F,0x80,0xFE,0x00,0x00,0x00,
    0x7F,0x00,0x7F,0x00,0x00,0x00,
    0xFF,0x00,0x7F,0x00,0x00,0x00,
    0xFE,0x00,0x7F,0x00,0x00,0x00,
    0xFE,0x00,0x3F,0x80,0x00,0x00,
    0xFE,0x00,0x3F,0x80,0x00,0x00,
    0xFE,0x00,0x3F,0x80,0x00,0x00,
    0xFE,0x00,0x7F,0x80,0x00,0x00,
    0xFF,0x00,0x7F,0x80,0x00,0x00,
    0x7F,0x00,0x7F,0x80,0x00,0x00,
    0x7F,0x80,0xFF,0x80,0x00,0x00,
    0x7F,0xC3,0xFF,0x80,0x00,0x00,
    0x3F,0xFF,0xFF,0x80,0x00,0x00,
    0x1F,0xFF,0xFF,0x80,0x00,0x00,
    0x0F,0xFF,0xBF,0x80,0x00,0x00,
    0x07,0xFF,0x3F,0x80,0x00,0x00,
    0x01,0xFC,0x3F,0x80,0x00,0x00,
    0x00,0x00,0x3F,0x80,0x00,0x00,
    0x00,0x00,0x7F,0x00,0x00,0x00,
    0x00,0x00,0x7F,0x00,0x00,0x00,
    0x7E,0x00,0x7F,0x00,0x00,0x00,
    0x7F,0x00,0xFE,0x00,0x00,0x00,
    0x7F,0x81,0xFE,0x00,0x00,0x00,
    0x3F,0xC3,0xFC,0x00,0x00,0x00,
    0x3F,0xFF,0xF8,0x00,0x00,0x00,
    0x1F,0xFF,0xF0,0x00,0x00,0x00,
    0x0F,0xFF,0xE0,0x00,0x00,0x00,
    0x07,0xFF,0xC0,0x00,0x00,0x00,
    0x00,0xFF,0x00,0x00,0x00,0x00,
    0x00,0x00,0x00,0x00,0x00,0x00,
    0x00,0x00,0x00,0x00,0x00,0x00,
    0x00,0x00,0x00,0x00,0x00,0x00,
    0x00,0x00,0x00,0x00,0x00,0x00,
    0x00,0x00,0x00,0x00,0x00,0x00,
    0x00,0x00,0x00,0x00,0x00,0x00,
    0x00,0x00,0x00,0x00,0x00,0x00,
    0x00,0x00,0x00,0x00,0x00,0x00,
    0x00,0x00,0x00,0x00,0x00,0x00,
    0x00,0x00,0x00,0x00,0x00,0x00,
    0x00,0x00,0x00,0x00,0x00,0x00,
  },
{
    0x00,0x00,0x00,0x00,0x00,0x00,
    0x00,0x00,0x00,0x00,0x00,0x00,
    0x00,0x00,0x00,0x00,0x00,0x00,
    0x00,0x00,0x00,0x00,0x00,0x00,
    0x00,0x00,0x00,0x00,0x00,0x00,
    0x00,0x00,0x00,0x00,0x00,0x00,
    0x00,0x00,0x00,0x00,0x00,0x00,
    0x00,0x00,0x00,0x00,0x00,0x00,
    0x00,0x00,0x00,0x00,0x00,0x00,
    0x00,0x00,0x00,0x00,0x00,0x00,
    0x00,0x00,0x00,0x00,0x00,0x00,
    0x00,0x00,0x00,0x00,0x00,0x00,
    0x00,0x00,0x00,0x00,0x00,0x00,
    0x00,0x00,0x00,0x00,0x00,0x00,
    0x00,0x00,0x00,0x00,0x00,0x00,
    0x00,0x00,0x00,0x00,0x00,0x00,
    0x00,0x00,0x00,0x00,0x00,0x00,
    0x00,0x00,0x00,0x00,0x00,0x00,
    0x00,0x00,0x00,0x00,0x00,0x00,
    0x00,0x00,0x00,0x00,0x00,0x00,
    0x00,0x00,0x00,0x00,0x00,0x00,
    0x00,0x00,0x00,0x00,0x00,0x00,
    0x00,0x00,0x00,0x00,0x00,0x00,
    0x00,0x00,0x00,0x00,0x00,0x00,
    0x00,0x00,0x00,0x00,0x00,0x00,
    0x00,0x00,0x00,0x00,0x00,0x00,
    0x00,0x00,0x00,0x00,0x00,0x00,
    0x00,0x00,0x00,0x00,0x00,0x00,
    0x00,0x00,0x00,0x00,0x00,0x00,
    0x00,0x00,0x00,0x00,0x00,0x00,
    0x00,0x00,0x00,0x00,0x00,0x00,
    0x00,0x00,0x00,0x00,0x00,0x00,
    0x00,0x00,0x00,0x00,0x00,0x00,
    0x00,0x00,0x00,0x00,0x00,0x00,
    0x00,0x00,0x00,0x00,0x00,0x00,
    0x00,0x00,0x00,0x00,0x00,0x00,
    0x00,0x00,0x00,0x00,0x00,0x00,
    0x00,0x00,0x00,0x00,0x00,0x00,
    0x00,0x00,0x00,0x00,0x00,0x00,
    0x00,0x00,0x00,0x00,0x00,0x00,
    0x00,0x00,0x00,0x00,0x00,0x00,
    0x00,0x00,0x00,0x00,0x00,0x00,
    0x00,0x00,0x00,0x00,0x00,0x00,
    0x00,0x00,0x00,0x00,0x00,0x00,
    0x00,0x00,0x00,0x00,0x00,0x00,
    0x00,0x00,0x00,0x00,0x00,0x00,
    0x00,0x00,0x00,0x00,0x00,0x00,
    0x00,0x00,0x00,0x00,0x00,0x00,
  },
{
    0x00,0x00,0x00,0x00,0x00,0x00,
    0x00,0x00,0x00,0x00,0x00,0x00,
    0x00,0x00,0x00,0x00,0x00,0x00,
    0x00,0x00,0x00,0x00,0x00,0x00,
    0x00,0x00,0x00,0x00,0x00,0x00,
    0x00,0x00,0x00,0x00,0x00,0x00,
    0x00,0x00,0x00,0x00,0x00,0x00,
    0x00,0x00,0x00,0x00,0x00,0x00,
    0x00,0x00,0x00,0x00,0x00,0x00,
    0x00,0x00,0x00,0x00,0x00,0x00,
    0x00,0x00,0x00,0x00,0x00,0x00,
    0x00,0x00,0x00,0x00,0x00,0x00,
    0x00,0x00,0x00,0x00,0x00,0x00,
    0x00,0x00,0x00,0x00,0x00,0x00,
    0x00,0x00,0x00,0x00,0x00,0x00,
    0x00,0x00,0x00,0x00,0x00,0x00,
    0x00,0x00,0x00,0x00,0x00,0x00,
    0x00,0x00,0x00,0x00,0x00,0x00,
    0x1E,0x00,0x00,0x00,0x00,0x00,
    0x3F,0x00,0x00,0x00,0x00,0x00,
    0x7F,0x80,0x00,0x00,0x00,0x00,
    0x7F,0x80,0x00,0x00,0x00,0x00,
    0x7F,0x80,0x00,0x00,0x00,0x00,
    0x7F,0x80,0x00,0x00,0x00,0x00,
    0x3F,0x00,0x00,0x00,0x00,0x00,
    0x1E,0x00,0x00,0x00,0x00,0x00,
    0x00,0x00,0x00,0x00,0x00,0x00,
    0x00,0x00,0x00,0x00,0x00,0x00,
    0x00,0x00,0x00,0x00,0x00,0x00,
    0x00,0x00,0x00,0x00,0x00,0x00,
    0x00,0x00,0x00,0x00,0x00,0x00,
    0x00,0x00,0x00,0x00,0x00,0x00,
    0x00,0x00,0x00,0x00,0x00,0x00,
    0x00,0x00,0x00,0x00,0x00,0x00,
    0x00,0x00,0x00,0x00,0x00,0x00,
    0x00,0x00,0x00,0x00,0x00,0x00,
    0x00,0x00,0x00,0x00,0x00,0x00,
    0x00,0x00,0x00,0x00,0x00,0x00,
    0x00,0x00,0x00,0x00,0x00,0x00,
    0x00,0x00,0x00,0x00,0x00,0x00,
    0x00,0x00,0x00,0x00,0x00,0x00,
    0x00,0x00,0x00,0x00,0x00,0x00,
    0x00,0x00,0x00,0x00,0x00,0x00,
    0x00,0x00,0x00,0x00,0x00,0x00,
    0x00,0x00,0x00,0x00,0x00,0x00,
    0x00,0x00,0x00,0x00,0x00,0x00,
    0x00,0x00,0x00,0x00,0x00,0x00,
    0x00,0x00,0x00,0x00,0x00,0x00,
  },
{
    0x00,0x03,0xF0,0x00,0x00,0x00,
    0x00,0x03,0xE0,0x00,0x00,0x00,
    0x00,0x07,0xE0,0x00,0x00,0x00,
    0x00,0x07,0xC0,0x00,0x00,0x00,
    0x00,0x0F,0xC0,0x00,0x00,0x00,
    0x00,0x0F,0xC0,0x00,0x00,0x00,
    0x00,0x0F,0x80,0x00,0x00,0x00,
    0x00,0x1F,0x80,0x00,0x00,0x00,
    0x00,0x1F,0x80,0x00,0x00,0x00,
    0x00,0x1F,0x00,0x00,0x00,0x00,
    0x00,0x3F,0x00,0x00,0x00,0x00,
    0x00,0x3F,0x00,0x00,0x00,0x00,
    0x00,0x7E,0x00,0x00,0x00,0x00,
    0x00,0x7E,0x00,0x00,0x00,0x00,
    0x00,0x7C,0x00,0x00,0x00,0x00,
    0x00,0xFC,0x00,0x00,0x00,0x00,
    0x00,0xFC,0x00,0x00,0x00,0x00,
    0x00,0xF8,0x00,0x00,0x00,0x00,
    0x01,0xF8,0x00,0x00,0x00,0x00,
    0x01,0xF8,0x00,0x00,0x00,0x00,
    0x01,0xF0,0x00,0x00,0x00,0x00,
    0x03,0xF0,0x00,0x00,0x00,0x00,
    0x03,0xE0,0x00,0x00,0x00,0x00,
    0x07,0xE0,0x00,0x00,0x00,0x00,
    0x07,0xE0,0x00,0x00,0x00,0x00,
    0x07,0xC0,0x00,0x00,0x00,0x00,
    0x0F,0xC0,0x00,0x00,0x00,0x00,
    0x0F,0xC0,0x00,0x00,0x00,0x00,
    0x0F,0x80,0x00,0x00,0x00,0x00,
    0x1F,0x80,0x00,0x00,0x00,0x00,
    0x1F,0x80,0x00,0x00,0x00,0x00,
    0x3F,0x00,0x00,0x00,0x00,0x00,
    0x3F,0x00,0x00,0x00,0x00,0x00,
    0x3E,0x00,0x00,0x00,0x00,0x00,
    0x7E,0x00,0x00,0x00,0x00,0x00,
    0x7E,0x00,0x00,0x00,0x00,0x00,
    0x7C,0x00,0x00,0x00,0x00,0x00,
    0x00,0x00,0x00,0x00,0x00,0x00,
    0x00,0x00,0x00,0x00,0x00,0x00,
    0x00,0x00,0x00,0x00,0x00,0x00,
    0x00,0x00,0x00,0x00,0x00,0x00,
    0x00,0x00,0x00,0x00,0x00,0x00,
    0x00,0x00,0x00,0x00,0x00,0x00,
    0x00,0x00,0x00,0x00,0x00,0x00,
    0x00,0x00,0x00,0x00,0x00,0x00,
    0x00,0x00,0x00,0x00,0x00,0x00,
    0x00,0x00,0x00,0x00,0x00,0x00,
    0x00,0x00,0x00,0x00,0x00,0x00,
  }
};
const uint8_t *cal_font_l48_get(uint32_t cp, int *adv)
{
    for (unsigned i = 0; i < sizeof(cal_font_l48_cps) / sizeof(uint32_t); i++) {
        if (cal_font_l48_cps[i] != cp) continue;
        if (adv) *adv = cal_font_l48_adv[i];
        return cal_font_l48_rows[i];
    }
    if (adv) *adv = 0;
    return NULL;
}

// ---- l32：ABCDEFGHIJKLMNOPQRSTUVWXYZabcdefghijklmnopqrstuvwxyz0123456789 ·/ @ 32x32 ----   整表字号 32（基线 24，下降余量 8）
static const uint32_t cal_font_l32_cps[65] = { 0x41, 0x42, 0x43, 0x44, 0x45, 0x46, 0x47, 0x48, 0x49, 0x4A, 0x4B, 0x4C, 0x4D, 0x4E, 0x4F, 0x50, 0x51, 0x52, 0x53, 0x54, 0x55, 0x56, 0x57, 0x58, 0x59, 0x5A, 0x61, 0x62, 0x63, 0x64, 0x65, 0x66, 0x67, 0x68, 0x69, 0x6A, 0x6B, 0x6C, 0x6D, 0x6E, 0x6F, 0x70, 0x71, 0x72, 0x73, 0x74, 0x75, 0x76, 0x77, 0x78, 0x79, 0x7A, 0x30, 0x31, 0x32, 0x33, 0x34, 0x35, 0x36, 0x37, 0x38, 0x39, 0x20, 0xB7, 0x2F };
static const uint8_t cal_font_l32_adv[65] = { 22, 23, 24, 24, 21, 19, 24, 24, 9, 18, 23, 19, 29, 24, 25, 21, 25, 23, 21, 20, 24, 20, 30, 21, 21, 21, 18, 20, 18, 20, 18, 11, 20, 19, 8, 9, 18, 8, 29, 19, 20, 20, 20, 12, 17, 11, 19, 17, 26, 17, 17, 17, 18, 18, 18, 18, 18, 18, 18, 18, 18, 18, 9, 9, 12 };
static const uint8_t cal_font_l32_rows[65][128] = {
  {
    0x00,0x00,0x00,0x00,
    0x00,0x7E,0x00,0x00,
    0x00,0x7E,0x00,0x00,
    0x00,0xFF,0x00,0x00,
    0x00,0xFF,0x00,0x00,
    0x00,0xFF,0x00,0x00,
    0x01,0xFF,0x80,0x00,
    0x01,0xFF,0x80,0x00,
    0x01,0xE7,0x80,0x00,
    0x03,0xE7,0xC0,0x00,
    0x03,0xE7,0xC0,0x00,
    0x07,0xC3,0xE0,0x00,
    0x07,0xC3,0xE0,0x00,
    0x07,0xC3,0xE0,0x00,
    0x0F,0x81,0xF0,0x00,
    0x0F,0xFF,0xF0,0x00,
    0x0F,0xFF,0xF0,0x00,
    0x1F,0xFF,0xF8,0x00,
    0x1F,0xFF,0xF8,0x00,
    0x3F,0x00,0xFC,0x00,
    0x3E,0x00,0x7C,0x00,
    0x3E,0x00,0x7C,0x00,
    0x7C,0x00,0x7E,0x00,
    0x7C,0x00,0x3E,0x00,
    0x00,0x00,0x00,0x00,
    0x00,0x00,0x00,0x00,
    0x00,0x00,0x00,0x00,
    0x00,0x00,0x00,0x00,
    0x00,0x00,0x00,0x00,
    0x00,0x00,0x00,0x00,
    0x00,0x00,0x00,0x00,
    0x00,0x00,0x00,0x00,
  },
{
    0x00,0x00,0x00,0x00,
    0xFF,0xFE,0x00,0x00,
    0xFF,0xFF,0x00,0x00,
    0xFF,0xFF,0x80,0x00,
    0xFF,0xFF,0xC0,0x00,
    0xF8,0x0F,0xC0,0x00,
    0xF8,0x07,0xC0,0x00,
    0xF8,0x07,0xC0,0x00,
    0xF8,0x07,0xC0,0x00,
    0xF8,0x07,0xC0,0x00,
    0xF8,0x0F,0x80,0x00,
    0xFF,0xFF,0x00,0x00,
    0xFF,0xFF,0x00,0x00,
    0xFF,0xFF,0xC0,0x00,
    0xF8,0x07,0xE0,0x00,
    0xF8,0x03,0xE0,0x00,
    0xF8,0x03,0xE0,0x00,
    0xF8,0x03,0xE0,0x00,
    0xF8,0x03,0xE0,0x00,
    0xF8,0x07,0xE0,0x00,
    0xFF,0xFF,0xE0,0x00,
    0xFF,0xFF,0xC0,0x00,
    0xFF,0xFF,0x80,0x00,
    0xFF,0xFE,0x00,0x00,
    0x00,0x00,0x00,0x00,
    0x00,0x00,0x00,0x00,
    0x00,0x00,0x00,0x00,
    0x00,0x00,0x00,0x00,
    0x00,0x00,0x00,0x00,
    0x00,0x00,0x00,0x00,
    0x00,0x00,0x00,0x00,
    0x00,0x00,0x00,0x00,
  },
{
    0x00,0x00,0x00,0x00,
    0x00,0xFE,0x00,0x00,
    0x07,0xFF,0x80,0x00,
    0x0F,0xFF,0xE0,0x00,
    0x1F,0xFF,0xF0,0x00,
    0x3F,0x87,0xF0,0x00,
    0x3F,0x01,0xF8,0x00,
    0x7E,0x00,0xF8,0x00,
    0x7C,0x00,0xF8,0x00,
    0x7C,0x00,0x00,0x00,
    0xFC,0x00,0x00,0x00,
    0xF8,0x00,0x00,0x00,
    0xF8,0x00,0x00,0x00,
    0xF8,0x00,0x00,0x00,
    0xF8,0x00,0x00,0x00,
    0xFC,0x00,0xF8,0x00,
    0x7C,0x00,0xF8,0x00,
    0x7E,0x00,0xF8,0x00,
    0x3E,0x01,0xF8,0x00,
    0x3F,0x83,0xF0,0x00,
    0x1F,0xFF,0xE0,0x00,
    0x0F,0xFF,0xE0,0x00,
    0x07,0xFF,0x80,0x00,
    0x00,0xFE,0x00,0x00,
    0x00,0x00,0x00,0x00,
    0x00,0x00,0x00,0x00,
    0x00,0x00,0x00,0x00,
    0x00,0x00,0x00,0x00,
    0x00,0x00,0x00,0x00,
    0x00,0x00,0x00,0x00,
    0x00,0x00,0x00,0x00,
    0x00,0x00,0x00,0x00,
  },
{
    0x00,0x00,0x00,0x00,
    0xFF,0xFC,0x00,0x00,
    0xFF,0xFF,0x00,0x00,
    0xFF,0xFF,0x80,0x00,
    0xFF,0xFF,0xC0,0x00,
    0xF8,0x0F,0xE0,0x00,
    0xF8,0x07,0xE0,0x00,
    0xF8,0x03,0xF0,0x00,
    0xF8,0x01,0xF0,0x00,
    0xF8,0x01,0xF0,0x00,
    0xF8,0x01,0xF0,0x00,
    0xF8,0x01,0xF0,0x00,
    0xF8,0x01,0xF0,0x00,
    0xF8,0x01,0xF0,0x00,
    0xF8,0x01,0xF0,0x00,
    0xF8,0x01,0xF0,0x00,
    0xF8,0x01,0xF0,0x00,
    0xF8,0x03,0xF0,0x00,
    0xF8,0x07,0xE0,0x00,
    0xF8,0x0F,0xE0,0x00,
    0xFF,0xFF,0xC0,0x00,
    0xFF,0xFF,0x80,0x00,
    0xFF,0xFF,0x00,0x00,
    0xFF,0xFC,0x00,0x00,
    0x00,0x00,0x00,0x00,
    0x00,0x00,0x00,0x00,
    0x00,0x00,0x00,0x00,
    0x00,0x00,0x00,0x00,
    0x00,0x00,0x00,0x00,
    0x00,0x00,0x00,0x00,
    0x00,0x00,0x00,0x00,
    0x00,0x00,0x00,0x00,
  },
{
    0x00,0x00,0x00,0x00,
    0xFF,0xFF,0x80,0x00,
    0xFF,0xFF,0x80,0x00,
    0xFF,0xFF,0x80,0x00,
    0xFF,0xFF,0x80,0x00,
    0xF8,0x00,0x00,0x00,
    0xF8,0x00,0x00,0x00,
    0xF8,0x00,0x00,0x00,
    0xF8,0x00,0x00,0x00,
    0xF8,0x00,0x00,0x00,
    0xFF,0xFF,0x00,0x00,
    0xFF,0xFF,0x00,0x00,
    0xFF,0xFF,0x00,0x00,
    0xFF,0xFF,0x00,0x00,
    0xF8,0x00,0x00,0x00,
    0xF8,0x00,0x00,0x00,
    0xF8,0x00,0x00,0x00,
    0xF8,0x00,0x00,0x00,
    0xF8,0x00,0x00,0x00,
    0xF8,0x00,0x00,0x00,
    0xFF,0xFF,0xC0,0x00,
    0xFF,0xFF,0xC0,0x00,
    0xFF,0xFF,0xC0,0x00,
    0xFF,0xFF,0xC0,0x00,
    0x00,0x00,0x00,0x00,
    0x00,0x00,0x00,0x00,
    0x00,0x00,0x00,0x00,
    0x00,0x00,0x00,0x00,
    0x00,0x00,0x00,0x00,
    0x00,0x00,0x00,0x00,
    0x00,0x00,0x00,0x00,
    0x00,0x00,0x00,0x00,
  },
{
    0x00,0x00,0x00,0x00,
    0xFF,0xFF,0x00,0x00,
    0xFF,0xFF,0x00,0x00,
    0xFF,0xFF,0x00,0x00,
    0xFF,0xFF,0x00,0x00,
    0xF8,0x00,0x00,0x00,
    0xF8,0x00,0x00,0x00,
    0xF8,0x00,0x00,0x00,
    0xF8,0x00,0x00,0x00,
    0xF8,0x00,0x00,0x00,
    0xF8,0x00,0x00,0x00,
    0xFF,0xFE,0x00,0x00,
    0xFF,0xFE,0x00,0x00,
    0xFF,0xFE,0x00,0x00,
    0xFF,0xFE,0x00,0x00,
    0xF8,0x00,0x00,0x00,
    0xF8,0x00,0x00,0x00,
    0xF8,0x00,0x00,0x00,
    0xF8,0x00,0x00,0x00,
    0xF8,0x00,0x00,0x00,
    0xF8,0x00,0x00,0x00,
    0xF8,0x00,0x00,0x00,
    0xF8,0x00,0x00,0x00,
    0xF8,0x00,0x00,0x00,
    0x00,0x00,0x00,0x00,
    0x00,0x00,0x00,0x00,
    0x00,0x00,0x00,0x00,
    0x00,0x00,0x00,0x00,
    0x00,0x00,0x00,0x00,
    0x00,0x00,0x00,0x00,
    0x00,0x00,0x00,0x00,
    0x00,0x00,0x00,0x00,
  },
{
    0x00,0x00,0x00,0x00,
    0x00,0xFE,0x00,0x00,
    0x07,0xFF,0x80,0x00,
    0x0F,0xFF,0xC0,0x00,
    0x1F,0xFF,0xE0,0x00,
    0x3F,0x87,0xF0,0x00,
    0x3F,0x01,0xF8,0x00,
    0x7E,0x00,0xF8,0x00,
    0x7C,0x00,0xF8,0x00,
    0x7C,0x00,0x00,0x00,
    0xFC,0x00,0x00,0x00,
    0xF8,0x00,0x00,0x00,
    0xF8,0x0F,0xFC,0x00,
    0xF8,0x0F,0xFC,0x00,
    0xF8,0x0F,0xFC,0x00,
    0xFC,0x0F,0xFC,0x00,
    0x7C,0x00,0x7C,0x00,
    0x7E,0x00,0xFC,0x00,
    0x3E,0x00,0xFC,0x00,
    0x3F,0x83,0xFC,0x00,
    0x1F,0xFF,0xFC,0x00,
    0x0F,0xFF,0xFC,0x00,
    0x07,0xFF,0x3C,0x00,
    0x00,0xFC,0x38,0x00,
    0x00,0x00,0x00,0x00,
    0x00,0x00,0x00,0x00,
    0x00,0x00,0x00,0x00,
    0x00,0x00,0x00,0x00,
    0x00,0x00,0x00,0x00,
    0x00,0x00,0x00,0x00,
    0x00,0x00,0x00,0x00,
    0x00,0x00,0x00,0x00,
  },
{
    0x00,0x00,0x00,0x00,
    0xF8,0x03,0xF0,0x00,
    0xF8,0x03,0xF0,0x00,
    0xF8,0x03,0xF0,0x00,
    0xF8,0x03,0xF0,0x00,
    0xF8,0x03,0xF0,0x00,
    0xF8,0x03,0xF0,0x00,
    0xF8,0x03,0xF0,0x00,
    0xF8,0x03,0xF0,0x00,
    0xF8,0x03,0xF0,0x00,
    0xFF,0xFF,0xF0,0x00,
    0xFF,0xFF,0xF0,0x00,
    0xFF,0xFF,0xF0,0x00,
    0xFF,0xFF,0xF0,0x00,
    0xF8,0x03,0xF0,0x00,
    0xF8,0x03,0xF0,0x00,
    0xF8,0x03,0xF0,0x00,
    0xF8,0x03,0xF0,0x00,
    0xF8,0x03,0xF0,0x00,
    0xF8,0x03,0xF0,0x00,
    0xF8,0x03,0xF0,0x00,
    0xF8,0x03,0xF0,0x00,
    0xF8,0x03,0xF0,0x00,
    0xF8,0x03,0xF0,0x00,
    0x00,0x00,0x00,0x00,
    0x00,0x00,0x00,0x00,
    0x00,0x00,0x00,0x00,
    0x00,0x00,0x00,0x00,
    0x00,0x00,0x00,0x00,
    0x00,0x00,0x00,0x00,
    0x00,0x00,0x00,0x00,
    0x00,0x00,0x00,0x00,
  },
{
    0x00,0x00,0x00,0x00,
    0xF8,0x00,0x00,0x00,
    0xF8,0x00,0x00,0x00,
    0xF8,0x00,0x00,0x00,
    0xF8,0x00,0x00,0x00,
    0xF8,0x00,0x00,0x00,
    0xF8,0x00,0x00,0x00,
    0xF8,0x00,0x00,0x00,
    0xF8,0x00,0x00,0x00,
    0xF8,0x00,0x00,0x00,
    0xF8,0x00,0x00,0x00,
    0xF8,0x00,0x00,0x00,
    0xF8,0x00,0x00,0x00,
    0xF8,0x00,0x00,0x00,
    0xF8,0x00,0x00,0x00,
    0xF8,0x00,0x00,0x00,
    0xF8,0x00,0x00,0x00,
    0xF8,0x00,0x00,0x00,
    0xF8,0x00,0x00,0x00,
    0xF8,0x00,0x00,0x00,
    0xF8,0x00,0x00,0x00,
    0xF8,0x00,0x00,0x00,
    0xF8,0x00,0x00,0x00,
    0xF8,0x00,0x00,0x00,
    0x00,0x00,0x00,0x00,
    0x00,0x00,0x00,0x00,
    0x00,0x00,0x00,0x00,
    0x00,0x00,0x00,0x00,
    0x00,0x00,0x00,0x00,
    0x00,0x00,0x00,0x00,
    0x00,0x00,0x00,0x00,
    0x00,0x00,0x00,0x00,
  },
{
    0x00,0x00,0x00,0x00,
    0x00,0x3F,0x00,0x00,
    0x00,0x3F,0x00,0x00,
    0x00,0x3F,0x00,0x00,
    0x00,0x3F,0x00,0x00,
    0x00,0x3F,0x00,0x00,
    0x00,0x3F,0x00,0x00,
    0x00,0x3F,0x00,0x00,
    0x00,0x3F,0x00,0x00,
    0x00,0x3F,0x00,0x00,
    0x00,0x3F,0x00,0x00,
    0x00,0x3F,0x00,0x00,
    0x00,0x3F,0x00,0x00,
    0x00,0x3F,0x00,0x00,
    0x00,0x3F,0x00,0x00,
    0xF8,0x3F,0x00,0x00,
    0xF8,0x3F,0x00,0x00,
    0xF8,0x3F,0x00,0x00,
    0x78,0x3E,0x00,0x00,
    0x7C,0x7E,0x00,0x00,
    0x7F,0xFE,0x00,0x00,
    0x3F,0xFC,0x00,0x00,
    0x1F,0xF8,0x00,0x00,
    0x07,0xF0,0x00,0x00,
    0x00,0x00,0x00,0x00,
    0x00,0x00,0x00,0x00,
    0x00,0x00,0x00,0x00,
    0x00,0x00,0x00,0x00,
    0x00,0x00,0x00,0x00,
    0x00,0x00,0x00,0x00,
    0x00,0x00,0x00,0x00,
    0x00,0x00,0x00,0x00,
  },
{
    0x00,0x00,0x00,0x00,
    0xF8,0x03,0xF0,0x00,
    0xF8,0x07,0xE0,0x00,
    0xF8,0x0F,0xC0,0x00,
    0xF8,0x1F,0x80,0x00,
    0xF8,0x3F,0x00,0x00,
    0xF8,0x7E,0x00,0x00,
    0xF8,0xFC,0x00,0x00,
    0xF9,0xF8,0x00,0x00,
    0xFB,0xF0,0x00,0x00,
    0xFF,0xF0,0x00,0x00,
    0xFF,0xF8,0x00,0x00,
    0xFF,0xF8,0x00,0x00,
    0xFF,0xFC,0x00,0x00,
    0xFE,0x7E,0x00,0x00,
    0xFC,0x7E,0x00,0x00,
    0xFC,0x3F,0x00,0x00,
    0xF8,0x1F,0x80,0x00,
    0xF8,0x1F,0x80,0x00,
    0xF8,0x0F,0xC0,0x00,
    0xF8,0x07,0xE0,0x00,
    0xF8,0x07,0xF0,0x00,
    0xF8,0x03,0xF0,0x00,
    0xF8,0x01,0xF8,0x00,
    0x00,0x00,0x00,0x00,
    0x00,0x00,0x00,0x00,
    0x00,0x00,0x00,0x00,
    0x00,0x00,0x00,0x00,
    0x00,0x00,0x00,0x00,
    0x00,0x00,0x00,0x00,
    0x00,0x00,0x00,0x00,
    0x00,0x00,0x00,0x00,
  },
{
    0x00,0x00,0x00,0x00,
    0xF8,0x00,0x00,0x00,
    0xF8,0x00,0x00,0x00,
    0xF8,0x00,0x00,0x00,
    0xF8,0x00,0x00,0x00,
    0xF8,0x00,0x00,0x00,
    0xF8,0x00,0x00,0x00,
    0xF8,0x00,0x00,0x00,
    0xF8,0x00,0x00,0x00,
    0xF8,0x00,0x00,0x00,
    0xF8,0x00,0x00,0x00,
    0xF8,0x00,0x00,0x00,
    0xF8,0x00,0x00,0x00,
    0xF8,0x00,0x00,0x00,
    0xF8,0x00,0x00,0x00,
    0xF8,0x00,0x00,0x00,
    0xF8,0x00,0x00,0x00,
    0xF8,0x00,0x00,0x00,
    0xF8,0x00,0x00,0x00,
    0xF8,0x00,0x00,0x00,
    0xFF,0xFF,0x00,0x00,
    0xFF,0xFF,0x00,0x00,
    0xFF,0xFF,0x00,0x00,
    0xFF,0xFF,0x00,0x00,
    0x00,0x00,0x00,0x00,
    0x00,0x00,0x00,0x00,
    0x00,0x00,0x00,0x00,
    0x00,0x00,0x00,0x00,
    0x00,0x00,0x00,0x00,
    0x00,0x00,0x00,0x00,
    0x00,0x00,0x00,0x00,
    0x00,0x00,0x00,0x00,
  },
{
    0x00,0x00,0x00,0x00,
    0xFF,0x00,0x3F,0x80,
    0xFF,0x00,0x7F,0x80,
    0xFF,0x00,0x7F,0x80,
    0xFF,0x80,0x7F,0x80,
    0xFF,0x80,0xFF,0x80,
    0xFF,0x80,0xFF,0x80,
    0xFF,0xC0,0xFF,0x80,
    0xFF,0xC1,0xFF,0x80,
    0xFF,0xC1,0xEF,0x80,
    0xFB,0xE1,0xEF,0x80,
    0xFB,0xE3,0xEF,0x80,
    0xF9,0xE3,0xCF,0x80,
    0xF9,0xF3,0xCF,0x80,
    0xF9,0xF7,0xCF,0x80,
    0xF8,0xF7,0x8F,0x80,
    0xF8,0xFF,0x8F,0x80,
    0xF8,0xFF,0x8F,0x80,
    0xF8,0x7F,0x0F,0x80,
    0xF8,0x7F,0x0F,0x80,
    0xF8,0x7F,0x0F,0x80,
    0xF8,0x3E,0x0F,0x80,
    0xF8,0x3E,0x0F,0x80,
    0xF8,0x3E,0x0F,0x80,
    0x00,0x00,0x00,0x00,
    0x00,0x00,0x00,0x00,
    0x00,0x00,0x00,0x00,
    0x00,0x00,0x00,0x00,
    0x00,0x00,0x00,0x00,
    0x00,0x00,0x00,0x00,
    0x00,0x00,0x00,0x00,
    0x00,0x00,0x00,0x00,
  },
{
    0x00,0x00,0x00,0x00,
    0xFC,0x01,0xF0,0x00,
    0xFC,0x01,0xF0,0x00,
    0xFE,0x01,0xF0,0x00,
    0xFE,0x01,0xF0,0x00,
    0xFF,0x01,0xF0,0x00,
    0xFF,0x81,0xF0,0x00,
    0xFF,0x81,0xF0,0x00,
    0xFF,0xC1,0xF0,0x00,
    0xFF,0xE1,0xF0,0x00,
    0xFB,0xE1,0xF0,0x00,
    0xF9,0xF1,0xF0,0x00,
    0xF9,0xF1,0xF0,0x00,
    0xF8,0xF9,0xF0,0x00,
    0xF8,0x7D,0xF0,0x00,
    0xF8,0x7D,0xF0,0x00,
    0xF8,0x3F,0xF0,0x00,
    0xF8,0x3F,0xF0,0x00,
    0xF8,0x1F,0xF0,0x00,
    0xF8,0x0F,0xF0,0x00,
    0xF8,0x0F,0xF0,0x00,
    0xF8,0x07,0xF0,0x00,
    0xF8,0x07,0xF0,0x00,
    0xF8,0x03,0xF0,0x00,
    0x00,0x00,0x00,0x00,
    0x00,0x00,0x00,0x00,
    0x00,0x00,0x00,0x00,
    0x00,0x00,0x00,0x00,
    0x00,0x00,0x00,0x00,
    0x00,0x00,0x00,0x00,
    0x00,0x00,0x00,0x00,
    0x00,0x00,0x00,0x00,
  },
{
    0x00,0x00,0x00,0x00,
    0x00,0xFE,0x00,0x00,
    0x03,0xFF,0x80,0x00,
    0x0F,0xFF,0xE0,0x00,
    0x1F,0xFF,0xF0,0x00,
    0x3F,0x83,0xF8,0x00,
    0x3E,0x01,0xF8,0x00,
    0x7E,0x00,0xFC,0x00,
    0x7C,0x00,0x7C,0x00,
    0x7C,0x00,0x7C,0x00,
    0xFC,0x00,0x7E,0x00,
    0xF8,0x00,0x3E,0x00,
    0xF8,0x00,0x3E,0x00,
    0xF8,0x00,0x3E,0x00,
    0xF8,0x00,0x7E,0x00,
    0xFC,0x00,0x7C,0x00,
    0x7C,0x00,0x7C,0x00,
    0x7E,0x00,0xFC,0x00,
    0x3E,0x01,0xF8,0x00,
    0x3F,0x83,0xF8,0x00,
    0x1F,0xFF,0xF0,0x00,
    0x0F,0xFF,0xE0,0x00,
    0x07,0xFF,0x80,0x00,
    0x00,0xFE,0x00,0x00,
    0x00,0x00,0x00,0x00,
    0x00,0x00,0x00,0x00,
    0x00,0x00,0x00,0x00,
    0x00,0x00,0x00,0x00,
    0x00,0x00,0x00,0x00,
    0x00,0x00,0x00,0x00,
    0x00,0x00,0x00,0x00,
    0x00,0x00,0x00,0x00,
  },
{
    0x00,0x00,0x00,0x00,
    0xFF,0xFC,0x00,0x00,
    0xFF,0xFF,0x00,0x00,
    0xFF,0xFF,0x80,0x00,
    0xFF,0xFF,0x80,0x00,
    0xF8,0x0F,0xC0,0x00,
    0xF8,0x07,0xC0,0x00,
    0xF8,0x07,0xC0,0x00,
    0xF8,0x07,0xC0,0x00,
    0xF8,0x07,0xC0,0x00,
    0xF8,0x07,0xC0,0x00,
    0xF8,0x0F,0xC0,0x00,
    0xFF,0xFF,0x80,0x00,
    0xFF,0xFF,0x80,0x00,
    0xFF,0xFF,0x00,0x00,
    0xFF,0xFC,0x00,0x00,
    0xF8,0x00,0x00,0x00,
    0xF8,0x00,0x00,0x00,
    0xF8,0x00,0x00,0x00,
    0xF8,0x00,0x00,0x00,
    0xF8,0x00,0x00,0x00,
    0xF8,0x00,0x00,0x00,
    0xF8,0x00,0x00,0x00,
    0xF8,0x00,0x00,0x00,
    0x00,0x00,0x00,0x00,
    0x00,0x00,0x00,0x00,
    0x00,0x00,0x00,0x00,
    0x00,0x00,0x00,0x00,
    0x00,0x00,0x00,0x00,
    0x00,0x00,0x00,0x00,
    0x00,0x00,0x00,0x00,
    0x00,0x00,0x00,0x00,
  },
{
    0x00,0x00,0x00,0x00,
    0x01,0xFF,0x00,0x00,
    0x07,0xFF,0xC0,0x00,
    0x0F,0xFF,0xE0,0x00,
    0x1F,0xFF,0xF0,0x00,
    0x3F,0x83,0xF8,0x00,
    0x3E,0x00,0xF8,0x00,
    0x7E,0x00,0xFC,0x00,
    0x7C,0x00,0x7C,0x00,
    0x7C,0x00,0x7C,0x00,
    0xFC,0x00,0x7E,0x00,
    0xF8,0x00,0x3E,0x00,
    0xF8,0x00,0x3E,0x00,
    0xF8,0x00,0x3E,0x00,
    0xF8,0x00,0x7E,0x00,
    0xFC,0x00,0x7C,0x00,
    0x7C,0x06,0x7C,0x00,
    0x7C,0x0F,0xFC,0x00,
    0x7E,0x0F,0xF8,0x00,
    0x3F,0x07,0xF8,0x00,
    0x1F,0xFF,0xF0,0x00,
    0x0F,0xFF,0xF0,0x00,
    0x07,0xFF,0xF8,0x00,
    0x03,0xFF,0xFC,0x00,
    0x00,0x38,0x3C,0x00,
    0x00,0x00,0x18,0x00,
    0x00,0x00,0x00,0x00,
    0x00,0x00,0x00,0x00,
    0x00,0x00,0x00,0x00,
    0x00,0x00,0x00,0x00,
    0x00,0x00,0x00,0x00,
    0x00,0x00,0x00,0x00,
  },
{
    0x00,0x00,0x00,0x00,
    0xFF,0xFE,0x00,0x00,
    0xFF,0xFF,0x80,0x00,
    0xFF,0xFF,0xC0,0x00,
    0xFF,0xFF,0xE0,0x00,
    0xF8,0x07,0xE0,0x00,
    0xF8,0x03,0xE0,0x00,
    0xF8,0x03,0xE0,0x00,
    0xF8,0x03,0xE0,0x00,
    0xF8,0x03,0xE0,0x00,
    0xF8,0x07,0xC0,0x00,
    0xFF,0xFF,0xC0,0x00,
    0xFF,0xFF,0x80,0x00,
    0xFF,0xFF,0x80,0x00,
    0xFF,0xFF,0xC0,0x00,
    0xF8,0x0F,0xC0,0x00,
    0xF8,0x07,0xE0,0x00,
    0xF8,0x03,0xE0,0x00,
    0xF8,0x03,0xE0,0x00,
    0xF8,0x03,0xE0,0x00,
    0xF8,0x03,0xE0,0x00,
    0xF8,0x03,0xE0,0x00,
    0xF8,0x03,0xE0,0x00,
    0xF8,0x01,0xF0,0x00,
    0x00,0x00,0x00,0x00,
    0x00,0x00,0x00,0x00,
    0x00,0x00,0x00,0x00,
    0x00,0x00,0x00,0x00,
    0x00,0x00,0x00,0x00,
    0x00,0x00,0x00,0x00,
    0x00,0x00,0x00,0x00,
    0x00,0x00,0x00,0x00,
  },
{
    0x00,0x00,0x00,0x00,
    0x01,0xFC,0x00,0x00,
    0x0F,0xFF,0x00,0x00,
    0x1F,0xFF,0x80,0x00,
    0x3F,0xFF,0xC0,0x00,
    0x3F,0x0F,0xE0,0x00,
    0x3E,0x03,0xE0,0x00,
    0x3E,0x03,0xE0,0x00,
    0x3E,0x01,0xE0,0x00,
    0x3F,0x00,0x00,0x00,
    0x3F,0xE0,0x00,0x00,
    0x1F,0xFE,0x00,0x00,
    0x0F,0xFF,0x80,0x00,
    0x07,0xFF,0xC0,0x00,
    0x00,0x7F,0xE0,0x00,
    0x00,0x0F,0xF0,0x00,
    0x00,0x03,0xF0,0x00,
    0x7C,0x01,0xF0,0x00,
    0x7C,0x01,0xF0,0x00,
    0x7E,0x01,0xF0,0x00,
    0x3F,0x07,0xE0,0x00,
    0x3F,0xFF,0xE0,0x00,
    0x1F,0xFF,0xC0,0x00,
    0x0F,0xFF,0x80,0x00,
    0x01,0xFE,0x00,0x00,
    0x00,0x00,0x00,0x00,
    0x00,0x00,0x00,0x00,
    0x00,0x00,0x00,0x00,
    0x00,0x00,0x00,0x00,
    0x00,0x00,0x00,0x00,
    0x00,0x00,0x00,0x00,
    0x00,0x00,0x00,0x00,
  },
{
    0x00,0x00,0x00,0x00,
    0xFF,0xFF,0xE0,0x00,
    0xFF,0xFF,0xE0,0x00,
    0xFF,0xFF,0xE0,0x00,
    0xFF,0xFF,0xE0,0x00,
    0x01,0xF0,0x00,0x00,
    0x01,0xF0,0x00,0x00,
    0x01,0xF0,0x00,0x00,
    0x01,0xF0,0x00,0x00,
    0x01,0xF0,0x00,0x00,
    0x01,0xF0,0x00,0x00,
    0x01,0xF0,0x00,0x00,
    0x01,0xF0,0x00,0x00,
    0x01,0xF0,0x00,0x00,
    0x01,0xF0,0x00,0x00,
    0x01,0xF0,0x00,0x00,
    0x01,0xF0,0x00,0x00,
    0x01,0xF0,0x00,0x00,
    0x01,0xF0,0x00,0x00,
    0x01,0xF0,0x00,0x00,
    0x01,0xF0,0x00,0x00,
    0x01,0xF0,0x00,0x00,
    0x01,0xF0,0x00,0x00,
    0x01,0xF0,0x00,0x00,
    0x00,0x00,0x00,0x00,
    0x00,0x00,0x00,0x00,
    0x00,0x00,0x00,0x00,
    0x00,0x00,0x00,0x00,
    0x00,0x00,0x00,0x00,
    0x00,0x00,0x00,0x00,
    0x00,0x00,0x00,0x00,
    0x00,0x00,0x00,0x00,
  },
{
    0x00,0x00,0x00,0x00,
    0xF8,0x01,0xF0,0x00,
    0xF8,0x01,0xF0,0x00,
    0xF8,0x01,0xF0,0x00,
    0xF8,0x01,0xF0,0x00,
    0xF8,0x01,0xF0,0x00,
    0xF8,0x01,0xF0,0x00,
    0xF8,0x01,0xF0,0x00,
    0xF8,0x01,0xF0,0x00,
    0xF8,0x01,0xF0,0x00,
    0xF8,0x01,0xF0,0x00,
    0xF8,0x01,0xF0,0x00,
    0xF8,0x01,0xF0,0x00,
    0xF8,0x01,0xF0,0x00,
    0xF8,0x01,0xF0,0x00,
    0xF8,0x03,0xF0,0x00,
    0xF8,0x03,0xF0,0x00,
    0xFC,0x03,0xE0,0x00,
    0x7C,0x03,0xE0,0x00,
    0x7E,0x0F,0xE0,0x00,
    0x7F,0xFF,0xC0,0x00,
    0x3F,0xFF,0x80,0x00,
    0x0F,0xFF,0x00,0x00,
    0x03,0xFC,0x00,0x00,
    0x00,0x00,0x00,0x00,
    0x00,0x00,0x00,0x00,
    0x00,0x00,0x00,0x00,
    0x00,0x00,0x00,0x00,
    0x00,0x00,0x00,0x00,
    0x00,0x00,0x00,0x00,
    0x00,0x00,0x00,0x00,
    0x00,0x00,0x00,0x00,
  },
{
    0x00,0x00,0x00,0x00,
    0x7C,0x00,0xF8,0x00,
    0x7C,0x00,0xF8,0x00,
    0x3E,0x01,0xF8,0x00,
    0x3E,0x01,0xF0,0x00,
    0x3E,0x01,0xF0,0x00,
    0x3F,0x03,0xF0,0x00,
    0x1F,0x03,0xE0,0x00,
    0x1F,0x03,0xE0,0x00,
    0x1F,0x87,0xE0,0x00,
    0x0F,0x87,0xC0,0x00,
    0x0F,0x87,0xC0,0x00,
    0x0F,0xCF,0xC0,0x00,
    0x07,0xCF,0x80,0x00,
    0x07,0xCF,0x80,0x00,
    0x07,0xEF,0x80,0x00,
    0x03,0xFF,0x00,0x00,
    0x03,0xFF,0x00,0x00,
    0x03,0xFF,0x00,0x00,
    0x01,0xFE,0x00,0x00,
    0x01,0xFE,0x00,0x00,
    0x01,0xFE,0x00,0x00,
    0x00,0xFC,0x00,0x00,
    0x00,0xFC,0x00,0x00,
    0x00,0x00,0x00,0x00,
    0x00,0x00,0x00,0x00,
    0x00,0x00,0x00,0x00,
    0x00,0x00,0x00,0x00,
    0x00,0x00,0x00,0x00,
    0x00,0x00,0x00,0x00,
    0x00,0x00,0x00,0x00,
    0x00,0x00,0x00,0x00,
  },
{
    0x00,0x00,0x00,0x00,
    0xF8,0x07,0xC0,0x7C,
    0xFC,0x0F,0xC0,0x7C,
    0x7C,0x0F,0xC0,0x7C,
    0x7C,0x0F,0xC0,0xF8,
    0x7C,0x0F,0xE0,0xF8,
    0x7C,0x1F,0xE0,0xF8,
    0x3E,0x1F,0xE0,0xF0,
    0x3E,0x1F,0xE1,0xF0,
    0x3E,0x1F,0xF1,0xF0,
    0x1E,0x3E,0xF1,0xF0,
    0x1F,0x3C,0xF1,0xE0,
    0x1F,0x3C,0xF3,0xE0,
    0x1F,0x3C,0xFB,0xE0,
    0x0F,0x7C,0x7B,0xE0,
    0x0F,0xF8,0x7B,0xC0,
    0x0F,0xF8,0x7F,0xC0,
    0x0F,0xF8,0x7F,0xC0,
    0x07,0xF8,0x3F,0xC0,
    0x07,0xF0,0x3F,0x80,
    0x07,0xF0,0x3F,0x80,
    0x07,0xF0,0x3F,0x80,
    0x03,0xF0,0x1F,0x00,
    0x03,0xE0,0x1F,0x00,
    0x00,0x00,0x00,0x00,
    0x00,0x00,0x00,0x00,
    0x00,0x00,0x00,0x00,
    0x00,0x00,0x00,0x00,
    0x00,0x00,0x00,0x00,
    0x00,0x00,0x00,0x00,
    0x00,0x00,0x00,0x00,
    0x00,0x00,0x00,0x00,
  },
{
    0x00,0x00,0x00,0x00,
    0x3F,0x00,0xFC,0x00,
    0x3F,0x01,0xF8,0x00,
    0x1F,0x81,0xF0,0x00,
    0x0F,0x83,0xF0,0x00,
    0x0F,0xC7,0xE0,0x00,
    0x07,0xE7,0xC0,0x00,
    0x03,0xEF,0xC0,0x00,
    0x03,0xFF,0x80,0x00,
    0x01,0xFF,0x00,0x00,
    0x00,0xFF,0x00,0x00,
    0x00,0xFE,0x00,0x00,
    0x00,0xFE,0x00,0x00,
    0x00,0xFF,0x00,0x00,
    0x01,0xFF,0x00,0x00,
    0x03,0xFF,0x80,0x00,
    0x03,0xFF,0xC0,0x00,
    0x07,0xEF,0xC0,0x00,
    0x0F,0xC7,0xE0,0x00,
    0x0F,0x83,0xF0,0x00,
    0x1F,0x83,0xF0,0x00,
    0x3F,0x01,0xF8,0x00,
    0x3E,0x00,0xFC,0x00,
    0x7E,0x00,0xFC,0x00,
    0x00,0x00,0x00,0x00,
    0x00,0x00,0x00,0x00,
    0x00,0x00,0x00,0x00,
    0x00,0x00,0x00,0x00,
    0x00,0x00,0x00,0x00,
    0x00,0x00,0x00,0x00,
    0x00,0x00,0x00,0x00,
    0x00,0x00,0x00,0x00,
  },
{
    0x00,0x00,0x00,0x00,
    0x7E,0x00,0x7C,0x00,
    0x3E,0x00,0xFC,0x00,
    0x3F,0x01,0xF8,0x00,
    0x1F,0x81,0xF8,0x00,
    0x1F,0x83,0xF0,0x00,
    0x0F,0xC3,0xE0,0x00,
    0x07,0xC7,0xE0,0x00,
    0x07,0xE7,0xC0,0x00,
    0x03,0xEF,0xC0,0x00,
    0x03,0xFF,0x80,0x00,
    0x01,0xFF,0x00,0x00,
    0x00,0xFF,0x00,0x00,
    0x00,0xFE,0x00,0x00,
    0x00,0x7E,0x00,0x00,
    0x00,0x7C,0x00,0x00,
    0x00,0x7C,0x00,0x00,
    0x00,0x7C,0x00,0x00,
    0x00,0x7C,0x00,0x00,
    0x00,0x7C,0x00,0x00,
    0x00,0x7C,0x00,0x00,
    0x00,0x7C,0x00,0x00,
    0x00,0x7C,0x00,0x00,
    0x00,0x7C,0x00,0x00,
    0x00,0x00,0x00,0x00,
    0x00,0x00,0x00,0x00,
    0x00,0x00,0x00,0x00,
    0x00,0x00,0x00,0x00,
    0x00,0x00,0x00,0x00,
    0x00,0x00,0x00,0x00,
    0x00,0x00,0x00,0x00,
    0x00,0x00,0x00,0x00,
  },
{
    0x00,0x00,0x00,0x00,
    0x3F,0xFF,0xF0,0x00,
    0x3F,0xFF,0xF0,0x00,
    0x3F,0xFF,0xF0,0x00,
    0x3F,0xFF,0xF0,0x00,
    0x00,0x07,0xE0,0x00,
    0x00,0x0F,0xE0,0x00,
    0x00,0x1F,0xC0,0x00,
    0x00,0x3F,0x80,0x00,
    0x00,0x7F,0x00,0x00,
    0x00,0xFE,0x00,0x00,
    0x00,0xFC,0x00,0x00,
    0x01,0xFC,0x00,0x00,
    0x03,0xF8,0x00,0x00,
    0x07,0xF0,0x00,0x00,
    0x0F,0xE0,0x00,0x00,
    0x1F,0xC0,0x00,0x00,
    0x1F,0xC0,0x00,0x00,
    0x3F,0x80,0x00,0x00,
    0x7F,0x00,0x00,0x00,
    0x7F,0xFF,0xF0,0x00,
    0x7F,0xFF,0xF0,0x00,
    0x7F,0xFF,0xF0,0x00,
    0x7F,0xFF,0xF0,0x00,
    0x00,0x00,0x00,0x00,
    0x00,0x00,0x00,0x00,
    0x00,0x00,0x00,0x00,
    0x00,0x00,0x00,0x00,
    0x00,0x00,0x00,0x00,
    0x00,0x00,0x00,0x00,
    0x00,0x00,0x00,0x00,
    0x00,0x00,0x00,0x00,
  },
{
    0x00,0x00,0x00,0x00,
    0x00,0x00,0x00,0x00,
    0x00,0x00,0x00,0x00,
    0x00,0x00,0x00,0x00,
    0x00,0x00,0x00,0x00,
    0x00,0x00,0x00,0x00,
    0x00,0x00,0x00,0x00,
    0x07,0xF0,0x00,0x00,
    0x1F,0xFC,0x00,0x00,
    0x3F,0xFE,0x00,0x00,
    0x7C,0x3E,0x00,0x00,
    0x78,0x1F,0x00,0x00,
    0x78,0x1F,0x00,0x00,
    0x00,0x3F,0x00,0x00,
    0x07,0xFF,0x00,0x00,
    0x3F,0xFF,0x00,0x00,
    0x7F,0xDF,0x00,0x00,
    0xFC,0x1F,0x00,0x00,
    0xF8,0x1F,0x00,0x00,
    0xF8,0x1F,0x00,0x00,
    0xF8,0x3F,0x00,0x00,
    0xFF,0xFF,0x00,0x00,
    0x7F,0xFF,0x00,0x00,
    0x3F,0xDF,0x00,0x00,
    0x00,0x00,0x00,0x00,
    0x00,0x00,0x00,0x00,
    0x00,0x00,0x00,0x00,
    0x00,0x00,0x00,0x00,
    0x00,0x00,0x00,0x00,
    0x00,0x00,0x00,0x00,
    0x00,0x00,0x00,0x00,
    0x00,0x00,0x00,0x00,
  },
{
    0x00,0x00,0x00,0x00,
    0x78,0x00,0x00,0x00,
    0x78,0x00,0x00,0x00,
    0x78,0x00,0x00,0x00,
    0x78,0x00,0x00,0x00,
    0x78,0x00,0x00,0x00,
    0x78,0x00,0x00,0x00,
    0x78,0xF8,0x00,0x00,
    0x7B,0xFE,0x00,0x00,
    0x7F,0xFF,0x00,0x00,
    0x7E,0x1F,0x00,0x00,
    0x7C,0x0F,0x80,0x00,
    0x7C,0x0F,0x80,0x00,
    0x78,0x07,0x80,0x00,
    0x78,0x07,0x80,0x00,
    0x78,0x07,0x80,0x00,
    0x78,0x07,0x80,0x00,
    0x78,0x07,0x80,0x00,
    0x7C,0x0F,0x80,0x00,
    0x7C,0x0F,0x80,0x00,
    0x7E,0x1F,0x00,0x00,
    0x7F,0xFF,0x00,0x00,
    0x7B,0xFE,0x00,0x00,
    0x79,0xF8,0x00,0x00,
    0x00,0x00,0x00,0x00,
    0x00,0x00,0x00,0x00,
    0x00,0x00,0x00,0x00,
    0x00,0x00,0x00,0x00,
    0x00,0x00,0x00,0x00,
    0x00,0x00,0x00,0x00,
    0x00,0x00,0x00,0x00,
    0x00,0x00,0x00,0x00,
  },
{
    0x00,0x00,0x00,0x00,
    0x00,0x00,0x00,0x00,
    0x00,0x00,0x00,0x00,
    0x00,0x00,0x00,0x00,
    0x00,0x00,0x00,0x00,
    0x00,0x00,0x00,0x00,
    0x00,0x00,0x00,0x00,
    0x07,0xF0,0x00,0x00,
    0x0F,0xFC,0x00,0x00,
    0x3F,0xFE,0x00,0x00,
    0x3E,0x3F,0x00,0x00,
    0x7C,0x1F,0x00,0x00,
    0x78,0x0F,0x00,0x00,
    0xF8,0x00,0x00,0x00,
    0xF8,0x00,0x00,0x00,
    0xF8,0x00,0x00,0x00,
    0xF8,0x00,0x00,0x00,
    0xF8,0x00,0x00,0x00,
    0x78,0x0F,0x00,0x00,
    0x7C,0x1F,0x00,0x00,
    0x3E,0x3F,0x00,0x00,
    0x3F,0xFE,0x00,0x00,
    0x1F,0xFC,0x00,0x00,
    0x07,0xF0,0x00,0x00,
    0x00,0x00,0x00,0x00,
    0x00,0x00,0x00,0x00,
    0x00,0x00,0x00,0x00,
    0x00,0x00,0x00,0x00,
    0x00,0x00,0x00,0x00,
    0x00,0x00,0x00,0x00,
    0x00,0x00,0x00,0x00,
    0x00,0x00,0x00,0x00,
  },
{
    0x00,0x00,0x00,0x00,
    0x00,0x0F,0x80,0x00,
    0x00,0x0F,0x80,0x00,
    0x00,0x0F,0x80,0x00,
    0x00,0x0F,0x80,0x00,
    0x00,0x0F,0x80,0x00,
    0x00,0x0F,0x80,0x00,
    0x07,0xCF,0x80,0x00,
    0x1F,0xFF,0x80,0x00,
    0x3F,0xFF,0x80,0x00,
    0x7E,0x3F,0x80,0x00,
    0x7C,0x1F,0x80,0x00,
    0xF8,0x0F,0x80,0x00,
    0xF8,0x0F,0x80,0x00,
    0xF8,0x0F,0x80,0x00,
    0xF8,0x0F,0x80,0x00,
    0xF8,0x0F,0x80,0x00,
    0xF8,0x0F,0x80,0x00,
    0xF8,0x0F,0x80,0x00,
    0x7C,0x1F,0x80,0x00,
    0x7E,0x3F,0x80,0x00,
    0x3F,0xFF,0x80,0x00,
    0x1F,0xFF,0x80,0x00,
    0x07,0xC7,0x80,0x00,
    0x00,0x00,0x00,0x00,
    0x00,0x00,0x00,0x00,
    0x00,0x00,0x00,0x00,
    0x00,0x00,0x00,0x00,
    0x00,0x00,0x00,0x00,
    0x00,0x00,0x00,0x00,
    0x00,0x00,0x00,0x00,
    0x00,0x00,0x00,0x00,
  },
{
    0x00,0x00,0x00,0x00,
    0x00,0x00,0x00,0x00,
    0x00,0x00,0x00,0x00,
    0x00,0x00,0x00,0x00,
    0x00,0x00,0x00,0x00,
    0x00,0x00,0x00,0x00,
    0x00,0x00,0x00,0x00,
    0x03,0xF0,0x00,0x00,
    0x0F,0xFC,0x00,0x00,
    0x1F,0xFE,0x00,0x00,
    0x3F,0x1F,0x00,0x00,
    0x3C,0x0F,0x80,0x00,
    0x7C,0x0F,0x80,0x00,
    0x7C,0x07,0x80,0x00,
    0x7F,0xFF,0x80,0x00,
    0x7F,0xFF,0x80,0x00,
    0x7F,0xFF,0x80,0x00,
    0x7C,0x00,0x00,0x00,
    0x7C,0x07,0x80,0x00,
    0x3C,0x0F,0x80,0x00,
    0x3E,0x1F,0x00,0x00,
    0x1F,0xFE,0x00,0x00,
    0x0F,0xFC,0x00,0x00,
    0x03,0xF8,0x00,0x00,
    0x00,0x00,0x00,0x00,
    0x00,0x00,0x00,0x00,
    0x00,0x00,0x00,0x00,
    0x00,0x00,0x00,0x00,
    0x00,0x00,0x00,0x00,
    0x00,0x00,0x00,0x00,
    0x00,0x00,0x00,0x00,
    0x00,0x00,0x00,0x00,
  },
{
    0x00,0x00,0x00,0x00,
    0x07,0xE0,0x00,0x00,
    0x0F,0xE0,0x00,0x00,
    0x1F,0xE0,0x00,0x00,
    0x1F,0x00,0x00,0x00,
    0x1E,0x00,0x00,0x00,
    0x1E,0x00,0x00,0x00,
    0xFF,0xC0,0x00,0x00,
    0xFF,0xC0,0x00,0x00,
    0xFF,0xC0,0x00,0x00,
    0x1E,0x00,0x00,0x00,
    0x1E,0x00,0x00,0x00,
    0x1E,0x00,0x00,0x00,
    0x1E,0x00,0x00,0x00,
    0x1E,0x00,0x00,0x00,
    0x1E,0x00,0x00,0x00,
    0x1E,0x00,0x00,0x00,
    0x1E,0x00,0x00,0x00,
    0x1E,0x00,0x00,0x00,
    0x1E,0x00,0x00,0x00,
    0x1E,0x00,0x00,0x00,
    0x1E,0x00,0x00,0x00,
    0x1E,0x00,0x00,0x00,
    0x1E,0x00,0x00,0x00,
    0x00,0x00,0x00,0x00,
    0x00,0x00,0x00,0x00,
    0x00,0x00,0x00,0x00,
    0x00,0x00,0x00,0x00,
    0x00,0x00,0x00,0x00,
    0x00,0x00,0x00,0x00,
    0x00,0x00,0x00,0x00,
    0x00,0x00,0x00,0x00,
  },
{
    0x00,0x00,0x00,0x00,
    0x00,0x00,0x00,0x00,
    0x00,0x00,0x00,0x00,
    0x00,0x00,0x00,0x00,
    0x00,0x00,0x00,0x00,
    0x00,0x00,0x00,0x00,
    0x00,0x00,0x00,0x00,
    0x07,0xCF,0x80,0x00,
    0x1F,0xFF,0x80,0x00,
    0x3F,0xFF,0x80,0x00,
    0x7E,0x3F,0x80,0x00,
    0x7C,0x1F,0x80,0x00,
    0xF8,0x0F,0x80,0x00,
    0xF8,0x0F,0x80,0x00,
    0xF8,0x0F,0x80,0x00,
    0xF8,0x0F,0x80,0x00,
    0xF8,0x0F,0x80,0x00,
    0xF8,0x0F,0x80,0x00,
    0x7C,0x1F,0x80,0x00,
    0x7E,0x3F,0x80,0x00,
    0x3F,0xFF,0x80,0x00,
    0x1F,0xFF,0x80,0x00,
    0x0F,0xCF,0x80,0x00,
    0x00,0x0F,0x80,0x00,
    0x00,0x0F,0x00,0x00,
    0x7C,0x0F,0x00,0x00,
    0x7E,0x1F,0x00,0x00,
    0x3F,0xFE,0x00,0x00,
    0x1F,0xFC,0x00,0x00,
    0x07,0xF0,0x00,0x00,
    0x00,0x00,0x00,0x00,
    0x00,0x00,0x00,0x00,
  },
{
    0x00,0x00,0x00,0x00,
    0x78,0x00,0x00,0x00,
    0x78,0x00,0x00,0x00,
    0x78,0x00,0x00,0x00,
    0x78,0x00,0x00,0x00,
    0x78,0x00,0x00,0x00,
    0x78,0x00,0x00,0x00,
    0x78,0xF8,0x00,0x00,
    0x79,0xFE,0x00,0x00,
    0x7F,0xFE,0x00,0x00,
    0x7F,0xFF,0x00,0x00,
    0x7E,0x3F,0x00,0x00,
    0x7C,0x1F,0x00,0x00,
    0x7C,0x0F,0x00,0x00,
    0x78,0x0F,0x00,0x00,
    0x78,0x0F,0x00,0x00,
    0x78,0x0F,0x00,0x00,
    0x78,0x0F,0x00,0x00,
    0x78,0x0F,0x00,0x00,
    0x78,0x0F,0x00,0x00,
    0x78,0x0F,0x00,0x00,
    0x78,0x0F,0x00,0x00,
    0x78,0x0F,0x00,0x00,
    0x78,0x0F,0x00,0x00,
    0x00,0x00,0x00,0x00,
    0x00,0x00,0x00,0x00,
    0x00,0x00,0x00,0x00,
    0x00,0x00,0x00,0x00,
    0x00,0x00,0x00,0x00,
    0x00,0x00,0x00,0x00,
    0x00,0x00,0x00,0x00,
    0x00,0x00,0x00,0x00,
  },
{
    0x00,0x00,0x00,0x00,
    0x78,0x00,0x00,0x00,
    0x78,0x00,0x00,0x00,
    0x78,0x00,0x00,0x00,
    0x78,0x00,0x00,0x00,
    0x00,0x00,0x00,0x00,
    0x00,0x00,0x00,0x00,
    0x78,0x00,0x00,0x00,
    0x78,0x00,0x00,0x00,
    0x78,0x00,0x00,0x00,
    0x78,0x00,0x00,0x00,
    0x78,0x00,0x00,0x00,
    0x78,0x00,0x00,0x00,
    0x78,0x00,0x00,0x00,
    0x78,0x00,0x00,0x00,
    0x78,0x00,0x00,0x00,
    0x78,0x00,0x00,0x00,
    0x78,0x00,0x00,0x00,
    0x78,0x00,0x00,0x00,
    0x78,0x00,0x00,0x00,
    0x78,0x00,0x00,0x00,
    0x78,0x00,0x00,0x00,
    0x78,0x00,0x00,0x00,
    0x78,0x00,0x00,0x00,
    0x00,0x00,0x00,0x00,
    0x00,0x00,0x00,0x00,
    0x00,0x00,0x00,0x00,
    0x00,0x00,0x00,0x00,
    0x00,0x00,0x00,0x00,
    0x00,0x00,0x00,0x00,
    0x00,0x00,0x00,0x00,
    0x00,0x00,0x00,0x00,
  },
{
    0x00,0x00,0x00,0x00,
    0x1F,0x00,0x00,0x00,
    0x1F,0x00,0x00,0x00,
    0x1F,0x00,0x00,0x00,
    0x1F,0x00,0x00,0x00,
    0x00,0x00,0x00,0x00,
    0x00,0x00,0x00,0x00,
    0x00,0x00,0x00,0x00,
    0x1F,0x00,0x00,0x00,
    0x1F,0x00,0x00,0x00,
    0x1F,0x00,0x00,0x00,
    0x1F,0x00,0x00,0x00,
    0x1F,0x00,0x00,0x00,
    0x1F,0x00,0x00,0x00,
    0x1F,0x00,0x00,0x00,
    0x1F,0x00,0x00,0x00,
    0x1F,0x00,0x00,0x00,
    0x1F,0x00,0x00,0x00,
    0x1F,0x00,0x00,0x00,
    0x1F,0x00,0x00,0x00,
    0x1F,0x00,0x00,0x00,
    0x1F,0x00,0x00,0x00,
    0x1F,0x00,0x00,0x00,
    0x1F,0x00,0x00,0x00,
    0x1F,0x00,0x00,0x00,
    0x1F,0x00,0x00,0x00,
    0x7F,0x00,0x00,0x00,
    0xFE,0x00,0x00,0x00,
    0xFE,0x00,0x00,0x00,
    0xFC,0x00,0x00,0x00,
    0x00,0x00,0x00,0x00,
    0x00,0x00,0x00,0x00,
  },
{
    0x00,0x00,0x00,0x00,
    0xF8,0x00,0x00,0x00,
    0xF8,0x00,0x00,0x00,
    0xF8,0x00,0x00,0x00,
    0xF8,0x00,0x00,0x00,
    0xF8,0x00,0x00,0x00,
    0xF8,0x00,0x00,0x00,
    0xF8,0x3E,0x00,0x00,
    0xF8,0x7E,0x00,0x00,
    0xF8,0xFC,0x00,0x00,
    0xF9,0xF8,0x00,0x00,
    0xFB,0xF0,0x00,0x00,
    0xFF,0xE0,0x00,0x00,
    0xFF,0xC0,0x00,0x00,
    0xFF,0xC0,0x00,0x00,
    0xFF,0xE0,0x00,0x00,
    0xFF,0xF0,0x00,0x00,
    0xFD,0xF0,0x00,0x00,
    0xF8,0xF8,0x00,0x00,
    0xF8,0xFC,0x00,0x00,
    0xF8,0x7C,0x00,0x00,
    0xF8,0x7E,0x00,0x00,
    0xF8,0x3F,0x00,0x00,
    0xF8,0x1F,0x00,0x00,
    0x00,0x00,0x00,0x00,
    0x00,0x00,0x00,0x00,
    0x00,0x00,0x00,0x00,
    0x00,0x00,0x00,0x00,
    0x00,0x00,0x00,0x00,
    0x00,0x00,0x00,0x00,
    0x00,0x00,0x00,0x00,
    0x00,0x00,0x00,0x00,
  },
{
    0x00,0x00,0x00,0x00,
    0x78,0x00,0x00,0x00,
    0x78,0x00,0x00,0x00,
    0x78,0x00,0x00,0x00,
    0x78,0x00,0x00,0x00,
    0x78,0x00,0x00,0x00,
    0x78,0x00,0x00,0x00,
    0x78,0x00,0x00,0x00,
    0x78,0x00,0x00,0x00,
    0x78,0x00,0x00,0x00,
    0x78,0x00,0x00,0x00,
    0x78,0x00,0x00,0x00,
    0x78,0x00,0x00,0x00,
    0x78,0x00,0x00,0x00,
    0x78,0x00,0x00,0x00,
    0x78,0x00,0x00,0x00,
    0x78,0x00,0x00,0x00,
    0x78,0x00,0x00,0x00,
    0x78,0x00,0x00,0x00,
    0x78,0x00,0x00,0x00,
    0x78,0x00,0x00,0x00,
    0x78,0x00,0x00,0x00,
    0x78,0x00,0x00,0x00,
    0x78,0x00,0x00,0x00,
    0x00,0x00,0x00,0x00,
    0x00,0x00,0x00,0x00,
    0x00,0x00,0x00,0x00,
    0x00,0x00,0x00,0x00,
    0x00,0x00,0x00,0x00,
    0x00,0x00,0x00,0x00,
    0x00,0x00,0x00,0x00,
    0x00,0x00,0x00,0x00,
  },
{
    0x00,0x00,0x00,0x00,
    0x00,0x00,0x00,0x00,
    0x00,0x00,0x00,0x00,
    0x00,0x00,0x00,0x00,
    0x00,0x00,0x00,0x00,
    0x00,0x00,0x00,0x00,
    0x00,0x00,0x00,0x00,
    0x00,0xF8,0x3E,0x00,
    0x7B,0xFC,0xFF,0x80,
    0x7F,0xFF,0xFF,0x80,
    0x7F,0xFF,0xFF,0xC0,
    0x7E,0x3F,0x8F,0xC0,
    0x7C,0x1F,0x07,0xC0,
    0x7C,0x1F,0x07,0xC0,
    0x78,0x1F,0x03,0xC0,
    0x78,0x1F,0x03,0xC0,
    0x78,0x1F,0x03,0xC0,
    0x78,0x1F,0x03,0xC0,
    0x78,0x1F,0x03,0xC0,
    0x78,0x1F,0x03,0xC0,
    0x78,0x1F,0x03,0xC0,
    0x78,0x1F,0x03,0xC0,
    0x78,0x1F,0x03,0xC0,
    0x78,0x1F,0x03,0xC0,
    0x00,0x00,0x00,0x00,
    0x00,0x00,0x00,0x00,
    0x00,0x00,0x00,0x00,
    0x00,0x00,0x00,0x00,
    0x00,0x00,0x00,0x00,
    0x00,0x00,0x00,0x00,
    0x00,0x00,0x00,0x00,
    0x00,0x00,0x00,0x00,
  },
{
    0x00,0x00,0x00,0x00,
    0x00,0x00,0x00,0x00,
    0x00,0x00,0x00,0x00,
    0x00,0x00,0x00,0x00,
    0x00,0x00,0x00,0x00,
    0x00,0x00,0x00,0x00,
    0x00,0x00,0x00,0x00,
    0x00,0xF8,0x00,0x00,
    0x7B,0xFE,0x00,0x00,
    0x7F,0xFE,0x00,0x00,
    0x7F,0xFF,0x00,0x00,
    0x7E,0x3F,0x00,0x00,
    0x7C,0x1F,0x00,0x00,
    0x7C,0x0F,0x00,0x00,
    0x78,0x0F,0x00,0x00,
    0x78,0x0F,0x00,0x00,
    0x78,0x0F,0x00,0x00,
    0x78,0x0F,0x00,0x00,
    0x78,0x0F,0x00,0x00,
    0x78,0x0F,0x00,0x00,
    0x78,0x0F,0x00,0x00,
    0x78,0x0F,0x00,0x00,
    0x78,0x0F,0x00,0x00,
    0x78,0x0F,0x00,0x00,
    0x00,0x00,0x00,0x00,
    0x00,0x00,0x00,0x00,
    0x00,0x00,0x00,0x00,
    0x00,0x00,0x00,0x00,
    0x00,0x00,0x00,0x00,
    0x00,0x00,0x00,0x00,
    0x00,0x00,0x00,0x00,
    0x00,0x00,0x00,0x00,
  },
{
    0x00,0x00,0x00,0x00,
    0x00,0x00,0x00,0x00,
    0x00,0x00,0x00,0x00,
    0x00,0x00,0x00,0x00,
    0x00,0x00,0x00,0x00,
    0x00,0x00,0x00,0x00,
    0x00,0x00,0x00,0x00,
    0x07,0xF0,0x00,0x00,
    0x0F,0xFC,0x00,0x00,
    0x3F,0xFE,0x00,0x00,
    0x3E,0x1F,0x00,0x00,
    0x7C,0x0F,0x80,0x00,
    0x78,0x0F,0x80,0x00,
    0xF8,0x07,0x80,0x00,
    0xF8,0x07,0x80,0x00,
    0xF8,0x07,0x80,0x00,
    0xF8,0x07,0x80,0x00,
    0xF8,0x07,0x80,0x00,
    0x78,0x0F,0x80,0x00,
    0x7C,0x0F,0x80,0x00,
    0x3E,0x1F,0x00,0x00,
    0x3F,0xFE,0x00,0x00,
    0x1F,0xFC,0x00,0x00,
    0x07,0xF0,0x00,0x00,
    0x00,0x00,0x00,0x00,
    0x00,0x00,0x00,0x00,
    0x00,0x00,0x00,0x00,
    0x00,0x00,0x00,0x00,
    0x00,0x00,0x00,0x00,
    0x00,0x00,0x00,0x00,
    0x00,0x00,0x00,0x00,
    0x00,0x00,0x00,0x00,
  },
{
    0x00,0x00,0x00,0x00,
    0x00,0x00,0x00,0x00,
    0x00,0x00,0x00,0x00,
    0x00,0x00,0x00,0x00,
    0x00,0x00,0x00,0x00,
    0x00,0x00,0x00,0x00,
    0x00,0x00,0x00,0x00,
    0x79,0xF8,0x00,0x00,
    0x7B,0xFE,0x00,0x00,
    0x7F,0xFF,0x00,0x00,
    0x7E,0x1F,0x00,0x00,
    0x7C,0x0F,0x80,0x00,
    0x7C,0x0F,0x80,0x00,
    0x78,0x07,0x80,0x00,
    0x78,0x07,0xC0,0x00,
    0x78,0x07,0xC0,0x00,
    0x78,0x07,0xC0,0x00,
    0x78,0x07,0x80,0x00,
    0x7C,0x0F,0x80,0x00,
    0x7C,0x0F,0x80,0x00,
    0x7E,0x1F,0x00,0x00,
    0x7F,0xFF,0x00,0x00,
    0x7B,0xFE,0x00,0x00,
    0x79,0xF8,0x00,0x00,
    0x78,0x00,0x00,0x00,
    0x78,0x00,0x00,0x00,
    0x78,0x00,0x00,0x00,
    0x78,0x00,0x00,0x00,
    0x78,0x00,0x00,0x00,
    0x78,0x00,0x00,0x00,
    0x00,0x00,0x00,0x00,
    0x00,0x00,0x00,0x00,
  },
{
    0x00,0x00,0x00,0x00,
    0x00,0x00,0x00,0x00,
    0x00,0x00,0x00,0x00,
    0x00,0x00,0x00,0x00,
    0x00,0x00,0x00,0x00,
    0x00,0x00,0x00,0x00,
    0x00,0x00,0x00,0x00,
    0x07,0xC7,0x80,0x00,
    0x1F,0xFF,0x80,0x00,
    0x3F,0xFF,0x80,0x00,
    0x7E,0x3F,0x80,0x00,
    0x7C,0x1F,0x80,0x00,
    0xF8,0x0F,0x80,0x00,
    0xF8,0x0F,0x80,0x00,
    0xF8,0x0F,0x80,0x00,
    0xF8,0x0F,0x80,0x00,
    0xF8,0x0F,0x80,0x00,
    0xF8,0x0F,0x80,0x00,
    0xF8,0x0F,0x80,0x00,
    0x7C,0x1F,0x80,0x00,
    0x7E,0x3F,0x80,0x00,
    0x3F,0xFF,0x80,0x00,
    0x1F,0xFF,0x80,0x00,
    0x0F,0xCF,0x80,0x00,
    0x00,0x0F,0x80,0x00,
    0x00,0x0F,0x80,0x00,
    0x00,0x0F,0x80,0x00,
    0x00,0x0F,0x80,0x00,
    0x00,0x0F,0x80,0x00,
    0x00,0x0F,0x80,0x00,
    0x00,0x00,0x00,0x00,
    0x00,0x00,0x00,0x00,
  },
{
    0x00,0x00,0x00,0x00,
    0x00,0x00,0x00,0x00,
    0x00,0x00,0x00,0x00,
    0x00,0x00,0x00,0x00,
    0x00,0x00,0x00,0x00,
    0x00,0x00,0x00,0x00,
    0x00,0x00,0x00,0x00,
    0x78,0xE0,0x00,0x00,
    0x7B,0xE0,0x00,0x00,
    0x7B,0xE0,0x00,0x00,
    0x7F,0xE0,0x00,0x00,
    0x7F,0x00,0x00,0x00,
    0x7C,0x00,0x00,0x00,
    0x7C,0x00,0x00,0x00,
    0x7C,0x00,0x00,0x00,
    0x78,0x00,0x00,0x00,
    0x78,0x00,0x00,0x00,
    0x78,0x00,0x00,0x00,
    0x78,0x00,0x00,0x00,
    0x78,0x00,0x00,0x00,
    0x78,0x00,0x00,0x00,
    0x78,0x00,0x00,0x00,
    0x78,0x00,0x00,0x00,
    0x78,0x00,0x00,0x00,
    0x00,0x00,0x00,0x00,
    0x00,0x00,0x00,0x00,
    0x00,0x00,0x00,0x00,
    0x00,0x00,0x00,0x00,
    0x00,0x00,0x00,0x00,
    0x00,0x00,0x00,0x00,
    0x00,0x00,0x00,0x00,
    0x00,0x00,0x00,0x00,
  },
{
    0x00,0x00,0x00,0x00,
    0x00,0x00,0x00,0x00,
    0x00,0x00,0x00,0x00,
    0x00,0x00,0x00,0x00,
    0x00,0x00,0x00,0x00,
    0x00,0x00,0x00,0x00,
    0x00,0x00,0x00,0x00,
    0x07,0xF0,0x00,0x00,
    0x1F,0xFC,0x00,0x00,
    0x3F,0xFE,0x00,0x00,
    0x3E,0x3F,0x00,0x00,
    0x7C,0x1F,0x00,0x00,
    0x7E,0x00,0x00,0x00,
    0x7F,0x80,0x00,0x00,
    0x3F,0xF8,0x00,0x00,
    0x1F,0xFE,0x00,0x00,
    0x03,0xFF,0x00,0x00,
    0x00,0x3F,0x00,0x00,
    0x78,0x0F,0x00,0x00,
    0x7C,0x0F,0x00,0x00,
    0x7E,0x1F,0x00,0x00,
    0x3F,0xFE,0x00,0x00,
    0x1F,0xFC,0x00,0x00,
    0x07,0xF8,0x00,0x00,
    0x00,0x00,0x00,0x00,
    0x00,0x00,0x00,0x00,
    0x00,0x00,0x00,0x00,
    0x00,0x00,0x00,0x00,
    0x00,0x00,0x00,0x00,
    0x00,0x00,0x00,0x00,
    0x00,0x00,0x00,0x00,
    0x00,0x00,0x00,0x00,
  },
{
    0x00,0x00,0x00,0x00,
    0x00,0x00,0x00,0x00,
    0x1F,0x00,0x00,0x00,
    0x1F,0x00,0x00,0x00,
    0x1F,0x00,0x00,0x00,
    0x1F,0x00,0x00,0x00,
    0x1F,0x00,0x00,0x00,
    0xFF,0xE0,0x00,0x00,
    0xFF,0xE0,0x00,0x00,
    0xFF,0xE0,0x00,0x00,
    0x1F,0x00,0x00,0x00,
    0x1F,0x00,0x00,0x00,
    0x1F,0x00,0x00,0x00,
    0x1F,0x00,0x00,0x00,
    0x1F,0x00,0x00,0x00,
    0x1F,0x00,0x00,0x00,
    0x1F,0x00,0x00,0x00,
    0x1F,0x00,0x00,0x00,
    0x1F,0x00,0x00,0x00,
    0x1F,0x00,0x00,0x00,
    0x1F,0xE0,0x00,0x00,
    0x1F,0xE0,0x00,0x00,
    0x0F,0xE0,0x00,0x00,
    0x07,0xE0,0x00,0x00,
    0x00,0x00,0x00,0x00,
    0x00,0x00,0x00,0x00,
    0x00,0x00,0x00,0x00,
    0x00,0x00,0x00,0x00,
    0x00,0x00,0x00,0x00,
    0x00,0x00,0x00,0x00,
    0x00,0x00,0x00,0x00,
    0x00,0x00,0x00,0x00,
  },
{
    0x00,0x00,0x00,0x00,
    0x00,0x00,0x00,0x00,
    0x00,0x00,0x00,0x00,
    0x00,0x00,0x00,0x00,
    0x00,0x00,0x00,0x00,
    0x00,0x00,0x00,0x00,
    0x00,0x00,0x00,0x00,
    0x78,0x0F,0x00,0x00,
    0x78,0x0F,0x00,0x00,
    0x78,0x0F,0x00,0x00,
    0x78,0x0F,0x00,0x00,
    0x78,0x0F,0x00,0x00,
    0x78,0x0F,0x00,0x00,
    0x78,0x0F,0x00,0x00,
    0x78,0x0F,0x00,0x00,
    0x78,0x0F,0x00,0x00,
    0x78,0x0F,0x00,0x00,
    0x78,0x0F,0x00,0x00,
    0x78,0x1F,0x00,0x00,
    0x7C,0x1F,0x00,0x00,
    0x7E,0x3F,0x00,0x00,
    0x7F,0xFF,0x00,0x00,
    0x3F,0xFF,0x00,0x00,
    0x3F,0xEF,0x00,0x00,
    0x0F,0x80,0x00,0x00,
    0x00,0x00,0x00,0x00,
    0x00,0x00,0x00,0x00,
    0x00,0x00,0x00,0x00,
    0x00,0x00,0x00,0x00,
    0x00,0x00,0x00,0x00,
    0x00,0x00,0x00,0x00,
    0x00,0x00,0x00,0x00,
  },
{
    0x00,0x00,0x00,0x00,
    0x00,0x00,0x00,0x00,
    0x00,0x00,0x00,0x00,
    0x00,0x00,0x00,0x00,
    0x00,0x00,0x00,0x00,
    0x00,0x00,0x00,0x00,
    0x00,0x00,0x00,0x00,
    0xF8,0x0F,0x00,0x00,
    0x78,0x1F,0x00,0x00,
    0x7C,0x1F,0x00,0x00,
    0x7C,0x1E,0x00,0x00,
    0x3C,0x1E,0x00,0x00,
    0x3E,0x3E,0x00,0x00,
    0x3E,0x3C,0x00,0x00,
    0x1E,0x3C,0x00,0x00,
    0x1F,0x7C,0x00,0x00,
    0x1F,0x78,0x00,0x00,
    0x0F,0x78,0x00,0x00,
    0x0F,0xF8,0x00,0x00,
    0x0F,0xF0,0x00,0x00,
    0x07,0xF0,0x00,0x00,
    0x07,0xF0,0x00,0x00,
    0x07,0xE0,0x00,0x00,
    0x03,0xE0,0x00,0x00,
    0x00,0x00,0x00,0x00,
    0x00,0x00,0x00,0x00,
    0x00,0x00,0x00,0x00,
    0x00,0x00,0x00,0x00,
    0x00,0x00,0x00,0x00,
    0x00,0x00,0x00,0x00,
    0x00,0x00,0x00,0x00,
    0x00,0x00,0x00,0x00,
  },
{
    0x00,0x00,0x00,0x00,
    0x00,0x00,0x00,0x00,
    0x00,0x00,0x00,0x00,
    0x00,0x00,0x00,0x00,
    0x00,0x00,0x00,0x00,
    0x00,0x00,0x00,0x00,
    0x00,0x00,0x00,0x00,
    0xF8,0x1E,0x07,0xC0,
    0x78,0x3F,0x07,0x80,
    0x7C,0x3F,0x0F,0x80,
    0x7C,0x3F,0x0F,0x80,
    0x3C,0x3F,0x0F,0x80,
    0x3E,0x7F,0x8F,0x00,
    0x3E,0x7F,0x9F,0x00,
    0x3E,0x7F,0x9F,0x00,
    0x1E,0x73,0x9E,0x00,
    0x1F,0x73,0xDE,0x00,
    0x1F,0xF3,0xFE,0x00,
    0x0F,0xF3,0xFC,0x00,
    0x0F,0xE1,0xFC,0x00,
    0x0F,0xE1,0xFC,0x00,
    0x07,0xE1,0xF8,0x00,
    0x07,0xE0,0xF8,0x00,
    0x07,0xC0,0xF8,0x00,
    0x00,0x00,0x00,0x00,
    0x00,0x00,0x00,0x00,
    0x00,0x00,0x00,0x00,
    0x00,0x00,0x00,0x00,
    0x00,0x00,0x00,0x00,
    0x00,0x00,0x00,0x00,
    0x00,0x00,0x00,0x00,
    0x00,0x00,0x00,0x00,
  },
{
    0x00,0x00,0x00,0x00,
    0x00,0x00,0x00,0x00,
    0x00,0x00,0x00,0x00,
    0x00,0x00,0x00,0x00,
    0x00,0x00,0x00,0x00,
    0x00,0x00,0x00,0x00,
    0x00,0x00,0x00,0x00,
    0x7C,0x1F,0x00,0x00,
    0x7E,0x3F,0x00,0x00,
    0x3E,0x3E,0x00,0x00,
    0x1F,0x7C,0x00,0x00,
    0x1F,0xFC,0x00,0x00,
    0x0F,0xF8,0x00,0x00,
    0x07,0xF0,0x00,0x00,
    0x03,0xE0,0x00,0x00,
    0x03,0xF0,0x00,0x00,
    0x07,0xF0,0x00,0x00,
    0x0F,0xF8,0x00,0x00,
    0x0F,0xFC,0x00,0x00,
    0x1F,0x7C,0x00,0x00,
    0x3E,0x3E,0x00,0x00,
    0x3E,0x3F,0x00,0x00,
    0x7C,0x1F,0x00,0x00,
    0xF8,0x0F,0x80,0x00,
    0x00,0x00,0x00,0x00,
    0x00,0x00,0x00,0x00,
    0x00,0x00,0x00,0x00,
    0x00,0x00,0x00,0x00,
    0x00,0x00,0x00,0x00,
    0x00,0x00,0x00,0x00,
    0x00,0x00,0x00,0x00,
    0x00,0x00,0x00,0x00,
  },
{
    0x00,0x00,0x00,0x00,
    0x00,0x00,0x00,0x00,
    0x00,0x00,0x00,0x00,
    0x00,0x00,0x00,0x00,
    0x00,0x00,0x00,0x00,
    0x00,0x00,0x00,0x00,
    0x00,0x00,0x00,0x00,
    0x7C,0x07,0xC0,0x00,
    0x7C,0x07,0x80,0x00,
    0x3E,0x0F,0x80,0x00,
    0x3E,0x0F,0x80,0x00,
    0x3E,0x0F,0x00,0x00,
    0x1F,0x1F,0x00,0x00,
    0x1F,0x1F,0x00,0x00,
    0x1F,0x1E,0x00,0x00,
    0x0F,0x3E,0x00,0x00,
    0x0F,0xBC,0x00,0x00,
    0x07,0xBC,0x00,0x00,
    0x07,0xFC,0x00,0x00,
    0x07,0xF8,0x00,0x00,
    0x03,0xF8,0x00,0x00,
    0x03,0xF8,0x00,0x00,
    0x03,0xF0,0x00,0x00,
    0x01,0xF0,0x00,0x00,
    0x01,0xF0,0x00,0x00,
    0x03,0xE0,0x00,0x00,
    0x3F,0xE0,0x00,0x00,
    0x3F,0xC0,0x00,0x00,
    0x3F,0xC0,0x00,0x00,
    0x3F,0x00,0x00,0x00,
    0x00,0x00,0x00,0x00,
    0x00,0x00,0x00,0x00,
  },
{
    0x00,0x00,0x00,0x00,
    0x00,0x00,0x00,0x00,
    0x00,0x00,0x00,0x00,
    0x00,0x00,0x00,0x00,
    0x00,0x00,0x00,0x00,
    0x00,0x00,0x00,0x00,
    0x00,0x00,0x00,0x00,
    0x00,0x00,0x00,0x00,
    0x7F,0xFE,0x00,0x00,
    0x7F,0xFE,0x00,0x00,
    0x7F,0xFE,0x00,0x00,
    0x00,0x7E,0x00,0x00,
    0x00,0xFC,0x00,0x00,
    0x01,0xF8,0x00,0x00,
    0x03,0xF0,0x00,0x00,
    0x07,0xE0,0x00,0x00,
    0x07,0xE0,0x00,0x00,
    0x0F,0xC0,0x00,0x00,
    0x1F,0x80,0x00,0x00,
    0x3F,0x00,0x00,0x00,
    0x7E,0x00,0x00,0x00,
    0x7F,0xFF,0x00,0x00,
    0x7F,0xFF,0x00,0x00,
    0x7F,0xFF,0x00,0x00,
    0x00,0x00,0x00,0x00,
    0x00,0x00,0x00,0x00,
    0x00,0x00,0x00,0x00,
    0x00,0x00,0x00,0x00,
    0x00,0x00,0x00,0x00,
    0x00,0x00,0x00,0x00,
    0x00,0x00,0x00,0x00,
    0x00,0x00,0x00,0x00,
  },
{
    0x00,0x00,0x00,0x00,
    0x03,0xF0,0x00,0x00,
    0x0F,0xFC,0x00,0x00,
    0x1F,0xFE,0x00,0x00,
    0x3F,0xFE,0x00,0x00,
    0x3E,0x3F,0x00,0x00,
    0x3C,0x1F,0x00,0x00,
    0x7C,0x0F,0x80,0x00,
    0x7C,0x0F,0x80,0x00,
    0x78,0x0F,0x80,0x00,
    0x78,0x0F,0x80,0x00,
    0x78,0x0F,0x80,0x00,
    0x78,0x07,0x80,0x00,
    0x78,0x0F,0x80,0x00,
    0x78,0x0F,0x80,0x00,
    0x78,0x0F,0x80,0x00,
    0x78,0x0F,0x80,0x00,
    0x7C,0x0F,0x80,0x00,
    0x7C,0x0F,0x80,0x00,
    0x3C,0x1F,0x00,0x00,
    0x3E,0x3F,0x00,0x00,
    0x3F,0xFE,0x00,0x00,
    0x1F,0xFE,0x00,0x00,
    0x0F,0xFC,0x00,0x00,
    0x03,0xF0,0x00,0x00,
    0x00,0x00,0x00,0x00,
    0x00,0x00,0x00,0x00,
    0x00,0x00,0x00,0x00,
    0x00,0x00,0x00,0x00,
    0x00,0x00,0x00,0x00,
    0x00,0x00,0x00,0x00,
    0x00,0x00,0x00,0x00,
  },
{
    0x00,0x00,0x00,0x00,
    0x00,0x00,0x00,0x00,
    0x01,0xE0,0x00,0x00,
    0x03,0xE0,0x00,0x00,
    0x07,0xE0,0x00,0x00,
    0x0F,0xE0,0x00,0x00,
    0xFF,0xE0,0x00,0x00,
    0xFF,0xE0,0x00,0x00,
    0xFF,0xE0,0x00,0x00,
    0x03,0xE0,0x00,0x00,
    0x03,0xE0,0x00,0x00,
    0x03,0xE0,0x00,0x00,
    0x03,0xE0,0x00,0x00,
    0x03,0xE0,0x00,0x00,
    0x03,0xE0,0x00,0x00,
    0x03,0xE0,0x00,0x00,
    0x03,0xE0,0x00,0x00,
    0x03,0xE0,0x00,0x00,
    0x03,0xE0,0x00,0x00,
    0x03,0xE0,0x00,0x00,
    0x03,0xE0,0x00,0x00,
    0x03,0xE0,0x00,0x00,
    0x03,0xE0,0x00,0x00,
    0x03,0xE0,0x00,0x00,
    0x00,0x00,0x00,0x00,
    0x00,0x00,0x00,0x00,
    0x00,0x00,0x00,0x00,
    0x00,0x00,0x00,0x00,
    0x00,0x00,0x00,0x00,
    0x00,0x00,0x00,0x00,
    0x00,0x00,0x00,0x00,
    0x00,0x00,0x00,0x00,
  },
{
    0x00,0x00,0x00,0x00,
    0x03,0xF0,0x00,0x00,
    0x0F,0xFC,0x00,0x00,
    0x1F,0xFE,0x00,0x00,
    0x1F,0xFF,0x00,0x00,
    0x3F,0x1F,0x80,0x00,
    0x3E,0x0F,0x80,0x00,
    0x7C,0x0F,0x80,0x00,
    0x7C,0x0F,0x80,0x00,
    0x7C,0x0F,0x80,0x00,
    0x00,0x0F,0x80,0x00,
    0x00,0x1F,0x00,0x00,
    0x00,0x3F,0x00,0x00,
    0x00,0xFE,0x00,0x00,
    0x01,0xF8,0x00,0x00,
    0x07,0xF0,0x00,0x00,
    0x0F,0xE0,0x00,0x00,
    0x1F,0x80,0x00,0x00,
    0x3F,0x00,0x00,0x00,
    0x3E,0x00,0x00,0x00,
    0x7F,0xFF,0x80,0x00,
    0x7F,0xFF,0x80,0x00,
    0x7F,0xFF,0x80,0x00,
    0x7F,0xFF,0x80,0x00,
    0x00,0x00,0x00,0x00,
    0x00,0x00,0x00,0x00,
    0x00,0x00,0x00,0x00,
    0x00,0x00,0x00,0x00,
    0x00,0x00,0x00,0x00,
    0x00,0x00,0x00,0x00,
    0x00,0x00,0x00,0x00,
    0x00,0x00,0x00,0x00,
  },
{
    0x00,0x00,0x00,0x00,
    0x03,0xF0,0x00,0x00,
    0x0F,0xFC,0x00,0x00,
    0x1F,0xFE,0x00,0x00,
    0x3F,0xFF,0x00,0x00,
    0x3E,0x3F,0x00,0x00,
    0x7C,0x0F,0x00,0x00,
    0x7C,0x0F,0x00,0x00,
    0x7C,0x0F,0x00,0x00,
    0x00,0x0F,0x00,0x00,
    0x00,0x3F,0x00,0x00,
    0x01,0xFE,0x00,0x00,
    0x01,0xFC,0x00,0x00,
    0x01,0xFF,0x00,0x00,
    0x00,0x1F,0x00,0x00,
    0x00,0x0F,0x80,0x00,
    0x00,0x0F,0x80,0x00,
    0x78,0x0F,0x80,0x00,
    0x78,0x0F,0x80,0x00,
    0x7C,0x0F,0x80,0x00,
    0x7E,0x1F,0x80,0x00,
    0x3F,0xFF,0x00,0x00,
    0x1F,0xFE,0x00,0x00,
    0x0F,0xFC,0x00,0x00,
    0x03,0xF0,0x00,0x00,
    0x00,0x00,0x00,0x00,
    0x00,0x00,0x00,0x00,
    0x00,0x00,0x00,0x00,
    0x00,0x00,0x00,0x00,
    0x00,0x00,0x00,0x00,
    0x00,0x00,0x00,0x00,
    0x00,0x00,0x00,0x00,
  },
{
    0x00,0x00,0x00,0x00,
    0x00,0x00,0x00,0x00,
    0x00,0x3C,0x00,0x00,
    0x00,0x7C,0x00,0x00,
    0x00,0xFC,0x00,0x00,
    0x00,0xFC,0x00,0x00,
    0x01,0xFC,0x00,0x00,
    0x03,0xFC,0x00,0x00,
    0x07,0xBC,0x00,0x00,
    0x07,0x3C,0x00,0x00,
    0x0F,0x3C,0x00,0x00,
    0x1E,0x3C,0x00,0x00,
    0x3C,0x3C,0x00,0x00,
    0x78,0x3C,0x00,0x00,
    0x78,0x3C,0x00,0x00,
    0xFF,0xFF,0x80,0x00,
    0xFF,0xFF,0x80,0x00,
    0xFF,0xFF,0x80,0x00,
    0xFF,0xFF,0x80,0x00,
    0x00,0x3C,0x00,0x00,
    0x00,0x3C,0x00,0x00,
    0x00,0x3C,0x00,0x00,
    0x00,0x3C,0x00,0x00,
    0x00,0x3C,0x00,0x00,
    0x00,0x00,0x00,0x00,
    0x00,0x00,0x00,0x00,
    0x00,0x00,0x00,0x00,
    0x00,0x00,0x00,0x00,
    0x00,0x00,0x00,0x00,
    0x00,0x00,0x00,0x00,
    0x00,0x00,0x00,0x00,
    0x00,0x00,0x00,0x00,
  },
{
    0x00,0x00,0x00,0x00,
    0x1F,0xFF,0x00,0x00,
    0x1F,0xFF,0x00,0x00,
    0x1F,0xFF,0x00,0x00,
    0x1F,0xFF,0x00,0x00,
    0x1E,0x00,0x00,0x00,
    0x3E,0x00,0x00,0x00,
    0x3C,0x00,0x00,0x00,
    0x3C,0x00,0x00,0x00,
    0x3D,0xF8,0x00,0x00,
    0x3F,0xFE,0x00,0x00,
    0x3F,0xFF,0x00,0x00,
    0x7E,0x1F,0x00,0x00,
    0x7C,0x0F,0x80,0x00,
    0x00,0x0F,0x80,0x00,
    0x00,0x07,0x80,0x00,
    0x00,0x07,0x80,0x00,
    0x00,0x0F,0x80,0x00,
    0x78,0x0F,0x80,0x00,
    0x7C,0x0F,0x80,0x00,
    0x7E,0x3F,0x00,0x00,
    0x3F,0xFF,0x00,0x00,
    0x3F,0xFE,0x00,0x00,
    0x0F,0xFC,0x00,0x00,
    0x03,0xF0,0x00,0x00,
    0x00,0x00,0x00,0x00,
    0x00,0x00,0x00,0x00,
    0x00,0x00,0x00,0x00,
    0x00,0x00,0x00,0x00,
    0x00,0x00,0x00,0x00,
    0x00,0x00,0x00,0x00,
    0x00,0x00,0x00,0x00,
  },
{
    0x00,0x00,0x00,0x00,
    0x03,0xF8,0x00,0x00,
    0x07,0xFC,0x00,0x00,
    0x0F,0xFE,0x00,0x00,
    0x1F,0x1F,0x00,0x00,
    0x3E,0x0F,0x00,0x00,
    0x3C,0x0F,0x80,0x00,
    0x7C,0x00,0x00,0x00,
    0x7C,0x00,0x00,0x00,
    0x79,0xF8,0x00,0x00,
    0x7B,0xFC,0x00,0x00,
    0x7F,0xFF,0x00,0x00,
    0x7F,0x1F,0x00,0x00,
    0x7C,0x0F,0x80,0x00,
    0x7C,0x0F,0x80,0x00,
    0x7C,0x0F,0x80,0x00,
    0x7C,0x0F,0x80,0x00,
    0x7C,0x0F,0x80,0x00,
    0x7C,0x0F,0x80,0x00,
    0x3E,0x0F,0x80,0x00,
    0x3F,0x1F,0x00,0x00,
    0x1F,0xFF,0x00,0x00,
    0x1F,0xFE,0x00,0x00,
    0x0F,0xFC,0x00,0x00,
    0x03,0xF0,0x00,0x00,
    0x00,0x00,0x00,0x00,
    0x00,0x00,0x00,0x00,
    0x00,0x00,0x00,0x00,
    0x00,0x00,0x00,0x00,
    0x00,0x00,0x00,0x00,
    0x00,0x00,0x00,0x00,
    0x00,0x00,0x00,0x00,
  },
{
    0x00,0x00,0x00,0x00,
    0x00,0x00,0x00,0x00,
    0xFF,0xFF,0x00,0x00,
    0xFF,0xFF,0x00,0x00,
    0xFF,0xFF,0x00,0x00,
    0xFF,0xFF,0x00,0x00,
    0x00,0x3E,0x00,0x00,
    0x00,0x3C,0x00,0x00,
    0x00,0x78,0x00,0x00,
    0x00,0xF8,0x00,0x00,
    0x00,0xF0,0x00,0x00,
    0x01,0xE0,0x00,0x00,
    0x01,0xE0,0x00,0x00,
    0x03,0xE0,0x00,0x00,
    0x03,0xC0,0x00,0x00,
    0x07,0xC0,0x00,0x00,
    0x07,0x80,0x00,0x00,
    0x07,0x80,0x00,0x00,
    0x0F,0x80,0x00,0x00,
    0x0F,0x80,0x00,0x00,
    0x0F,0x80,0x00,0x00,
    0x0F,0x00,0x00,0x00,
    0x1F,0x00,0x00,0x00,
    0x1F,0x00,0x00,0x00,
    0x00,0x00,0x00,0x00,
    0x00,0x00,0x00,0x00,
    0x00,0x00,0x00,0x00,
    0x00,0x00,0x00,0x00,
    0x00,0x00,0x00,0x00,
    0x00,0x00,0x00,0x00,
    0x00,0x00,0x00,0x00,
    0x00,0x00,0x00,0x00,
  },
{
    0x00,0x00,0x00,0x00,
    0x03,0xF0,0x00,0x00,
    0x0F,0xFC,0x00,0x00,
    0x1F,0xFE,0x00,0x00,
    0x3E,0x1F,0x00,0x00,
    0x3C,0x0F,0x00,0x00,
    0x7C,0x0F,0x00,0x00,
    0x7C,0x0F,0x00,0x00,
    0x7C,0x0F,0x00,0x00,
    0x3C,0x0F,0x00,0x00,
    0x3E,0x1F,0x00,0x00,
    0x1F,0xFE,0x00,0x00,
    0x0F,0xFC,0x00,0x00,
    0x3F,0xFF,0x00,0x00,
    0x7E,0x1F,0x80,0x00,
    0x7C,0x0F,0x80,0x00,
    0xF8,0x07,0x80,0x00,
    0xF8,0x07,0x80,0x00,
    0xF8,0x07,0x80,0x00,
    0x7C,0x0F,0x80,0x00,
    0x7E,0x1F,0x80,0x00,
    0x3F,0xFF,0x00,0x00,
    0x1F,0xFE,0x00,0x00,
    0x07,0xF0,0x00,0x00,
    0x00,0x00,0x00,0x00,
    0x00,0x00,0x00,0x00,
    0x00,0x00,0x00,0x00,
    0x00,0x00,0x00,0x00,
    0x00,0x00,0x00,0x00,
    0x00,0x00,0x00,0x00,
    0x00,0x00,0x00,0x00,
    0x00,0x00,0x00,0x00,
  },
{
    0x00,0x00,0x00,0x00,
    0x03,0xF0,0x00,0x00,
    0x0F,0xF8,0x00,0x00,
    0x1F,0xFE,0x00,0x00,
    0x3F,0xFE,0x00,0x00,
    0x7E,0x3F,0x00,0x00,
    0x7C,0x1F,0x00,0x00,
    0x7C,0x0F,0x80,0x00,
    0x78,0x0F,0x80,0x00,
    0x78,0x0F,0x80,0x00,
    0x7C,0x0F,0x80,0x00,
    0x7C,0x1F,0x80,0x00,
    0x7E,0x3F,0x80,0x00,
    0x3F,0xFF,0x80,0x00,
    0x1F,0xFF,0x80,0x00,
    0x07,0xEF,0x80,0x00,
    0x00,0x0F,0x80,0x00,
    0x00,0x0F,0x00,0x00,
    0x7C,0x0F,0x00,0x00,
    0x7C,0x1F,0x00,0x00,
    0x3E,0x3E,0x00,0x00,
    0x3F,0xFC,0x00,0x00,
    0x1F,0xF8,0x00,0x00,
    0x07,0xE0,0x00,0x00,
    0x00,0x00,0x00,0x00,
    0x00,0x00,0x00,0x00,
    0x00,0x00,0x00,0x00,
    0x00,0x00,0x00,0x00,
    0x00,0x00,0x00,0x00,
    0x00,0x00,0x00,0x00,
    0x00,0x00,0x00,0x00,
    0x00,0x00,0x00,0x00,
  },
{
    0x00,0x00,0x00,0x00,
    0x00,0x00,0x00,0x00,
    0x00,0x00,0x00,0x00,
    0x00,0x00,0x00,0x00,
    0x00,0x00,0x00,0x00,
    0x00,0x00,0x00,0x00,
    0x00,0x00,0x00,0x00,
    0x00,0x00,0x00,0x00,
    0x00,0x00,0x00,0x00,
    0x00,0x00,0x00,0x00,
    0x00,0x00,0x00,0x00,
    0x00,0x00,0x00,0x00,
    0x00,0x00,0x00,0x00,
    0x00,0x00,0x00,0x00,
    0x00,0x00,0x00,0x00,
    0x00,0x00,0x00,0x00,
    0x00,0x00,0x00,0x00,
    0x00,0x00,0x00,0x00,
    0x00,0x00,0x00,0x00,
    0x00,0x00,0x00,0x00,
    0x00,0x00,0x00,0x00,
    0x00,0x00,0x00,0x00,
    0x00,0x00,0x00,0x00,
    0x00,0x00,0x00,0x00,
    0x00,0x00,0x00,0x00,
    0x00,0x00,0x00,0x00,
    0x00,0x00,0x00,0x00,
    0x00,0x00,0x00,0x00,
    0x00,0x00,0x00,0x00,
    0x00,0x00,0x00,0x00,
    0x00,0x00,0x00,0x00,
    0x00,0x00,0x00,0x00,
  },
{
    0x00,0x00,0x00,0x00,
    0x00,0x00,0x00,0x00,
    0x00,0x00,0x00,0x00,
    0x00,0x00,0x00,0x00,
    0x00,0x00,0x00,0x00,
    0x00,0x00,0x00,0x00,
    0x00,0x00,0x00,0x00,
    0x00,0x00,0x00,0x00,
    0x00,0x00,0x00,0x00,
    0x00,0x00,0x00,0x00,
    0x00,0x00,0x00,0x00,
    0x00,0x00,0x00,0x00,
    0x38,0x00,0x00,0x00,
    0x7C,0x00,0x00,0x00,
    0x7C,0x00,0x00,0x00,
    0x7C,0x00,0x00,0x00,
    0x38,0x00,0x00,0x00,
    0x00,0x00,0x00,0x00,
    0x00,0x00,0x00,0x00,
    0x00,0x00,0x00,0x00,
    0x00,0x00,0x00,0x00,
    0x00,0x00,0x00,0x00,
    0x00,0x00,0x00,0x00,
    0x00,0x00,0x00,0x00,
    0x00,0x00,0x00,0x00,
    0x00,0x00,0x00,0x00,
    0x00,0x00,0x00,0x00,
    0x00,0x00,0x00,0x00,
    0x00,0x00,0x00,0x00,
    0x00,0x00,0x00,0x00,
    0x00,0x00,0x00,0x00,
    0x00,0x00,0x00,0x00,
  },
{
    0x00,0x00,0x00,0x00,
    0x00,0x78,0x00,0x00,
    0x00,0x78,0x00,0x00,
    0x00,0x70,0x00,0x00,
    0x00,0xF0,0x00,0x00,
    0x00,0xF0,0x00,0x00,
    0x01,0xE0,0x00,0x00,
    0x01,0xE0,0x00,0x00,
    0x01,0xC0,0x00,0x00,
    0x03,0xC0,0x00,0x00,
    0x03,0xC0,0x00,0x00,
    0x03,0x80,0x00,0x00,
    0x07,0x80,0x00,0x00,
    0x07,0x80,0x00,0x00,
    0x07,0x00,0x00,0x00,
    0x0F,0x00,0x00,0x00,
    0x0F,0x00,0x00,0x00,
    0x1E,0x00,0x00,0x00,
    0x1E,0x00,0x00,0x00,
    0x1C,0x00,0x00,0x00,
    0x3C,0x00,0x00,0x00,
    0x3C,0x00,0x00,0x00,
    0x38,0x00,0x00,0x00,
    0x78,0x00,0x00,0x00,
    0x78,0x00,0x00,0x00,
    0x00,0x00,0x00,0x00,
    0x00,0x00,0x00,0x00,
    0x00,0x00,0x00,0x00,
    0x00,0x00,0x00,0x00,
    0x00,0x00,0x00,0x00,
    0x00,0x00,0x00,0x00,
    0x00,0x00,0x00,0x00,
  }
};
const uint8_t *cal_font_l32_get(uint32_t cp, int *adv)
{
    for (unsigned i = 0; i < sizeof(cal_font_l32_cps) / sizeof(uint32_t); i++) {
        if (cal_font_l32_cps[i] != cp) continue;
        if (adv) *adv = cal_font_l32_adv[i];
        return cal_font_l32_rows[i];
    }
    if (adv) *adv = 0;
    return NULL;
}

// ---- l24：ABCDEFGHIJKLMNOPQRSTUVWXYZabcdefghijklmnopqrstuvwxyz0123456789 ·/ @ 24x24 ----   整表字号 24（基线 18，下降余量 6）
static const uint32_t cal_font_l24_cps[65] = { 0x41, 0x42, 0x43, 0x44, 0x45, 0x46, 0x47, 0x48, 0x49, 0x4A, 0x4B, 0x4C, 0x4D, 0x4E, 0x4F, 0x50, 0x51, 0x52, 0x53, 0x54, 0x55, 0x56, 0x57, 0x58, 0x59, 0x5A, 0x61, 0x62, 0x63, 0x64, 0x65, 0x66, 0x67, 0x68, 0x69, 0x6A, 0x6B, 0x6C, 0x6D, 0x6E, 0x6F, 0x70, 0x71, 0x72, 0x73, 0x74, 0x75, 0x76, 0x77, 0x78, 0x79, 0x7A, 0x30, 0x31, 0x32, 0x33, 0x34, 0x35, 0x36, 0x37, 0x38, 0x39, 0x20, 0xB7, 0x2F };
static const uint8_t cal_font_l24_adv[65] = { 16, 17, 18, 18, 16, 14, 18, 18, 7, 13, 17, 14, 22, 18, 19, 16, 19, 17, 16, 15, 18, 15, 23, 16, 16, 16, 14, 15, 14, 15, 14, 8, 15, 14, 6, 7, 14, 6, 22, 14, 15, 15, 15, 9, 13, 8, 14, 12, 20, 13, 12, 12, 13, 13, 13, 13, 13, 13, 13, 13, 13, 13, 7, 7, 9 };
static const uint8_t cal_font_l24_rows[65][72] = {
  {
    0x00,0x00,0x00,
    0x01,0xE0,0x00,
    0x01,0xF0,0x00,
    0x03,0xF0,0x00,
    0x03,0xF8,0x00,
    0x03,0xF8,0x00,
    0x07,0xB8,0x00,
    0x07,0x3C,0x00,
    0x0F,0x3C,0x00,
    0x0F,0x1C,0x00,
    0x0E,0x1E,0x00,
    0x1F,0xFE,0x00,
    0x1F,0xFF,0x00,
    0x1F,0xFF,0x00,
    0x3C,0x0F,0x00,
    0x3C,0x07,0x80,
    0x78,0x07,0x80,
    0x78,0x07,0x80,
    0x00,0x00,0x00,
    0x00,0x00,0x00,
    0x00,0x00,0x00,
    0x00,0x00,0x00,
    0x00,0x00,0x00,
    0x00,0x00,0x00,
  },
{
    0x00,0x00,0x00,
    0x7F,0xF0,0x00,
    0x7F,0xF8,0x00,
    0x7F,0xFC,0x00,
    0x70,0x3C,0x00,
    0x70,0x3C,0x00,
    0x70,0x3C,0x00,
    0x70,0x3C,0x00,
    0x7F,0xF8,0x00,
    0x7F,0xF8,0x00,
    0x7F,0xFC,0x00,
    0x70,0x3E,0x00,
    0x70,0x1E,0x00,
    0x70,0x1E,0x00,
    0x70,0x3E,0x00,
    0x7F,0xFC,0x00,
    0x7F,0xFC,0x00,
    0x7F,0xF0,0x00,
    0x00,0x00,0x00,
    0x00,0x00,0x00,
    0x00,0x00,0x00,
    0x00,0x00,0x00,
    0x00,0x00,0x00,
    0x00,0x00,0x00,
  },
{
    0x00,0x00,0x00,
    0x03,0xF0,0x00,
    0x0F,0xFC,0x00,
    0x1F,0xFE,0x00,
    0x3E,0x1F,0x00,
    0x3C,0x0F,0x00,
    0x78,0x07,0x80,
    0x78,0x00,0x00,
    0x78,0x00,0x00,
    0x78,0x00,0x00,
    0x78,0x00,0x00,
    0x78,0x07,0x80,
    0x78,0x07,0x80,
    0x3C,0x0F,0x00,
    0x3E,0x1F,0x00,
    0x1F,0xFE,0x00,
    0x0F,0xFC,0x00,
    0x03,0xF0,0x00,
    0x00,0x00,0x00,
    0x00,0x00,0x00,
    0x00,0x00,0x00,
    0x00,0x00,0x00,
    0x00,0x00,0x00,
    0x00,0x00,0x00,
  },
{
    0x00,0x00,0x00,
    0x7F,0xE0,0x00,
    0x7F,0xF8,0x00,
    0x7F,0xFC,0x00,
    0x70,0x7E,0x00,
    0x70,0x1E,0x00,
    0x70,0x1F,0x00,
    0x70,0x0F,0x00,
    0x70,0x0F,0x00,
    0x70,0x0F,0x00,
    0x70,0x0F,0x00,
    0x70,0x0F,0x00,
    0x70,0x1E,0x00,
    0x70,0x1E,0x00,
    0x70,0x3E,0x00,
    0x7F,0xFC,0x00,
    0x7F,0xF8,0x00,
    0x7F,0xE0,0x00,
    0x00,0x00,0x00,
    0x00,0x00,0x00,
    0x00,0x00,0x00,
    0x00,0x00,0x00,
    0x00,0x00,0x00,
    0x00,0x00,0x00,
  },
{
    0x00,0x00,0x00,
    0x7F,0xFC,0x00,
    0x7F,0xFC,0x00,
    0x7F,0xFC,0x00,
    0x70,0x00,0x00,
    0x70,0x00,0x00,
    0x70,0x00,0x00,
    0x70,0x00,0x00,
    0x7F,0xF8,0x00,
    0x7F,0xF8,0x00,
    0x7F,0xF8,0x00,
    0x70,0x00,0x00,
    0x70,0x00,0x00,
    0x70,0x00,0x00,
    0x70,0x00,0x00,
    0x7F,0xFC,0x00,
    0x7F,0xFC,0x00,
    0x7F,0xFC,0x00,
    0x00,0x00,0x00,
    0x00,0x00,0x00,
    0x00,0x00,0x00,
    0x00,0x00,0x00,
    0x00,0x00,0x00,
    0x00,0x00,0x00,
  },
{
    0x00,0x00,0x00,
    0x7F,0xF8,0x00,
    0x7F,0xF8,0x00,
    0x7F,0xF8,0x00,
    0x70,0x00,0x00,
    0x70,0x00,0x00,
    0x70,0x00,0x00,
    0x70,0x00,0x00,
    0x7F,0xF0,0x00,
    0x7F,0xF0,0x00,
    0x7F,0xF0,0x00,
    0x70,0x00,0x00,
    0x70,0x00,0x00,
    0x70,0x00,0x00,
    0x70,0x00,0x00,
    0x70,0x00,0x00,
    0x70,0x00,0x00,
    0x70,0x00,0x00,
    0x00,0x00,0x00,
    0x00,0x00,0x00,
    0x00,0x00,0x00,
    0x00,0x00,0x00,
    0x00,0x00,0x00,
    0x00,0x00,0x00,
  },
{
    0x00,0x00,0x00,
    0x03,0xF0,0x00,
    0x0F,0xFC,0x00,
    0x1F,0xFE,0x00,
    0x3E,0x1F,0x00,
    0x3C,0x0F,0x00,
    0x78,0x07,0x00,
    0x78,0x00,0x00,
    0x78,0x00,0x00,
    0x78,0x3F,0x80,
    0x78,0x3F,0x80,
    0x78,0x3F,0x80,
    0x78,0x07,0x80,
    0x3C,0x07,0x80,
    0x3E,0x0F,0x80,
    0x1F,0xFF,0x80,
    0x0F,0xFB,0x80,
    0x03,0xF3,0x80,
    0x00,0x00,0x00,
    0x00,0x00,0x00,
    0x00,0x00,0x00,
    0x00,0x00,0x00,
    0x00,0x00,0x00,
    0x00,0x00,0x00,
  },
{
    0x00,0x00,0x00,
    0x70,0x1E,0x00,
    0x70,0x1E,0x00,
    0x70,0x1E,0x00,
    0x70,0x1E,0x00,
    0x70,0x1E,0x00,
    0x70,0x1E,0x00,
    0x70,0x1E,0x00,
    0x7F,0xFE,0x00,
    0x7F,0xFE,0x00,
    0x7F,0xFE,0x00,
    0x70,0x1E,0x00,
    0x70,0x1E,0x00,
    0x70,0x1E,0x00,
    0x70,0x1E,0x00,
    0x70,0x1E,0x00,
    0x70,0x1E,0x00,
    0x70,0x1E,0x00,
    0x00,0x00,0x00,
    0x00,0x00,0x00,
    0x00,0x00,0x00,
    0x00,0x00,0x00,
    0x00,0x00,0x00,
    0x00,0x00,0x00,
  },
{
    0x00,0x00,0x00,
    0x70,0x00,0x00,
    0x70,0x00,0x00,
    0x70,0x00,0x00,
    0x70,0x00,0x00,
    0x70,0x00,0x00,
    0x70,0x00,0x00,
    0x70,0x00,0x00,
    0x70,0x00,0x00,
    0x70,0x00,0x00,
    0x70,0x00,0x00,
    0x70,0x00,0x00,
    0x70,0x00,0x00,
    0x70,0x00,0x00,
    0x70,0x00,0x00,
    0x70,0x00,0x00,
    0x70,0x00,0x00,
    0x70,0x00,0x00,
    0x00,0x00,0x00,
    0x00,0x00,0x00,
    0x00,0x00,0x00,
    0x00,0x00,0x00,
    0x00,0x00,0x00,
    0x00,0x00,0x00,
  },
{
    0x00,0x00,0x00,
    0x00,0xF0,0x00,
    0x00,0xF0,0x00,
    0x00,0xF0,0x00,
    0x00,0xF0,0x00,
    0x00,0xF0,0x00,
    0x00,0xF0,0x00,
    0x00,0xF0,0x00,
    0x00,0xF0,0x00,
    0x00,0xF0,0x00,
    0x00,0xF0,0x00,
    0x70,0xF0,0x00,
    0xF0,0xF0,0x00,
    0xF0,0xF0,0x00,
    0x79,0xE0,0x00,
    0x7F,0xE0,0x00,
    0x3F,0xC0,0x00,
    0x1F,0x80,0x00,
    0x00,0x00,0x00,
    0x00,0x00,0x00,
    0x00,0x00,0x00,
    0x00,0x00,0x00,
    0x00,0x00,0x00,
    0x00,0x00,0x00,
  },
{
    0x00,0x00,0x00,
    0x70,0x1E,0x00,
    0x70,0x3C,0x00,
    0x70,0x78,0x00,
    0x70,0xF0,0x00,
    0x71,0xE0,0x00,
    0x73,0xC0,0x00,
    0x7F,0x80,0x00,
    0x7F,0xC0,0x00,
    0x7F,0xC0,0x00,
    0x7F,0xE0,0x00,
    0x79,0xF0,0x00,
    0x78,0xF8,0x00,
    0x70,0x78,0x00,
    0x70,0x7C,0x00,
    0x70,0x3E,0x00,
    0x70,0x1E,0x00,
    0x70,0x1F,0x00,
    0x00,0x00,0x00,
    0x00,0x00,0x00,
    0x00,0x00,0x00,
    0x00,0x00,0x00,
    0x00,0x00,0x00,
    0x00,0x00,0x00,
  },
{
    0x00,0x00,0x00,
    0x70,0x00,0x00,
    0x70,0x00,0x00,
    0x70,0x00,0x00,
    0x70,0x00,0x00,
    0x70,0x00,0x00,
    0x70,0x00,0x00,
    0x70,0x00,0x00,
    0x70,0x00,0x00,
    0x70,0x00,0x00,
    0x70,0x00,0x00,
    0x70,0x00,0x00,
    0x70,0x00,0x00,
    0x70,0x00,0x00,
    0x70,0x00,0x00,
    0x7F,0xF8,0x00,
    0x7F,0xF8,0x00,
    0x7F,0xF8,0x00,
    0x00,0x00,0x00,
    0x00,0x00,0x00,
    0x00,0x00,0x00,
    0x00,0x00,0x00,
    0x00,0x00,0x00,
    0x00,0x00,0x00,
  },
{
    0x00,0x00,0x00,
    0x7C,0x03,0xE0,
    0x7E,0x07,0xE0,
    0x7E,0x07,0xE0,
    0x7E,0x07,0xE0,
    0x7F,0x0F,0xE0,
    0x7F,0x0F,0xE0,
    0x7F,0x0F,0xE0,
    0x77,0x9E,0xE0,
    0x77,0x9C,0xE0,
    0x73,0x9C,0xE0,
    0x73,0xFC,0xE0,
    0x73,0xF8,0xE0,
    0x71,0xF8,0xE0,
    0x71,0xF8,0xE0,
    0x71,0xF0,0xE0,
    0x70,0xF0,0xE0,
    0x70,0xF0,0xE0,
    0x00,0x00,0x00,
    0x00,0x00,0x00,
    0x00,0x00,0x00,
    0x00,0x00,0x00,
    0x00,0x00,0x00,
    0x00,0x00,0x00,
  },
{
    0x00,0x00,0x00,
    0x78,0x0E,0x00,
    0x78,0x0E,0x00,
    0x7C,0x0E,0x00,
    0x7E,0x0E,0x00,
    0x7E,0x0E,0x00,
    0x7F,0x0E,0x00,
    0x77,0x8E,0x00,
    0x77,0x8E,0x00,
    0x73,0xCE,0x00,
    0x71,0xCE,0x00,
    0x71,0xFE,0x00,
    0x70,0xFE,0x00,
    0x70,0xFE,0x00,
    0x70,0x7E,0x00,
    0x70,0x3E,0x00,
    0x70,0x3E,0x00,
    0x70,0x1E,0x00,
    0x00,0x00,0x00,
    0x00,0x00,0x00,
    0x00,0x00,0x00,
    0x00,0x00,0x00,
    0x00,0x00,0x00,
    0x00,0x00,0x00,
  },
{
    0x00,0x00,0x00,
    0x03,0xF8,0x00,
    0x0F,0xFC,0x00,
    0x1F,0xFF,0x00,
    0x3E,0x1F,0x00,
    0x3C,0x07,0x80,
    0x78,0x07,0x80,
    0x78,0x03,0xC0,
    0x78,0x03,0xC0,
    0x78,0x03,0xC0,
    0x78,0x03,0xC0,
    0x78,0x03,0xC0,
    0x78,0x07,0x80,
    0x3C,0x07,0x80,
    0x3E,0x1F,0x00,
    0x1F,0xFF,0x00,
    0x0F,0xFC,0x00,
    0x03,0xF8,0x00,
    0x00,0x00,0x00,
    0x00,0x00,0x00,
    0x00,0x00,0x00,
    0x00,0x00,0x00,
    0x00,0x00,0x00,
    0x00,0x00,0x00,
  },
{
    0x00,0x00,0x00,
    0x7F,0xE0,0x00,
    0x7F,0xF8,0x00,
    0x7F,0xFC,0x00,
    0x70,0x7C,0x00,
    0x70,0x3C,0x00,
    0x70,0x1C,0x00,
    0x70,0x3C,0x00,
    0x70,0x7C,0x00,
    0x7F,0xFC,0x00,
    0x7F,0xF8,0x00,
    0x7F,0xE0,0x00,
    0x70,0x00,0x00,
    0x70,0x00,0x00,
    0x70,0x00,0x00,
    0x70,0x00,0x00,
    0x70,0x00,0x00,
    0x70,0x00,0x00,
    0x00,0x00,0x00,
    0x00,0x00,0x00,
    0x00,0x00,0x00,
    0x00,0x00,0x00,
    0x00,0x00,0x00,
    0x00,0x00,0x00,
  },
{
    0x00,0xE0,0x00,
    0x07,0xFC,0x00,
    0x0F,0xFE,0x00,
    0x1F,0xFF,0x00,
    0x3E,0x0F,0x80,
    0x3C,0x07,0x80,
    0x78,0x07,0x80,
    0x78,0x03,0xC0,
    0x78,0x03,0xC0,
    0x78,0x03,0xC0,
    0x78,0x03,0xC0,
    0x78,0x03,0xC0,
    0x78,0x37,0x80,
    0x3C,0x7F,0x80,
    0x3E,0x3F,0x80,
    0x1F,0xFF,0x00,
    0x0F,0xFF,0x00,
    0x07,0xFF,0x80,
    0x00,0x01,0x80,
    0x00,0x00,0x00,
    0x00,0x00,0x00,
    0x00,0x00,0x00,
    0x00,0x00,0x00,
    0x00,0x00,0x00,
  },
{
    0x00,0x00,0x00,
    0x7F,0xF0,0x00,
    0x7F,0xFC,0x00,
    0x7F,0xFC,0x00,
    0x70,0x3E,0x00,
    0x70,0x1E,0x00,
    0x70,0x1E,0x00,
    0x70,0x3C,0x00,
    0x7F,0xFC,0x00,
    0x7F,0xF8,0x00,
    0x7F,0xFC,0x00,
    0x70,0x3C,0x00,
    0x70,0x1E,0x00,
    0x70,0x1E,0x00,
    0x70,0x1E,0x00,
    0x70,0x1E,0x00,
    0x70,0x1E,0x00,
    0x70,0x1E,0x00,
    0x00,0x00,0x00,
    0x00,0x00,0x00,
    0x00,0x00,0x00,
    0x00,0x00,0x00,
    0x00,0x00,0x00,
    0x00,0x00,0x00,
  },
{
    0x07,0xE0,0x00,
    0x1F,0xF8,0x00,
    0x3F,0xFC,0x00,
    0x7C,0x7C,0x00,
    0x78,0x3C,0x00,
    0x78,0x1C,0x00,
    0x7C,0x00,0x00,
    0x3F,0xC0,0x00,
    0x1F,0xF8,0x00,
    0x0F,0xFC,0x00,
    0x00,0xFE,0x00,
    0x00,0x3E,0x00,
    0x70,0x1E,0x00,
    0x78,0x1E,0x00,
    0x7C,0x3E,0x00,
    0x3F,0xFC,0x00,
    0x1F,0xF8,0x00,
    0x07,0xE0,0x00,
    0x00,0x00,0x00,
    0x00,0x00,0x00,
    0x00,0x00,0x00,
    0x00,0x00,0x00,
    0x00,0x00,0x00,
    0x00,0x00,0x00,
  },
{
    0x00,0x00,0x00,
    0xFF,0xFC,0x00,
    0xFF,0xFC,0x00,
    0xFF,0xFC,0x00,
    0x07,0x80,0x00,
    0x07,0x80,0x00,
    0x07,0x80,0x00,
    0x07,0x80,0x00,
    0x07,0x80,0x00,
    0x07,0x80,0x00,
    0x07,0x80,0x00,
    0x07,0x80,0x00,
    0x07,0x80,0x00,
    0x07,0x80,0x00,
    0x07,0x80,0x00,
    0x07,0x80,0x00,
    0x07,0x80,0x00,
    0x07,0x80,0x00,
    0x00,0x00,0x00,
    0x00,0x00,0x00,
    0x00,0x00,0x00,
    0x00,0x00,0x00,
    0x00,0x00,0x00,
    0x00,0x00,0x00,
  },
{
    0x00,0x00,0x00,
    0x70,0x1E,0x00,
    0x70,0x1E,0x00,
    0x70,0x1E,0x00,
    0x70,0x1E,0x00,
    0x70,0x1E,0x00,
    0x70,0x1E,0x00,
    0x70,0x1E,0x00,
    0x70,0x1E,0x00,
    0x70,0x1E,0x00,
    0x70,0x1E,0x00,
    0x70,0x1E,0x00,
    0x78,0x1E,0x00,
    0x78,0x1E,0x00,
    0x7C,0x3E,0x00,
    0x3F,0xFC,0x00,
    0x1F,0xF8,0x00,
    0x0F,0xE0,0x00,
    0x00,0x00,0x00,
    0x00,0x00,0x00,
    0x00,0x00,0x00,
    0x00,0x00,0x00,
    0x00,0x00,0x00,
    0x00,0x00,0x00,
  },
{
    0x00,0x00,0x00,
    0x78,0x0F,0x00,
    0x78,0x0F,0x00,
    0x3C,0x0F,0x00,
    0x3C,0x1E,0x00,
    0x3C,0x1E,0x00,
    0x1E,0x1E,0x00,
    0x1E,0x3C,0x00,
    0x1E,0x3C,0x00,
    0x0E,0x3C,0x00,
    0x0F,0x78,0x00,
    0x0F,0x78,0x00,
    0x07,0xF8,0x00,
    0x07,0xF0,0x00,
    0x07,0xF0,0x00,
    0x07,0xF0,0x00,
    0x03,0xE0,0x00,
    0x03,0xE0,0x00,
    0x00,0x00,0x00,
    0x00,0x00,0x00,
    0x00,0x00,0x00,
    0x00,0x00,0x00,
    0x00,0x00,0x00,
    0x00,0x00,0x00,
  },
{
    0x00,0x00,0x00,
    0xF0,0x78,0x1E,
    0xF0,0x7C,0x3C,
    0x70,0x7C,0x3C,
    0x78,0x7C,0x3C,
    0x78,0xFC,0x38,
    0x78,0xFE,0x78,
    0x38,0xFE,0x78,
    0x3C,0xEE,0x78,
    0x3D,0xEE,0x70,
    0x1D,0xCF,0x70,
    0x1D,0xC7,0xF0,
    0x1F,0xC7,0xF0,
    0x1F,0xC7,0xE0,
    0x0F,0x87,0xE0,
    0x0F,0x83,0xE0,
    0x0F,0x83,0xC0,
    0x0F,0x83,0xC0,
    0x00,0x00,0x00,
    0x00,0x00,0x00,
    0x00,0x00,0x00,
    0x00,0x00,0x00,
    0x00,0x00,0x00,
    0x00,0x00,0x00,
  },
{
    0x00,0x00,0x00,
    0x3C,0x0F,0x00,
    0x3E,0x0F,0x00,
    0x1E,0x1E,0x00,
    0x0F,0x3C,0x00,
    0x0F,0xBC,0x00,
    0x07,0xF8,0x00,
    0x03,0xF0,0x00,
    0x03,0xF0,0x00,
    0x01,0xF0,0x00,
    0x03,0xF0,0x00,
    0x07,0xF8,0x00,
    0x07,0xFC,0x00,
    0x0F,0x3C,0x00,
    0x1E,0x3E,0x00,
    0x3E,0x1F,0x00,
    0x3C,0x0F,0x00,
    0x7C,0x0F,0x80,
    0x00,0x00,0x00,
    0x00,0x00,0x00,
    0x00,0x00,0x00,
    0x00,0x00,0x00,
    0x00,0x00,0x00,
    0x00,0x00,0x00,
  },
{
    0x00,0x00,0x00,
    0x78,0x07,0x80,
    0x3C,0x0F,0x00,
    0x3E,0x1F,0x00,
    0x1E,0x1E,0x00,
    0x1F,0x3E,0x00,
    0x0F,0x3C,0x00,
    0x07,0xF8,0x00,
    0x07,0xF8,0x00,
    0x03,0xF0,0x00,
    0x03,0xF0,0x00,
    0x01,0xE0,0x00,
    0x01,0xE0,0x00,
    0x01,0xE0,0x00,
    0x01,0xE0,0x00,
    0x01,0xE0,0x00,
    0x01,0xE0,0x00,
    0x01,0xE0,0x00,
    0x00,0x00,0x00,
    0x00,0x00,0x00,
    0x00,0x00,0x00,
    0x00,0x00,0x00,
    0x00,0x00,0x00,
    0x00,0x00,0x00,
  },
{
    0x00,0x00,0x00,
    0x7F,0xFE,0x00,
    0x7F,0xFE,0x00,
    0x7F,0xFE,0x00,
    0x00,0x7C,0x00,
    0x00,0xFC,0x00,
    0x00,0xF8,0x00,
    0x01,0xF0,0x00,
    0x03,0xE0,0x00,
    0x07,0xC0,0x00,
    0x0F,0x80,0x00,
    0x1F,0x80,0x00,
    0x1F,0x00,0x00,
    0x3E,0x00,0x00,
    0x7C,0x00,0x00,
    0xFF,0xFE,0x00,
    0xFF,0xFE,0x00,
    0xFF,0xFE,0x00,
    0x00,0x00,0x00,
    0x00,0x00,0x00,
    0x00,0x00,0x00,
    0x00,0x00,0x00,
    0x00,0x00,0x00,
    0x00,0x00,0x00,
  },
{
    0x00,0x00,0x00,
    0x00,0x00,0x00,
    0x00,0x00,0x00,
    0x00,0x00,0x00,
    0x00,0x00,0x00,
    0x07,0xC0,0x00,
    0x1F,0xF0,0x00,
    0x3F,0xF0,0x00,
    0x78,0x70,0x00,
    0x00,0x78,0x00,
    0x01,0xF8,0x00,
    0x1F,0xF8,0x00,
    0x7F,0x78,0x00,
    0x78,0x78,0x00,
    0x70,0x78,0x00,
    0x78,0xF8,0x00,
    0x7F,0xF8,0x00,
    0x3F,0x78,0x00,
    0x00,0x00,0x00,
    0x00,0x00,0x00,
    0x00,0x00,0x00,
    0x00,0x00,0x00,
    0x00,0x00,0x00,
    0x00,0x00,0x00,
  },
{
    0x00,0x00,0x00,
    0xF0,0x00,0x00,
    0xF0,0x00,0x00,
    0xF0,0x00,0x00,
    0xF0,0x00,0x00,
    0xF7,0xC0,0x00,
    0xFF,0xE0,0x00,
    0xFF,0xF0,0x00,
    0xF8,0xF0,0x00,
    0xF0,0x78,0x00,
    0xF0,0x78,0x00,
    0xF0,0x78,0x00,
    0xF0,0x78,0x00,
    0xF0,0x78,0x00,
    0xF0,0x78,0x00,
    0xF8,0xF0,0x00,
    0xFF,0xF0,0x00,
    0xFF,0xE0,0x00,
    0x07,0xC0,0x00,
    0x00,0x00,0x00,
    0x00,0x00,0x00,
    0x00,0x00,0x00,
    0x00,0x00,0x00,
    0x00,0x00,0x00,
  },
{
    0x00,0x00,0x00,
    0x00,0x00,0x00,
    0x00,0x00,0x00,
    0x00,0x00,0x00,
    0x00,0x00,0x00,
    0x07,0xC0,0x00,
    0x1F,0xF0,0x00,
    0x3F,0xF0,0x00,
    0x3C,0x78,0x00,
    0x78,0x38,0x00,
    0x78,0x00,0x00,
    0x70,0x00,0x00,
    0x70,0x00,0x00,
    0x78,0x38,0x00,
    0x78,0x78,0x00,
    0x3C,0x78,0x00,
    0x3F,0xF0,0x00,
    0x1F,0xE0,0x00,
    0x07,0xC0,0x00,
    0x00,0x00,0x00,
    0x00,0x00,0x00,
    0x00,0x00,0x00,
    0x00,0x00,0x00,
    0x00,0x00,0x00,
  },
{
    0x00,0x00,0x00,
    0x00,0x38,0x00,
    0x00,0x38,0x00,
    0x00,0x38,0x00,
    0x00,0x38,0x00,
    0x0F,0x38,0x00,
    0x1F,0xF8,0x00,
    0x3F,0xF8,0x00,
    0x7C,0x78,0x00,
    0x78,0x78,0x00,
    0x70,0x38,0x00,
    0x70,0x38,0x00,
    0x70,0x38,0x00,
    0x70,0x38,0x00,
    0x78,0x78,0x00,
    0x7C,0x78,0x00,
    0x3F,0xF8,0x00,
    0x1F,0xF8,0x00,
    0x0F,0xB8,0x00,
    0x00,0x00,0x00,
    0x00,0x00,0x00,
    0x00,0x00,0x00,
    0x00,0x00,0x00,
    0x00,0x00,0x00,
  },
{
    0x00,0x00,0x00,
    0x00,0x00,0x00,
    0x00,0x00,0x00,
    0x00,0x00,0x00,
    0x00,0x00,0x00,
    0x0F,0xC0,0x00,
    0x1F,0xE0,0x00,
    0x3F,0xF0,0x00,
    0x7C,0xF0,0x00,
    0x78,0x78,0x00,
    0x70,0x78,0x00,
    0x7F,0xF8,0x00,
    0x7F,0xF8,0x00,
    0x70,0x00,0x00,
    0x78,0x00,0x00,
    0x78,0x78,0x00,
    0x3F,0xF0,0x00,
    0x1F,0xE0,0x00,
    0x0F,0xC0,0x00,
    0x00,0x00,0x00,
    0x00,0x00,0x00,
    0x00,0x00,0x00,
    0x00,0x00,0x00,
    0x00,0x00,0x00,
  },
{
    0x00,0x00,0x00,
    0x0F,0x00,0x00,
    0x1F,0x00,0x00,
    0x3F,0x00,0x00,
    0x3C,0x00,0x00,
    0x3C,0x00,0x00,
    0xFF,0x00,0x00,
    0xFF,0x00,0x00,
    0x3C,0x00,0x00,
    0x3C,0x00,0x00,
    0x3C,0x00,0x00,
    0x3C,0x00,0x00,
    0x3C,0x00,0x00,
    0x3C,0x00,0x00,
    0x3C,0x00,0x00,
    0x3C,0x00,0x00,
    0x3C,0x00,0x00,
    0x3C,0x00,0x00,
    0x00,0x00,0x00,
    0x00,0x00,0x00,
    0x00,0x00,0x00,
    0x00,0x00,0x00,
    0x00,0x00,0x00,
    0x00,0x00,0x00,
  },
{
    0x00,0x00,0x00,
    0x00,0x00,0x00,
    0x00,0x00,0x00,
    0x00,0x00,0x00,
    0x00,0x00,0x00,
    0x0F,0x00,0x00,
    0x1F,0xB8,0x00,
    0x3F,0xF8,0x00,
    0x7C,0x78,0x00,
    0x78,0x78,0x00,
    0x70,0x38,0x00,
    0x70,0x38,0x00,
    0x78,0x38,0x00,
    0x78,0x78,0x00,
    0x7C,0xF8,0x00,
    0x3F,0xF8,0x00,
    0x3F,0xF8,0x00,
    0x0F,0x38,0x00,
    0x00,0x38,0x00,
    0x78,0x38,0x00,
    0x3C,0x78,0x00,
    0x3F,0xF0,0x00,
    0x0F,0xC0,0x00,
    0x00,0x00,0x00,
  },
{
    0x00,0x00,0x00,
    0xF0,0x00,0x00,
    0xF0,0x00,0x00,
    0xF0,0x00,0x00,
    0xF0,0x00,0x00,
    0xF7,0xC0,0x00,
    0xFF,0xE0,0x00,
    0xFF,0xF0,0x00,
    0xF8,0xF0,0x00,
    0xF0,0xF0,0x00,
    0xF0,0xF0,0x00,
    0xF0,0xF0,0x00,
    0xF0,0xF0,0x00,
    0xF0,0xF0,0x00,
    0xF0,0xF0,0x00,
    0xF0,0xF0,0x00,
    0xF0,0xF0,0x00,
    0xF0,0xF0,0x00,
    0x00,0x00,0x00,
    0x00,0x00,0x00,
    0x00,0x00,0x00,
    0x00,0x00,0x00,
    0x00,0x00,0x00,
    0x00,0x00,0x00,
  },
{
    0x00,0x00,0x00,
    0xF0,0x00,0x00,
    0xF0,0x00,0x00,
    0xF0,0x00,0x00,
    0x00,0x00,0x00,
    0x00,0x00,0x00,
    0xF0,0x00,0x00,
    0xF0,0x00,0x00,
    0xF0,0x00,0x00,
    0xF0,0x00,0x00,
    0xF0,0x00,0x00,
    0xF0,0x00,0x00,
    0xF0,0x00,0x00,
    0xF0,0x00,0x00,
    0xF0,0x00,0x00,
    0xF0,0x00,0x00,
    0xF0,0x00,0x00,
    0xF0,0x00,0x00,
    0x00,0x00,0x00,
    0x00,0x00,0x00,
    0x00,0x00,0x00,
    0x00,0x00,0x00,
    0x00,0x00,0x00,
    0x00,0x00,0x00,
  },
{
    0x00,0x00,0x00,
    0x1C,0x00,0x00,
    0x1C,0x00,0x00,
    0x1C,0x00,0x00,
    0x00,0x00,0x00,
    0x1C,0x00,0x00,
    0x1C,0x00,0x00,
    0x1C,0x00,0x00,
    0x1C,0x00,0x00,
    0x1C,0x00,0x00,
    0x1C,0x00,0x00,
    0x1C,0x00,0x00,
    0x1C,0x00,0x00,
    0x1C,0x00,0x00,
    0x1C,0x00,0x00,
    0x1C,0x00,0x00,
    0x1C,0x00,0x00,
    0x1C,0x00,0x00,
    0x3C,0x00,0x00,
    0x7C,0x00,0x00,
    0xFC,0x00,0x00,
    0xF8,0x00,0x00,
    0x00,0x00,0x00,
    0x00,0x00,0x00,
  },
{
    0x00,0x00,0x00,
    0x70,0x00,0x00,
    0x70,0x00,0x00,
    0x70,0x00,0x00,
    0x70,0x00,0x00,
    0x70,0x00,0x00,
    0x71,0xF0,0x00,
    0x73,0xE0,0x00,
    0x73,0xC0,0x00,
    0x77,0x00,0x00,
    0x7F,0x00,0x00,
    0x7F,0x80,0x00,
    0x7F,0x80,0x00,
    0x73,0xC0,0x00,
    0x71,0xE0,0x00,
    0x71,0xE0,0x00,
    0x70,0xF0,0x00,
    0x70,0xF8,0x00,
    0x00,0x00,0x00,
    0x00,0x00,0x00,
    0x00,0x00,0x00,
    0x00,0x00,0x00,
    0x00,0x00,0x00,
    0x00,0x00,0x00,
  },
{
    0x00,0x00,0x00,
    0xF0,0x00,0x00,
    0xF0,0x00,0x00,
    0xF0,0x00,0x00,
    0xF0,0x00,0x00,
    0xF0,0x00,0x00,
    0xF0,0x00,0x00,
    0xF0,0x00,0x00,
    0xF0,0x00,0x00,
    0xF0,0x00,0x00,
    0xF0,0x00,0x00,
    0xF0,0x00,0x00,
    0xF0,0x00,0x00,
    0xF0,0x00,0x00,
    0xF0,0x00,0x00,
    0xF0,0x00,0x00,
    0xF0,0x00,0x00,
    0xF0,0x00,0x00,
    0x00,0x00,0x00,
    0x00,0x00,0x00,
    0x00,0x00,0x00,
    0x00,0x00,0x00,
    0x00,0x00,0x00,
    0x00,0x00,0x00,
  },
{
    0x00,0x00,0x00,
    0x00,0x00,0x00,
    0x00,0x00,0x00,
    0x00,0x00,0x00,
    0x00,0x00,0x00,
    0x07,0xC7,0x80,
    0xFF,0xEF,0xE0,
    0xFF,0xFF,0xE0,
    0xF9,0xF9,0xE0,
    0xF0,0xF0,0xE0,
    0xF0,0xF0,0xE0,
    0xF0,0xF0,0xE0,
    0xF0,0xF0,0xE0,
    0xF0,0xF0,0xE0,
    0xF0,0xF0,0xE0,
    0xF0,0xF0,0xE0,
    0xF0,0xF0,0xE0,
    0xF0,0xF0,0xE0,
    0x00,0x00,0x00,
    0x00,0x00,0x00,
    0x00,0x00,0x00,
    0x00,0x00,0x00,
    0x00,0x00,0x00,
    0x00,0x00,0x00,
  },
{
    0x00,0x00,0x00,
    0x00,0x00,0x00,
    0x00,0x00,0x00,
    0x00,0x00,0x00,
    0x00,0x00,0x00,
    0x07,0xC0,0x00,
    0xFF,0xE0,0x00,
    0xFF,0xF0,0x00,
    0xF8,0xF0,0x00,
    0xF0,0xF0,0x00,
    0xF0,0xF0,0x00,
    0xF0,0xF0,0x00,
    0xF0,0xF0,0x00,
    0xF0,0xF0,0x00,
    0xF0,0xF0,0x00,
    0xF0,0xF0,0x00,
    0xF0,0xF0,0x00,
    0xF0,0xF0,0x00,
    0x00,0x00,0x00,
    0x00,0x00,0x00,
    0x00,0x00,0x00,
    0x00,0x00,0x00,
    0x00,0x00,0x00,
    0x00,0x00,0x00,
  },
{
    0x00,0x00,0x00,
    0x00,0x00,0x00,
    0x00,0x00,0x00,
    0x00,0x00,0x00,
    0x00,0x00,0x00,
    0x07,0xC0,0x00,
    0x1F,0xF0,0x00,
    0x3F,0xF0,0x00,
    0x3C,0x78,0x00,
    0x78,0x38,0x00,
    0x78,0x3C,0x00,
    0x70,0x3C,0x00,
    0x70,0x3C,0x00,
    0x78,0x3C,0x00,
    0x78,0x38,0x00,
    0x3C,0x78,0x00,
    0x3F,0xF8,0x00,
    0x1F,0xF0,0x00,
    0x07,0xC0,0x00,
    0x00,0x00,0x00,
    0x00,0x00,0x00,
    0x00,0x00,0x00,
    0x00,0x00,0x00,
    0x00,0x00,0x00,
  },
{
    0x00,0x00,0x00,
    0x00,0x00,0x00,
    0x00,0x00,0x00,
    0x00,0x00,0x00,
    0x00,0x00,0x00,
    0x07,0xC0,0x00,
    0xFF,0xE0,0x00,
    0xFF,0xF0,0x00,
    0xF8,0xF0,0x00,
    0xF0,0x78,0x00,
    0xF0,0x78,0x00,
    0xF0,0x78,0x00,
    0xF0,0x78,0x00,
    0xF0,0x78,0x00,
    0xF0,0x78,0x00,
    0xF8,0xF0,0x00,
    0xFF,0xF0,0x00,
    0xFF,0xE0,0x00,
    0xF7,0xC0,0x00,
    0xF0,0x00,0x00,
    0xF0,0x00,0x00,
    0xF0,0x00,0x00,
    0x00,0x00,0x00,
    0x00,0x00,0x00,
  },
{
    0x00,0x00,0x00,
    0x00,0x00,0x00,
    0x00,0x00,0x00,
    0x00,0x00,0x00,
    0x00,0x00,0x00,
    0x0F,0x00,0x00,
    0x1F,0xF8,0x00,
    0x3F,0xF8,0x00,
    0x7C,0x78,0x00,
    0x78,0x78,0x00,
    0x70,0x38,0x00,
    0x70,0x38,0x00,
    0x70,0x38,0x00,
    0x70,0x38,0x00,
    0x78,0x78,0x00,
    0x7C,0x78,0x00,
    0x3F,0xF8,0x00,
    0x1F,0xF8,0x00,
    0x0F,0x38,0x00,
    0x00,0x38,0x00,
    0x00,0x38,0x00,
    0x00,0x38,0x00,
    0x00,0x00,0x00,
    0x00,0x00,0x00,
  },
{
    0x00,0x00,0x00,
    0x00,0x00,0x00,
    0x00,0x00,0x00,
    0x00,0x00,0x00,
    0x00,0x00,0x00,
    0xE7,0x00,0x00,
    0xFF,0x00,0x00,
    0xFF,0x00,0x00,
    0xF8,0x00,0x00,
    0xF0,0x00,0x00,
    0xF0,0x00,0x00,
    0xF0,0x00,0x00,
    0xF0,0x00,0x00,
    0xF0,0x00,0x00,
    0xF0,0x00,0x00,
    0xF0,0x00,0x00,
    0xF0,0x00,0x00,
    0xF0,0x00,0x00,
    0x00,0x00,0x00,
    0x00,0x00,0x00,
    0x00,0x00,0x00,
    0x00,0x00,0x00,
    0x00,0x00,0x00,
    0x00,0x00,0x00,
  },
{
    0x00,0x00,0x00,
    0x00,0x00,0x00,
    0x00,0x00,0x00,
    0x00,0x00,0x00,
    0x00,0x00,0x00,
    0x1F,0x80,0x00,
    0x3F,0xE0,0x00,
    0x78,0xF0,0x00,
    0x78,0xF0,0x00,
    0x7C,0x00,0x00,
    0x7F,0xC0,0x00,
    0x3F,0xE0,0x00,
    0x07,0xF0,0x00,
    0x00,0xF0,0x00,
    0x70,0x70,0x00,
    0x78,0xF0,0x00,
    0x3F,0xE0,0x00,
    0x1F,0xC0,0x00,
    0x00,0x00,0x00,
    0x00,0x00,0x00,
    0x00,0x00,0x00,
    0x00,0x00,0x00,
    0x00,0x00,0x00,
    0x00,0x00,0x00,
  },
{
    0x00,0x00,0x00,
    0x00,0x00,0x00,
    0x3C,0x00,0x00,
    0x3C,0x00,0x00,
    0x3C,0x00,0x00,
    0x3C,0x00,0x00,
    0xFF,0x00,0x00,
    0xFF,0x00,0x00,
    0x3C,0x00,0x00,
    0x3C,0x00,0x00,
    0x3C,0x00,0x00,
    0x3C,0x00,0x00,
    0x3C,0x00,0x00,
    0x3C,0x00,0x00,
    0x3C,0x00,0x00,
    0x3F,0x00,0x00,
    0x3F,0x00,0x00,
    0x1F,0x00,0x00,
    0x00,0x00,0x00,
    0x00,0x00,0x00,
    0x00,0x00,0x00,
    0x00,0x00,0x00,
    0x00,0x00,0x00,
    0x00,0x00,0x00,
  },
{
    0x00,0x00,0x00,
    0x00,0x00,0x00,
    0x00,0x00,0x00,
    0x00,0x00,0x00,
    0x00,0x00,0x00,
    0x00,0x00,0x00,
    0xF0,0xF0,0x00,
    0xF0,0xF0,0x00,
    0xF0,0xF0,0x00,
    0xF0,0xF0,0x00,
    0xF0,0xF0,0x00,
    0xF0,0xF0,0x00,
    0xF0,0xF0,0x00,
    0xF0,0xF0,0x00,
    0xF9,0xF0,0x00,
    0x7F,0xF0,0x00,
    0x7F,0x70,0x00,
    0x3E,0x60,0x00,
    0x00,0x00,0x00,
    0x00,0x00,0x00,
    0x00,0x00,0x00,
    0x00,0x00,0x00,
    0x00,0x00,0x00,
    0x00,0x00,0x00,
  },
{
    0x00,0x00,0x00,
    0x00,0x00,0x00,
    0x00,0x00,0x00,
    0x00,0x00,0x00,
    0x00,0x00,0x00,
    0x00,0x00,0x00,
    0xF0,0x70,0x00,
    0x70,0xF0,0x00,
    0x78,0xF0,0x00,
    0x78,0xE0,0x00,
    0x39,0xE0,0x00,
    0x3D,0xC0,0x00,
    0x3D,0xC0,0x00,
    0x1F,0xC0,0x00,
    0x1F,0x80,0x00,
    0x1F,0x80,0x00,
    0x0F,0x80,0x00,
    0x0F,0x00,0x00,
    0x00,0x00,0x00,
    0x00,0x00,0x00,
    0x00,0x00,0x00,
    0x00,0x00,0x00,
    0x00,0x00,0x00,
    0x00,0x00,0x00,
  },
{
    0x00,0x00,0x00,
    0x00,0x00,0x00,
    0x00,0x00,0x00,
    0x00,0x00,0x00,
    0x00,0x00,0x00,
    0x00,0x00,0x00,
    0xF0,0xF0,0xE0,
    0x70,0xF1,0xE0,
    0x79,0xF1,0xE0,
    0x79,0xF1,0xC0,
    0x39,0xF9,0xC0,
    0x39,0xBB,0xC0,
    0x3F,0xBB,0x80,
    0x1F,0x9F,0x80,
    0x1F,0x9F,0x80,
    0x1F,0x1F,0x00,
    0x0F,0x1F,0x00,
    0x0F,0x0F,0x00,
    0x00,0x00,0x00,
    0x00,0x00,0x00,
    0x00,0x00,0x00,
    0x00,0x00,0x00,
    0x00,0x00,0x00,
    0x00,0x00,0x00,
  },
{
    0x00,0x00,0x00,
    0x00,0x00,0x00,
    0x00,0x00,0x00,
    0x00,0x00,0x00,
    0x00,0x00,0x00,
    0x00,0x00,0x00,
    0x78,0xF0,0x00,
    0x78,0xE0,0x00,
    0x3D,0xE0,0x00,
    0x1F,0xC0,0x00,
    0x0F,0x80,0x00,
    0x0F,0x80,0x00,
    0x0F,0x80,0x00,
    0x1F,0xC0,0x00,
    0x3F,0xC0,0x00,
    0x3D,0xE0,0x00,
    0x78,0xF0,0x00,
    0xF0,0x78,0x00,
    0x00,0x00,0x00,
    0x00,0x00,0x00,
    0x00,0x00,0x00,
    0x00,0x00,0x00,
    0x00,0x00,0x00,
    0x00,0x00,0x00,
  },
{
    0x00,0x00,0x00,
    0x00,0x00,0x00,
    0x00,0x00,0x00,
    0x00,0x00,0x00,
    0x00,0x00,0x00,
    0x00,0x00,0x00,
    0x78,0x38,0x00,
    0x78,0x38,0x00,
    0x38,0x78,0x00,
    0x3C,0x70,0x00,
    0x1C,0xF0,0x00,
    0x1C,0xF0,0x00,
    0x1E,0xE0,0x00,
    0x0F,0xE0,0x00,
    0x0F,0xC0,0x00,
    0x0F,0xC0,0x00,
    0x07,0xC0,0x00,
    0x07,0x80,0x00,
    0x07,0x80,0x00,
    0x3F,0x00,0x00,
    0x3F,0x00,0x00,
    0x3E,0x00,0x00,
    0x00,0x00,0x00,
    0x00,0x00,0x00,
  },
{
    0x00,0x00,0x00,
    0x00,0x00,0x00,
    0x00,0x00,0x00,
    0x00,0x00,0x00,
    0x00,0x00,0x00,
    0x7F,0xF0,0x00,
    0x7F,0xF0,0x00,
    0x7F,0xF0,0x00,
    0x03,0xE0,0x00,
    0x03,0xC0,0x00,
    0x07,0x80,0x00,
    0x0F,0x00,0x00,
    0x1E,0x00,0x00,
    0x3C,0x00,0x00,
    0x7C,0x00,0x00,
    0xFF,0xF0,0x00,
    0xFF,0xF0,0x00,
    0xFF,0xF0,0x00,
    0x00,0x00,0x00,
    0x00,0x00,0x00,
    0x00,0x00,0x00,
    0x00,0x00,0x00,
    0x00,0x00,0x00,
    0x00,0x00,0x00,
  },
{
    0x00,0x00,0x00,
    0x0F,0x80,0x00,
    0x1F,0xE0,0x00,
    0x3F,0xF0,0x00,
    0x78,0xF0,0x00,
    0x78,0x70,0x00,
    0x70,0x78,0x00,
    0x70,0x78,0x00,
    0xF0,0x78,0x00,
    0xF0,0x78,0x00,
    0xF0,0x78,0x00,
    0x70,0x78,0x00,
    0x70,0x78,0x00,
    0x78,0x70,0x00,
    0x78,0xF0,0x00,
    0x3F,0xF0,0x00,
    0x1F,0xE0,0x00,
    0x0F,0x80,0x00,
    0x00,0x00,0x00,
    0x00,0x00,0x00,
    0x00,0x00,0x00,
    0x00,0x00,0x00,
    0x00,0x00,0x00,
    0x00,0x00,0x00,
  },
{
    0x00,0x00,0x00,
    0x07,0x00,0x00,
    0x07,0x00,0x00,
    0x1F,0x00,0x00,
    0x7F,0x00,0x00,
    0x7F,0x00,0x00,
    0x7F,0x00,0x00,
    0x07,0x00,0x00,
    0x07,0x00,0x00,
    0x07,0x00,0x00,
    0x07,0x00,0x00,
    0x07,0x00,0x00,
    0x07,0x00,0x00,
    0x07,0x00,0x00,
    0x07,0x00,0x00,
    0x07,0x00,0x00,
    0x07,0x00,0x00,
    0x07,0x00,0x00,
    0x00,0x00,0x00,
    0x00,0x00,0x00,
    0x00,0x00,0x00,
    0x00,0x00,0x00,
    0x00,0x00,0x00,
    0x00,0x00,0x00,
  },
{
    0x00,0x00,0x00,
    0x0F,0xC0,0x00,
    0x1F,0xE0,0x00,
    0x3F,0xF0,0x00,
    0x7C,0xF8,0x00,
    0x78,0x78,0x00,
    0x70,0x78,0x00,
    0x70,0x78,0x00,
    0x00,0xF0,0x00,
    0x01,0xF0,0x00,
    0x03,0xE0,0x00,
    0x0F,0x80,0x00,
    0x1F,0x00,0x00,
    0x3C,0x00,0x00,
    0x78,0x00,0x00,
    0x7F,0xF8,0x00,
    0x7F,0xF8,0x00,
    0xFF,0xF8,0x00,
    0x00,0x00,0x00,
    0x00,0x00,0x00,
    0x00,0x00,0x00,
    0x00,0x00,0x00,
    0x00,0x00,0x00,
    0x00,0x00,0x00,
  },
{
    0x00,0x00,0x00,
    0x0F,0x80,0x00,
    0x1F,0xE0,0x00,
    0x3F,0xF0,0x00,
    0x78,0xF0,0x00,
    0x70,0x70,0x00,
    0x70,0x70,0x00,
    0x00,0xF0,0x00,
    0x07,0xE0,0x00,
    0x07,0xE0,0x00,
    0x00,0xF0,0x00,
    0x00,0x78,0x00,
    0xF0,0x78,0x00,
    0x70,0x78,0x00,
    0x78,0xF8,0x00,
    0x7F,0xF0,0x00,
    0x3F,0xE0,0x00,
    0x0F,0xC0,0x00,
    0x00,0x00,0x00,
    0x00,0x00,0x00,
    0x00,0x00,0x00,
    0x00,0x00,0x00,
    0x00,0x00,0x00,
    0x00,0x00,0x00,
  },
{
    0x00,0x00,0x00,
    0x01,0xE0,0x00,
    0x03,0xE0,0x00,
    0x03,0xE0,0x00,
    0x07,0xE0,0x00,
    0x0F,0xE0,0x00,
    0x0D,0xE0,0x00,
    0x1D,0xE0,0x00,
    0x39,0xE0,0x00,
    0x71,0xE0,0x00,
    0x71,0xE0,0x00,
    0xFF,0xF8,0x00,
    0xFF,0xF8,0x00,
    0xFF,0xF8,0x00,
    0x01,0xE0,0x00,
    0x01,0xE0,0x00,
    0x01,0xE0,0x00,
    0x01,0xE0,0x00,
    0x00,0x00,0x00,
    0x00,0x00,0x00,
    0x00,0x00,0x00,
    0x00,0x00,0x00,
    0x00,0x00,0x00,
    0x00,0x00,0x00,
  },
{
    0x00,0x00,0x00,
    0x3F,0xF0,0x00,
    0x3F,0xF0,0x00,
    0x3F,0xF0,0x00,
    0x38,0x00,0x00,
    0x38,0x00,0x00,
    0x3B,0xC0,0x00,
    0x7F,0xE0,0x00,
    0x7F,0xF0,0x00,
    0x78,0xF8,0x00,
    0x00,0x78,0x00,
    0x00,0x78,0x00,
    0x70,0x78,0x00,
    0xF0,0x78,0x00,
    0x78,0xF0,0x00,
    0x7F,0xF0,0x00,
    0x3F,0xE0,0x00,
    0x0F,0x80,0x00,
    0x00,0x00,0x00,
    0x00,0x00,0x00,
    0x00,0x00,0x00,
    0x00,0x00,0x00,
    0x00,0x00,0x00,
    0x00,0x00,0x00,
  },
{
    0x00,0x00,0x00,
    0x07,0xC0,0x00,
    0x1F,0xE0,0x00,
    0x3F,0xF0,0x00,
    0x3C,0xF0,0x00,
    0x78,0x78,0x00,
    0x77,0xC0,0x00,
    0x7F,0xE0,0x00,
    0xFF,0xF0,0x00,
    0xF8,0xF8,0x00,
    0xF8,0x78,0x00,
    0x70,0x78,0x00,
    0x70,0x78,0x00,
    0x78,0x78,0x00,
    0x7C,0xF0,0x00,
    0x3F,0xF0,0x00,
    0x1F,0xE0,0x00,
    0x0F,0x80,0x00,
    0x00,0x00,0x00,
    0x00,0x00,0x00,
    0x00,0x00,0x00,
    0x00,0x00,0x00,
    0x00,0x00,0x00,
    0x00,0x00,0x00,
  },
{
    0x00,0x00,0x00,
    0x7F,0xF0,0x00,
    0x7F,0xF0,0x00,
    0x7F,0xF0,0x00,
    0x00,0xF0,0x00,
    0x00,0xE0,0x00,
    0x01,0xC0,0x00,
    0x03,0xC0,0x00,
    0x03,0x80,0x00,
    0x07,0x80,0x00,
    0x07,0x00,0x00,
    0x07,0x00,0x00,
    0x0F,0x00,0x00,
    0x0F,0x00,0x00,
    0x0E,0x00,0x00,
    0x0E,0x00,0x00,
    0x1E,0x00,0x00,
    0x1E,0x00,0x00,
    0x00,0x00,0x00,
    0x00,0x00,0x00,
    0x00,0x00,0x00,
    0x00,0x00,0x00,
    0x00,0x00,0x00,
    0x00,0x00,0x00,
  },
{
    0x00,0x00,0x00,
    0x0F,0x80,0x00,
    0x3F,0xE0,0x00,
    0x3F,0xF0,0x00,
    0x78,0xF0,0x00,
    0x70,0x70,0x00,
    0x70,0x70,0x00,
    0x38,0xF0,0x00,
    0x1F,0xE0,0x00,
    0x3F,0xE0,0x00,
    0x78,0xF0,0x00,
    0x70,0x78,0x00,
    0xF0,0x78,0x00,
    0xF0,0x78,0x00,
    0xF0,0x78,0x00,
    0x78,0xF8,0x00,
    0x7F,0xF0,0x00,
    0x3F,0xE0,0x00,
    0x0F,0xC0,0x00,
    0x00,0x00,0x00,
    0x00,0x00,0x00,
    0x00,0x00,0x00,
    0x00,0x00,0x00,
    0x00,0x00,0x00,
  },
{
    0x00,0x00,0x00,
    0x0F,0x80,0x00,
    0x3F,0xC0,0x00,
    0x3F,0xE0,0x00,
    0x78,0xF0,0x00,
    0x70,0x70,0x00,
    0xF0,0x78,0x00,
    0xF0,0x78,0x00,
    0x70,0x78,0x00,
    0x78,0xF8,0x00,
    0x7F,0xF8,0x00,
    0x3F,0xF8,0x00,
    0x1F,0x78,0x00,
    0x00,0x70,0x00,
    0x70,0xF0,0x00,
    0x78,0xF0,0x00,
    0x3F,0xE0,0x00,
    0x3F,0xC0,0x00,
    0x0F,0x80,0x00,
    0x00,0x00,0x00,
    0x00,0x00,0x00,
    0x00,0x00,0x00,
    0x00,0x00,0x00,
    0x00,0x00,0x00,
  },
{
    0x00,0x00,0x00,
    0x00,0x00,0x00,
    0x00,0x00,0x00,
    0x00,0x00,0x00,
    0x00,0x00,0x00,
    0x00,0x00,0x00,
    0x00,0x00,0x00,
    0x00,0x00,0x00,
    0x00,0x00,0x00,
    0x00,0x00,0x00,
    0x00,0x00,0x00,
    0x00,0x00,0x00,
    0x00,0x00,0x00,
    0x00,0x00,0x00,
    0x00,0x00,0x00,
    0x00,0x00,0x00,
    0x00,0x00,0x00,
    0x00,0x00,0x00,
    0x00,0x00,0x00,
    0x00,0x00,0x00,
    0x00,0x00,0x00,
    0x00,0x00,0x00,
    0x00,0x00,0x00,
    0x00,0x00,0x00,
  },
{
    0x00,0x00,0x00,
    0x00,0x00,0x00,
    0x00,0x00,0x00,
    0x00,0x00,0x00,
    0x00,0x00,0x00,
    0x00,0x00,0x00,
    0x00,0x00,0x00,
    0x00,0x00,0x00,
    0x00,0x00,0x00,
    0x70,0x00,0x00,
    0xF0,0x00,0x00,
    0xF0,0x00,0x00,
    0x70,0x00,0x00,
    0x00,0x00,0x00,
    0x00,0x00,0x00,
    0x00,0x00,0x00,
    0x00,0x00,0x00,
    0x00,0x00,0x00,
    0x00,0x00,0x00,
    0x00,0x00,0x00,
    0x00,0x00,0x00,
    0x00,0x00,0x00,
    0x00,0x00,0x00,
    0x00,0x00,0x00,
  },
{
    0x01,0xC0,0x00,
    0x01,0xC0,0x00,
    0x03,0x80,0x00,
    0x03,0x80,0x00,
    0x03,0x80,0x00,
    0x07,0x00,0x00,
    0x07,0x00,0x00,
    0x06,0x00,0x00,
    0x0E,0x00,0x00,
    0x0E,0x00,0x00,
    0x1C,0x00,0x00,
    0x1C,0x00,0x00,
    0x1C,0x00,0x00,
    0x38,0x00,0x00,
    0x38,0x00,0x00,
    0x30,0x00,0x00,
    0x70,0x00,0x00,
    0x70,0x00,0x00,
    0x00,0x00,0x00,
    0x00,0x00,0x00,
    0x00,0x00,0x00,
    0x00,0x00,0x00,
    0x00,0x00,0x00,
    0x00,0x00,0x00,
  }
};
const uint8_t *cal_font_l24_get(uint32_t cp, int *adv)
{
    for (unsigned i = 0; i < sizeof(cal_font_l24_cps) / sizeof(uint32_t); i++) {
        if (cal_font_l24_cps[i] != cp) continue;
        if (adv) *adv = cal_font_l24_adv[i];
        return cal_font_l24_rows[i];
    }
    if (adv) *adv = 0;
    return NULL;
}

// ---- d32：0123456789 @ 32x32 ----   整表字号 34（基线 24，下降余量 8）
static const uint32_t cal_font_d32_cps[10] = { 0x30, 0x31, 0x32, 0x33, 0x34, 0x35, 0x36, 0x37, 0x38, 0x39 };
static const uint8_t cal_font_d32_adv[10] = { 19, 19, 19, 19, 19, 19, 19, 19, 19, 19 };
static const uint8_t cal_font_d32_rows[10][128] = {
  {
    0x07,0xF0,0x00,0x00,
    0x0F,0xF8,0x00,0x00,
    0x1F,0xFC,0x00,0x00,
    0x3E,0x3E,0x00,0x00,
    0x3C,0x1E,0x00,0x00,
    0x78,0x0F,0x00,0x00,
    0x78,0x0F,0x00,0x00,
    0x78,0x0F,0x00,0x00,
    0xF0,0x07,0x00,0x00,
    0xF0,0x07,0x80,0x00,
    0xF0,0x07,0x80,0x00,
    0xF0,0x07,0x80,0x00,
    0xF0,0x07,0x80,0x00,
    0xF0,0x07,0x80,0x00,
    0xF0,0x07,0x80,0x00,
    0xF0,0x07,0x00,0x00,
    0x78,0x0F,0x00,0x00,
    0x78,0x0F,0x00,0x00,
    0x78,0x0F,0x00,0x00,
    0x3C,0x1E,0x00,0x00,
    0x3E,0x3E,0x00,0x00,
    0x1F,0xFC,0x00,0x00,
    0x0F,0xF8,0x00,0x00,
    0x07,0xF0,0x00,0x00,
    0x00,0x00,0x00,0x00,
    0x00,0x00,0x00,0x00,
    0x00,0x00,0x00,0x00,
    0x00,0x00,0x00,0x00,
    0x00,0x00,0x00,0x00,
    0x00,0x00,0x00,0x00,
    0x00,0x00,0x00,0x00,
    0x00,0x00,0x00,0x00,
  },
{
    0x00,0xE0,0x00,0x00,
    0x01,0xE0,0x00,0x00,
    0x03,0xE0,0x00,0x00,
    0x0F,0xE0,0x00,0x00,
    0x7F,0xE0,0x00,0x00,
    0x7F,0xE0,0x00,0x00,
    0x7F,0xE0,0x00,0x00,
    0x01,0xE0,0x00,0x00,
    0x01,0xE0,0x00,0x00,
    0x01,0xE0,0x00,0x00,
    0x01,0xE0,0x00,0x00,
    0x01,0xE0,0x00,0x00,
    0x01,0xE0,0x00,0x00,
    0x01,0xE0,0x00,0x00,
    0x01,0xE0,0x00,0x00,
    0x01,0xE0,0x00,0x00,
    0x01,0xE0,0x00,0x00,
    0x01,0xE0,0x00,0x00,
    0x01,0xE0,0x00,0x00,
    0x01,0xE0,0x00,0x00,
    0x01,0xE0,0x00,0x00,
    0x01,0xE0,0x00,0x00,
    0x01,0xE0,0x00,0x00,
    0x01,0xE0,0x00,0x00,
    0x00,0x00,0x00,0x00,
    0x00,0x00,0x00,0x00,
    0x00,0x00,0x00,0x00,
    0x00,0x00,0x00,0x00,
    0x00,0x00,0x00,0x00,
    0x00,0x00,0x00,0x00,
    0x00,0x00,0x00,0x00,
    0x00,0x00,0x00,0x00,
  },
{
    0x03,0xF0,0x00,0x00,
    0x0F,0xFC,0x00,0x00,
    0x1F,0xFE,0x00,0x00,
    0x3E,0x1F,0x00,0x00,
    0x3C,0x0F,0x00,0x00,
    0x78,0x0F,0x00,0x00,
    0x78,0x07,0x80,0x00,
    0x78,0x07,0x80,0x00,
    0x78,0x0F,0x80,0x00,
    0x00,0x0F,0x00,0x00,
    0x00,0x1F,0x00,0x00,
    0x00,0x3E,0x00,0x00,
    0x00,0x7E,0x00,0x00,
    0x00,0xFC,0x00,0x00,
    0x03,0xF8,0x00,0x00,
    0x07,0xE0,0x00,0x00,
    0x0F,0xC0,0x00,0x00,
    0x1F,0x00,0x00,0x00,
    0x3E,0x00,0x00,0x00,
    0x7C,0x00,0x00,0x00,
    0x78,0x00,0x00,0x00,
    0x7F,0xFF,0x80,0x00,
    0xFF,0xFF,0x80,0x00,
    0xFF,0xFF,0x80,0x00,
    0x00,0x00,0x00,0x00,
    0x00,0x00,0x00,0x00,
    0x00,0x00,0x00,0x00,
    0x00,0x00,0x00,0x00,
    0x00,0x00,0x00,0x00,
    0x00,0x00,0x00,0x00,
    0x00,0x00,0x00,0x00,
    0x00,0x00,0x00,0x00,
  },
{
    0x07,0xF0,0x00,0x00,
    0x1F,0xF8,0x00,0x00,
    0x3F,0xFE,0x00,0x00,
    0x3E,0x3E,0x00,0x00,
    0x78,0x1F,0x00,0x00,
    0x78,0x0F,0x00,0x00,
    0x78,0x0F,0x00,0x00,
    0x70,0x0F,0x00,0x00,
    0x00,0x1E,0x00,0x00,
    0x00,0x3E,0x00,0x00,
    0x01,0xFC,0x00,0x00,
    0x01,0xFC,0x00,0x00,
    0x01,0xFE,0x00,0x00,
    0x00,0x1F,0x00,0x00,
    0x00,0x0F,0x00,0x00,
    0x00,0x07,0x80,0x00,
    0xF0,0x07,0x80,0x00,
    0xF0,0x07,0x80,0x00,
    0xF0,0x07,0x80,0x00,
    0x78,0x0F,0x00,0x00,
    0x7C,0x1F,0x00,0x00,
    0x3F,0xFE,0x00,0x00,
    0x1F,0xFC,0x00,0x00,
    0x07,0xF0,0x00,0x00,
    0x00,0x00,0x00,0x00,
    0x00,0x00,0x00,0x00,
    0x00,0x00,0x00,0x00,
    0x00,0x00,0x00,0x00,
    0x00,0x00,0x00,0x00,
    0x00,0x00,0x00,0x00,
    0x00,0x00,0x00,0x00,
    0x00,0x00,0x00,0x00,
  },
{
    0x00,0x1E,0x00,0x00,
    0x00,0x3E,0x00,0x00,
    0x00,0x7E,0x00,0x00,
    0x00,0xFE,0x00,0x00,
    0x00,0xFE,0x00,0x00,
    0x01,0xDE,0x00,0x00,
    0x03,0xDE,0x00,0x00,
    0x03,0x9E,0x00,0x00,
    0x07,0x1E,0x00,0x00,
    0x0F,0x1E,0x00,0x00,
    0x1E,0x1E,0x00,0x00,
    0x1C,0x1E,0x00,0x00,
    0x3C,0x1E,0x00,0x00,
    0x78,0x1E,0x00,0x00,
    0x70,0x1E,0x00,0x00,
    0x7F,0xFF,0xC0,0x00,
    0x7F,0xFF,0xC0,0x00,
    0x7F,0xFF,0xC0,0x00,
    0x00,0x1E,0x00,0x00,
    0x00,0x1E,0x00,0x00,
    0x00,0x1E,0x00,0x00,
    0x00,0x1E,0x00,0x00,
    0x00,0x1E,0x00,0x00,
    0x00,0x1E,0x00,0x00,
    0x00,0x00,0x00,0x00,
    0x00,0x00,0x00,0x00,
    0x00,0x00,0x00,0x00,
    0x00,0x00,0x00,0x00,
    0x00,0x00,0x00,0x00,
    0x00,0x00,0x00,0x00,
    0x00,0x00,0x00,0x00,
    0x00,0x00,0x00,0x00,
  },
{
    0x1F,0xFF,0x00,0x00,
    0x1F,0xFF,0x00,0x00,
    0x1F,0xFF,0x00,0x00,
    0x3C,0x00,0x00,0x00,
    0x3C,0x00,0x00,0x00,
    0x3C,0x00,0x00,0x00,
    0x3C,0x00,0x00,0x00,
    0x38,0x00,0x00,0x00,
    0x79,0xF0,0x00,0x00,
    0x7F,0xFC,0x00,0x00,
    0x7F,0xFE,0x00,0x00,
    0x7C,0x3F,0x00,0x00,
    0x78,0x0F,0x00,0x00,
    0x00,0x0F,0x80,0x00,
    0x00,0x07,0x80,0x00,
    0x00,0x07,0x80,0x00,
    0x00,0x07,0x80,0x00,
    0xF0,0x07,0x80,0x00,
    0xF8,0x0F,0x00,0x00,
    0x78,0x0F,0x00,0x00,
    0x7C,0x1E,0x00,0x00,
    0x3F,0xFE,0x00,0x00,
    0x1F,0xFC,0x00,0x00,
    0x07,0xF0,0x00,0x00,
    0x00,0x00,0x00,0x00,
    0x00,0x00,0x00,0x00,
    0x00,0x00,0x00,0x00,
    0x00,0x00,0x00,0x00,
    0x00,0x00,0x00,0x00,
    0x00,0x00,0x00,0x00,
    0x00,0x00,0x00,0x00,
    0x00,0x00,0x00,0x00,
  },
{
    0x03,0xF0,0x00,0x00,
    0x0F,0xFC,0x00,0x00,
    0x1F,0xFE,0x00,0x00,
    0x3E,0x1E,0x00,0x00,
    0x3C,0x0F,0x00,0x00,
    0x78,0x0F,0x00,0x00,
    0x78,0x0F,0x00,0x00,
    0x78,0x00,0x00,0x00,
    0xF1,0xF0,0x00,0x00,
    0xF7,0xFC,0x00,0x00,
    0xFF,0xFE,0x00,0x00,
    0xFE,0x3F,0x00,0x00,
    0xFC,0x0F,0x00,0x00,
    0xF8,0x0F,0x00,0x00,
    0xF8,0x07,0x80,0x00,
    0xF8,0x07,0x80,0x00,
    0xF8,0x07,0x80,0x00,
    0x78,0x07,0x80,0x00,
    0x78,0x0F,0x00,0x00,
    0x7C,0x0F,0x00,0x00,
    0x3E,0x3F,0x00,0x00,
    0x1F,0xFE,0x00,0x00,
    0x0F,0xFC,0x00,0x00,
    0x03,0xF0,0x00,0x00,
    0x00,0x00,0x00,0x00,
    0x00,0x00,0x00,0x00,
    0x00,0x00,0x00,0x00,
    0x00,0x00,0x00,0x00,
    0x00,0x00,0x00,0x00,
    0x00,0x00,0x00,0x00,
    0x00,0x00,0x00,0x00,
    0x00,0x00,0x00,0x00,
  },
{
    0xFF,0xFF,0x80,0x00,
    0xFF,0xFF,0x80,0x00,
    0xFF,0xFF,0x80,0x00,
    0x00,0x0F,0x00,0x00,
    0x00,0x1F,0x00,0x00,
    0x00,0x3E,0x00,0x00,
    0x00,0x3C,0x00,0x00,
    0x00,0x78,0x00,0x00,
    0x00,0xF8,0x00,0x00,
    0x00,0xF0,0x00,0x00,
    0x01,0xE0,0x00,0x00,
    0x01,0xE0,0x00,0x00,
    0x03,0xC0,0x00,0x00,
    0x03,0xC0,0x00,0x00,
    0x03,0xC0,0x00,0x00,
    0x07,0x80,0x00,0x00,
    0x07,0x80,0x00,0x00,
    0x0F,0x80,0x00,0x00,
    0x0F,0x00,0x00,0x00,
    0x0F,0x00,0x00,0x00,
    0x0F,0x00,0x00,0x00,
    0x0F,0x00,0x00,0x00,
    0x1F,0x00,0x00,0x00,
    0x1F,0x00,0x00,0x00,
    0x00,0x00,0x00,0x00,
    0x00,0x00,0x00,0x00,
    0x00,0x00,0x00,0x00,
    0x00,0x00,0x00,0x00,
    0x00,0x00,0x00,0x00,
    0x00,0x00,0x00,0x00,
    0x00,0x00,0x00,0x00,
    0x00,0x00,0x00,0x00,
  },
{
    0x07,0xF0,0x00,0x00,
    0x1F,0xFC,0x00,0x00,
    0x3F,0xFE,0x00,0x00,
    0x3E,0x3E,0x00,0x00,
    0x78,0x0F,0x00,0x00,
    0x78,0x0F,0x00,0x00,
    0x78,0x0F,0x00,0x00,
    0x78,0x0F,0x00,0x00,
    0x78,0x0E,0x00,0x00,
    0x3E,0x3E,0x00,0x00,
    0x1F,0xFC,0x00,0x00,
    0x0F,0xF8,0x00,0x00,
    0x3F,0xFE,0x00,0x00,
    0x7C,0x1F,0x00,0x00,
    0xF8,0x0F,0x00,0x00,
    0xF0,0x07,0x80,0x00,
    0xF0,0x07,0x80,0x00,
    0xF0,0x07,0x80,0x00,
    0xF0,0x07,0x80,0x00,
    0xF8,0x0F,0x00,0x00,
    0x7C,0x1F,0x00,0x00,
    0x3F,0xFE,0x00,0x00,
    0x1F,0xFC,0x00,0x00,
    0x07,0xF0,0x00,0x00,
    0x00,0x00,0x00,0x00,
    0x00,0x00,0x00,0x00,
    0x00,0x00,0x00,0x00,
    0x00,0x00,0x00,0x00,
    0x00,0x00,0x00,0x00,
    0x00,0x00,0x00,0x00,
    0x00,0x00,0x00,0x00,
    0x00,0x00,0x00,0x00,
  },
{
    0x07,0xF0,0x00,0x00,
    0x1F,0xF8,0x00,0x00,
    0x3F,0xFC,0x00,0x00,
    0x7C,0x3E,0x00,0x00,
    0x78,0x1F,0x00,0x00,
    0xF8,0x0F,0x00,0x00,
    0xF0,0x0F,0x00,0x00,
    0xF0,0x0F,0x00,0x00,
    0xF0,0x0F,0x80,0x00,
    0xF0,0x0F,0x80,0x00,
    0xF8,0x0F,0x80,0x00,
    0x78,0x1F,0x80,0x00,
    0x7C,0x3F,0x80,0x00,
    0x3F,0xFF,0x80,0x00,
    0x1F,0xF7,0x80,0x00,
    0x07,0xC7,0x00,0x00,
    0x00,0x0F,0x00,0x00,
    0x78,0x0F,0x00,0x00,
    0x78,0x0F,0x00,0x00,
    0x78,0x1E,0x00,0x00,
    0x3C,0x3E,0x00,0x00,
    0x3F,0xFC,0x00,0x00,
    0x1F,0xF8,0x00,0x00,
    0x07,0xE0,0x00,0x00,
    0x00,0x00,0x00,0x00,
    0x00,0x00,0x00,0x00,
    0x00,0x00,0x00,0x00,
    0x00,0x00,0x00,0x00,
    0x00,0x00,0x00,0x00,
    0x00,0x00,0x00,0x00,
    0x00,0x00,0x00,0x00,
    0x00,0x00,0x00,0x00,
  }
};
const uint8_t *cal_font_d32_get(uint32_t cp, int *adv)
{
    for (unsigned i = 0; i < sizeof(cal_font_d32_cps) / sizeof(uint32_t); i++) {
        if (cal_font_d32_cps[i] != cp) continue;
        if (adv) *adv = cal_font_d32_adv[i];
        return cal_font_d32_rows[i];
    }
    if (adv) *adv = 0;
    return NULL;
}
